latitude,longitude,path,row,scan,track,acq_date,acq_time,satellite,confidence,daynight
45.057294,-66.751303,010,029,5249,2188,2026-04-06,1513,L8,H,D
45.057564,-66.751292,010,029,5249,2187,2026-04-06,1513,L8,H,D
48.253292,-79.021703,018,027,2742,929,2026-04-06,1602,L9,M,D
48.253292,-79.021703,018,026,1532,6219,2026-04-06,1602,L9,M,D
48.253562,-79.021692,018,027,2742,928,2026-04-06,1602,L9,M,D
48.253562,-79.021692,018,026,1532,6218,2026-04-06,1602,L9,M,D
42.907995,-79.383757,018,030,5985,4895,2026-04-06,1603,L9,M,D
42.908,-79.384124,018,030,5984,4895,2026-04-06,1603,L9,L,D
43.121751,-79.173099,018,030,6541,4092,2026-04-06,1603,L9,H,D
43.121757,-79.173468,018,030,6540,4092,2026-04-06,1603,L9,H,D
43.132446,-79.324744,018,030,6129,4061,2026-04-06,1603,L9,H,D
43.132452,-79.325113,018,030,6128,4061,2026-04-06,1603,L9,L,D
43.132716,-79.324737,018,030,6129,4060,2026-04-06,1603,L9,H,D
43.132722,-79.325105,018,030,6128,4060,2026-04-06,1603,L9,M,D
43.197429,-79.192627,018,030,6482,3813,2026-04-06,1603,L9,M,D
43.268083,-79.799743,018,030,4834,3581,2026-04-06,1603,L9,M,D
43.2684,-79.804173,018,030,4822,3580,2026-04-06,1603,L9,H,D
43.273757,-79.82588,018,030,4763,3561,2026-04-06,1603,L9,H,D
43.273761,-79.82625,018,030,4762,3561,2026-04-06,1603,L9,H,D
43.277257,-79.824704,018,030,4766,3548,2026-04-06,1603,L9,H,D
43.277527,-79.824699,018,030,4766,3547,2026-04-06,1603,L9,H,D
43.674289,-79.476837,018,029,4420,7343,2026-04-06,1603,L9,H,D
43.792831,-79.213183,018,029,5119,6890,2026-04-06,1603,L9,H,D
43.792831,-79.213183,018,030,6379,1610,2026-04-06,1603,L9,H,D
43.858959,-79.061145,018,029,5521,6636,2026-04-06,1603,L9,H,D
43.858959,-79.061145,018,030,6781,1356,2026-04-06,1603,L9,H,D
43.872124,-79.240312,018,030,6300,1318,2026-04-06,1603,L9,H,D
43.872124,-79.240312,018,029,5040,6598,2026-04-06,1603,L9,H,D
43.872394,-79.240304,018,030,6300,1317,2026-04-06,1603,L9,H,D
43.872394,-79.240304,018,029,5040,6597,2026-04-06,1603,L9,H,D
43.924107,-78.740637,018,029,6373,6373,2026-04-06,1603,L9,H,D
44.404388,-78.559844,018,029,6804,4581,2026-04-06,1603,L9,H,D
44.443046,-78.511487,018,029,6928,4434,2026-04-06,1603,L9,H,D
44.494277,-79.897122,018,029,3250,4325,2026-04-06,1603,L9,H,D
44.494547,-79.897117,018,029,3250,4324,2026-04-06,1603,L9,H,D
44.511565,-79.064915,018,029,5454,4220,2026-04-06,1603,L9,H,D
44.544258,-79.898822,018,029,3243,4140,2026-04-06,1603,L9,H,D
44.544262,-79.8992,018,029,3242,4140,2026-04-06,1603,L9,H,D
44.544528,-79.898817,018,029,3243,4139,2026-04-06,1603,L9,H,D
44.593826,-80.002586,018,029,2966,3960,2026-04-06,1603,L9,H,D
37.973436,-80.75959,018,033,6151,7364,2026-04-06,1604,L9,H,D
38.158901,-81.66575,018,033,3503,6672,2026-04-06,1604,L9,L,D
38.159171,-81.665752,018,033,3503,6671,2026-04-06,1604,L9,H,D
38.159173,-81.66541,018,033,3504,6671,2026-04-06,1604,L9,H,D
38.15944,-81.666097,018,033,3502,6670,2026-04-06,1604,L9,H,D
38.159442,-81.665754,018,033,3503,6670,2026-04-06,1604,L9,H,D
38.159443,-81.665412,018,033,3504,6670,2026-04-06,1604,L9,H,D
38.15971,-81.666099,018,033,3502,6669,2026-04-06,1604,L9,H,D
38.159712,-81.665757,018,033,3503,6669,2026-04-06,1604,L9,H,D
38.159714,-81.665415,018,033,3504,6669,2026-04-06,1604,L9,H,D
38.159982,-81.665759,018,033,3503,6668,2026-04-06,1604,L9,H,D
38.185194,-81.54815,018,033,3847,6577,2026-04-06,1604,L9,H,D
38.185465,-81.548152,018,033,3847,6576,2026-04-06,1604,L9,H,D
38.185466,-81.547809,018,033,3848,6576,2026-04-06,1604,L9,L,D
38.279205,-80.957182,018,033,5572,6234,2026-04-06,1604,L9,H,D
38.366197,-82.597899,018,033,794,5872,2026-04-06,1604,L9,H,D
38.378145,-82.594041,018,033,806,5828,2026-04-06,1604,L9,H,D
38.378415,-82.594047,018,033,806,5827,2026-04-06,1604,L9,H,D
38.383219,-82.598617,018,033,793,5809,2026-04-06,1604,L9,H,D
38.46071,-81.931904,018,033,2737,5549,2026-04-06,1604,L9,H,D
38.537995,-81.969732,018,033,2630,5262,2026-04-06,1604,L9,L,D
38.537997,-81.969387,018,033,2631,5262,2026-04-06,1604,L9,H,D
38.538611,-82.771396,018,033,301,5225,2026-04-06,1604,L9,M,D
38.60203,-81.00936,018,033,5420,5040,2026-04-06,1604,L9,L,D
38.709172,-82.347087,018,033,1543,4615,2026-04-06,1604,L9,H,D
38.70918,-82.346397,018,033,1545,4615,2026-04-06,1604,L9,L,D
38.709184,-82.346052,018,033,1546,4615,2026-04-06,1604,L9,H,D
38.709442,-82.347092,018,033,1543,4614,2026-04-06,1604,L9,H,D
38.709446,-82.346747,018,033,1544,4614,2026-04-06,1604,L9,H,D
38.70945,-82.346402,018,033,1545,4614,2026-04-06,1604,L9,H,D
38.709454,-82.346057,018,033,1546,4614,2026-04-06,1604,L9,H,D
38.709724,-82.346062,018,033,1546,4613,2026-04-06,1604,L9,H,D
38.865643,-81.868009,018,033,2937,4053,2026-04-06,1604,L9,L,D
38.865914,-81.868013,018,033,2937,4052,2026-04-06,1604,L9,H,D
38.865916,-81.867667,018,033,2938,4052,2026-04-06,1604,L9,H,D
38.866184,-81.868016,018,033,2937,4051,2026-04-06,1604,L9,H,D
38.946421,-82.630577,018,033,737,3724,2026-04-06,1604,L9,L,D
38.946426,-82.630231,018,033,738,3724,2026-04-06,1604,L9,H,D
38.982904,-80.726426,018,033,6237,3630,2026-04-06,1604,L9,M,D
38.983174,-80.726425,018,033,6237,3629,2026-04-06,1604,L9,M,D
39.105701,-80.568775,018,033,6690,3174,2026-04-06,1604,L9,H,D
39.105972,-80.568773,018,033,6690,3173,2026-04-06,1604,L9,H,D
39.113504,-80.926145,018,033,5660,3148,2026-04-06,1604,L9,M,D
39.113504,-80.925798,018,033,5661,3148,2026-04-06,1604,L9,H,D
39.113774,-80.925798,018,033,5661,3147,2026-04-06,1604,L9,H,D
39.113775,-80.926145,018,033,5660,3147,2026-04-06,1604,L9,M,D
39.365205,-80.99762,018,033,5454,2217,2026-04-06,1604,L9,H,D
39.365475,-80.99762,018,033,5454,2216,2026-04-06,1604,L9,H,D
39.366016,-80.998317,018,033,5452,2214,2026-04-06,1604,L9,L,D
39.366016,-80.997969,018,033,5453,2214,2026-04-06,1604,L9,H,D
39.366016,-80.99762,018,033,5454,2214,2026-04-06,1604,L9,M,D
39.366827,-80.999362,018,033,5449,2211,2026-04-06,1604,L9,H,D
40.452557,-80.283616,018,032,6182,3466,2026-04-06,1604,L9,H,D
40.452827,-80.283613,018,032,6182,3465,2026-04-06,1604,L9,H,D
40.453739,-81.229326,018,032,3509,3469,2026-04-06,1604,L9,H,D
40.866618,-81.566446,018,032,2566,1937,2026-04-06,1604,L9,M,D
40.866889,-81.566448,018,032,2566,1936,2026-04-06,1604,L9,H,D
40.86689,-81.566092,018,032,2567,1936,2026-04-06,1604,L9,L,D
40.916114,-80.996497,018,032,4167,1759,2026-04-06,1604,L9,L,D
40.916114,-80.996497,018,031,2877,7029,2026-04-06,1604,L9,L,D
40.940651,-81.113749,018,032,3838,1668,2026-04-06,1604,L9,H,D
40.940651,-81.113749,018,031,2548,6938,2026-04-06,1604,L9,H,D
40.969894,-81.864687,018,032,1732,1548,2026-04-06,1604,L9,L,D
41.472493,-81.6669,018,031,1011,4963,2026-04-06,1604,L9,H,D
41.472763,-81.666902,018,031,1011,4962,2026-04-06,1604,L9,H,D
35.10345,-81.874335,018,035,5421,7425,2026-04-06,1605,L9,L,D
35.10372,-81.874338,018,035,5421,7424,2026-04-06,1605,L9,L,D
35.190216,-82.170502,018,035,4525,7095,2026-04-06,1605,L9,H,D
35.337402,-81.984132,018,035,5096,6557,2026-04-06,1605,L9,L,D
35.337405,-81.983802,018,035,5097,6557,2026-04-06,1605,L9,L,D
35.782494,-83.528937,018,035,458,4828,2026-04-06,1605,L9,M,D
35.782758,-83.529277,018,035,457,4827,2026-04-06,1605,L9,L,D
35.782765,-83.528946,018,035,458,4827,2026-04-06,1605,L9,H,D
35.795797,-83.367054,018,035,947,4791,2026-04-06,1605,L9,L,D
35.795804,-83.366723,018,035,948,4791,2026-04-06,1605,L9,L,D
35.874674,-83.478375,018,035,619,4491,2026-04-06,1605,L9,H,D
35.874681,-83.478043,018,035,620,4491,2026-04-06,1605,L9,L,D
35.874945,-83.478384,018,035,619,4490,2026-04-06,1605,L9,H,D
35.903408,-83.474951,018,035,632,4385,2026-04-06,1605,L9,H,D
35.903415,-83.474619,018,035,633,4385,2026-04-06,1605,L9,H,D
35.903678,-83.474959,018,035,632,4384,2026-04-06,1605,L9,H,D
35.903685,-83.474627,018,035,633,4384,2026-04-06,1605,L9,H,D
35.904405,-83.399202,018,035,860,4387,2026-04-06,1605,L9,L,D
35.908978,-82.723548,018,035,2893,4413,2026-04-06,1605,L9,L,D
35.921252,-83.137409,018,035,1649,4343,2026-04-06,1605,L9,L,D
35.952289,-83.464836,018,035,667,4205,2026-04-06,1605,L9,M,D
35.952295,-83.464503,018,035,668,4205,2026-04-06,1605,L9,H,D
35.952559,-83.464844,018,035,667,4204,2026-04-06,1605,L9,H,D
35.952566,-83.464512,018,035,668,4204,2026-04-06,1605,L9,H,D
35.952829,-83.464853,018,035,667,4203,2026-04-06,1605,L9,H,D
35.952836,-83.46452,018,035,668,4203,2026-04-06,1605,L9,H,D
35.986293,-83.219018,018,035,1409,4097,2026-04-06,1605,L9,H,D
35.986563,-83.219025,018,035,1409,4096,2026-04-06,1605,L9,H,D
36.085931,-83.461675,018,035,689,3711,2026-04-06,1605,L9,H,D
36.095293,-82.482357,018,035,3629,3736,2026-04-06,1605,L9,L,D
36.095297,-82.482024,018,035,3630,3736,2026-04-06,1605,L9,H,D
36.138948,-82.428498,018,035,3793,3577,2026-04-06,1605,L9,M,D
36.139218,-82.428503,018,035,3793,3576,2026-04-06,1605,L9,L,D
36.181257,-82.888277,018,035,2417,3397,2026-04-06,1605,L9,H,D
36.181262,-82.887943,018,035,2418,3397,2026-04-06,1605,L9,H,D
36.195042,-82.485904,018,035,3624,3367,2026-04-06,1605,L9,L,D
36.208926,-82.644343,018,035,3150,3308,2026-04-06,1605,L9,H,D
36.270498,-83.262098,018,035,1304,3043,2026-04-06,1605,L9,L,D
36.270762,-83.26244,018,035,1303,3042,2026-04-06,1605,L9,H,D
36.270768,-83.262106,018,035,1304,3042,2026-04-06,1605,L9,H,D
36.270774,-83.261772,018,035,1305,3042,2026-04-06,1605,L9,H,D
36.271026,-83.262781,018,035,1302,3041,2026-04-06,1605,L9,H,D
36.271032,-83.262448,018,035,1303,3041,2026-04-06,1605,L9,H,D
36.271038,-83.262114,018,035,1304,3041,2026-04-06,1605,L9,H,D
36.271045,-83.26178,018,035,1305,3041,2026-04-06,1605,L9,M,D
36.271302,-83.262455,018,035,1303,3040,2026-04-06,1605,L9,H,D
36.308185,-83.030656,018,035,2000,2919,2026-04-06,1605,L9,H,D
36.308455,-83.030663,018,035,2000,2918,2026-04-06,1605,L9,H,D
36.308725,-83.03067,018,035,2000,2917,2026-04-06,1605,L9,L,D
36.339379,-83.222646,018,035,1428,2791,2026-04-06,1605,L9,L,D
36.369616,-82.430029,018,035,3801,2724,2026-04-06,1605,L9,H,D
36.373663,-83.028345,018,035,2012,2677,2026-04-06,1605,L9,H,D
36.373934,-83.028352,018,035,2012,2676,2026-04-06,1605,L9,H,D
36.390101,-82.134045,018,035,4687,2660,2026-04-06,1605,L9,H,D
36.390105,-82.13371,018,035,4688,2660,2026-04-06,1605,L9,M,D
36.392249,-82.135749,018,035,4682,2652,2026-04-06,1605,L9,L,D
36.441827,-82.287093,018,035,4232,2463,2026-04-06,1605,L9,H,D
36.44183,-82.286758,018,035,4233,2463,2026-04-06,1605,L9,H,D
36.446041,-82.220551,018,035,4431,2450,2026-04-06,1605,L9,H,D
36.446312,-82.220555,018,035,4431,2449,2026-04-06,1605,L9,M,D
36.512595,-82.544884,018,035,3466,2190,2026-04-06,1605,L9,H,D
36.512599,-82.544549,018,035,3467,2190,2026-04-06,1605,L9,H,D
36.512865,-82.544889,018,035,3466,2189,2026-04-06,1605,L9,H,D
36.51287,-82.544554,018,035,3467,2189,2026-04-06,1605,L9,H,D
36.512874,-82.544219,018,035,3468,2189,2026-04-06,1605,L9,H,D
36.512883,-82.543549,018,035,3470,2189,2026-04-06,1605,L9,H,D
36.570567,-82.734115,018,035,2905,1966,2026-04-06,1605,L9,L,D
36.580097,-82.3769,018,035,3971,1948,2026-04-06,1605,L9,H,D
36.592732,-82.658822,018,035,3131,1888,2026-04-06,1605,L9,L,D
36.610301,-82.127533,018,034,3396,7116,2026-04-06,1605,L9,L,D
36.610301,-82.127533,018,035,4716,1846,2026-04-06,1605,L9,L,D
36.610305,-82.127198,018,034,3397,7116,2026-04-06,1605,L9,H,D
36.610305,-82.127198,018,035,4717,1846,2026-04-06,1605,L9,H,D
36.683271,-83.09117,018,035,1849,1528,2026-04-06,1605,L9,H,D
36.683277,-83.090835,018,035,1850,1528,2026-04-06,1605,L9,L,D
36.707014,-83.078717,018,035,1888,1441,2026-04-06,1605,L9,L,D
36.791071,-81.686005,018,034,4717,6460,2026-04-06,1605,L9,H,D
36.791071,-81.686005,018,035,6037,1190,2026-04-06,1605,L9,H,D
36.791341,-81.686007,018,035,6037,1189,2026-04-06,1605,L9,H,D
36.791341,-81.686007,018,034,4717,6459,2026-04-06,1605,L9,H,D
36.791343,-81.685671,018,034,4718,6459,2026-04-06,1605,L9,L,D
36.791343,-81.685671,018,035,6038,1189,2026-04-06,1605,L9,L,D
36.795785,-81.79735,018,035,5706,1170,2026-04-06,1605,L9,H,D
36.795785,-81.79735,018,034,4386,6440,2026-04-06,1605,L9,H,D
36.795787,-81.797014,018,035,5707,1170,2026-04-06,1605,L9,L,D
36.795787,-81.797014,018,034,4387,6440,2026-04-06,1605,L9,L,D
36.944136,-81.462313,018,034,5385,5898,2026-04-06,1605,L9,H,D
36.944137,-81.461976,018,034,5386,5898,2026-04-06,1605,L9,L,D
36.944406,-81.462315,018,034,5385,5897,2026-04-06,1605,L9,H,D
36.944621,-81.932316,018,034,3990,5886,2026-04-06,1605,L9,H,D
37.032164,-81.793743,018,034,4404,5566,2026-04-06,1605,L9,H,D
37.090655,-82.352667,018,034,2750,5331,2026-04-06,1605,L9,H,D
37.091432,-83.143513,018,034,407,5285,2026-04-06,1605,L9,L,D
37.180467,-82.629011,018,034,1937,4986,2026-04-06,1605,L9,H,D
37.180472,-82.628673,018,034,1938,4986,2026-04-06,1605,L9,H,D
37.180738,-82.629017,018,034,1937,4985,2026-04-06,1605,L9,H,D
37.180742,-82.628679,018,034,1938,4985,2026-04-06,1605,L9,H,D
37.182126,-82.626343,018,034,1945,4980,2026-04-06,1605,L9,H,D
37.182397,-82.626349,018,034,1945,4979,2026-04-06,1605,L9,H,D
37.182672,-82.626017,018,034,1946,4978,2026-04-06,1605,L9,H,D
37.182676,-82.625679,018,034,1947,4978,2026-04-06,1605,L9,H,D
37.182942,-82.626022,018,034,1946,4977,2026-04-06,1605,L9,H,D
37.182947,-82.625685,018,034,1947,4977,2026-04-06,1605,L9,H,D
37.233895,-82.038678,018,034,3686,4813,2026-04-06,1605,L9,H,D
37.234448,-82.037333,018,034,3690,4811,2026-04-06,1605,L9,H,D
37.234451,-82.036995,018,034,3691,4811,2026-04-06,1605,L9,M,D
37.234721,-82.036998,018,034,3691,4810,2026-04-06,1605,L9,H,D
37.234724,-82.03666,018,034,3692,4810,2026-04-06,1605,L9,M,D
37.234995,-82.036664,018,034,3692,4809,2026-04-06,1605,L9,H,D
37.234998,-82.036326,018,034,3693,4809,2026-04-06,1605,L9,H,D
37.235268,-82.036329,018,034,3693,4808,2026-04-06,1605,L9,H,D
37.34112,-81.461687,018,034,5394,4430,2026-04-06,1605,L9,H,D
37.341122,-81.461349,018,034,5395,4430,2026-04-06,1605,L9,H,D
37.341123,-81.46101,018,034,5396,4430,2026-04-06,1605,L9,H,D
37.341391,-81.461689,018,034,5394,4429,2026-04-06,1605,L9,H,D
37.341392,-81.46135,018,034,5395,4429,2026-04-06,1605,L9,H,D
37.341393,-81.461012,018,034,5396,4429,2026-04-06,1605,L9,H,D
37.341663,-81.461352,018,034,5395,4428,2026-04-06,1605,L9,H,D
37.395455,-82.722444,018,034,1675,4186,2026-04-06,1605,L9,H,D
37.43875,-81.287637,018,034,5909,4071,2026-04-06,1605,L9,M,D
37.439021,-81.287638,018,034,5909,4070,2026-04-06,1605,L9,H,D
37.439022,-81.287299,018,034,5910,4070,2026-04-06,1605,L9,M,D
37.439022,-81.286959,018,034,5911,4070,2026-04-06,1605,L9,H,D
37.442261,-81.582703,018,034,5039,4054,2026-04-06,1605,L9,H,D
37.442263,-81.582364,018,034,5040,4054,2026-04-06,1605,L9,M,D
37.442531,-81.582705,018,034,5039,4053,2026-04-06,1605,L9,H,D
37.442533,-81.582366,018,034,5040,4053,2026-04-06,1605,L9,M,D
37.442802,-81.582707,018,034,5039,4052,2026-04-06,1605,L9,H,D
37.442803,-81.582368,018,034,5040,4052,2026-04-06,1605,L9,H,D
37.443074,-81.58237,018,034,5040,4051,2026-04-06,1605,L9,M,D
37.443629,-82.792047,018,034,1473,4004,2026-04-06,1605,L9,H,D
37.660849,-82.711894,018,034,1724,3205,2026-04-06,1605,L9,M,D
37.726818,-81.249937,018,034,6023,3006,2026-04-06,1605,L9,H,D
37.728866,-81.299309,018,034,5878,2998,2026-04-06,1605,L9,H,D
37.737159,-81.216605,018,034,6121,2968,2026-04-06,1605,L9,H,D
37.793951,-81.212,018,034,6135,2758,2026-04-06,1605,L9,M,D
37.797652,-82.287428,018,034,2979,2719,2026-04-06,1605,L9,L,D
37.797922,-82.287433,018,034,2979,2718,2026-04-06,1605,L9,M,D
37.797926,-82.287092,018,034,2980,2718,2026-04-06,1605,L9,H,D
37.908266,-82.35692,018,034,2781,2307,2026-04-06,1605,L9,M,D
37.973436,-80.75959,018,034,7461,2094,2026-04-06,1605,L9,H,D
38.158901,-81.66575,018,034,4813,1402,2026-04-06,1605,L9,L,D
38.159171,-81.665752,018,034,4813,1401,2026-04-06,1605,L9,H,D
38.159173,-81.66541,018,034,4814,1401,2026-04-06,1605,L9,H,D
38.15944,-81.666097,018,034,4812,1400,2026-04-06,1605,L9,H,D
38.159442,-81.665754,018,034,4813,1400,2026-04-06,1605,L9,H,D
38.159443,-81.665412,018,034,4814,1400,2026-04-06,1605,L9,H,D
38.15971,-81.666099,018,034,4812,1399,2026-04-06,1605,L9,H,D
38.159712,-81.665757,018,034,4813,1399,2026-04-06,1605,L9,H,D
38.159714,-81.665415,018,034,4814,1399,2026-04-06,1605,L9,H,D
38.159982,-81.665759,018,034,4813,1398,2026-04-06,1605,L9,H,D
38.185194,-81.54815,018,034,5157,1307,2026-04-06,1605,L9,H,D
38.185465,-81.548152,018,034,5157,1306,2026-04-06,1605,L9,H,D
38.185466,-81.547809,018,034,5158,1306,2026-04-06,1605,L9,L,D
38.366197,-82.597899,018,034,2104,602,2026-04-06,1605,L9,H,D
38.378145,-82.594041,018,034,2116,558,2026-04-06,1605,L9,H,D
38.378415,-82.594047,018,034,2116,557,2026-04-06,1605,L9,H,D
38.383219,-82.598617,018,034,2103,539,2026-04-06,1605,L9,H,D
31.333295,-83.25422,018,038,4938,5476,2026-04-06,1606,L9,L,D
31.333559,-83.254542,018,038,4937,5475,2026-04-06,1606,L9,H,D
31.333565,-83.254227,018,038,4938,5475,2026-04-06,1606,L9,H,D
31.333571,-83.253912,018,038,4939,5475,2026-04-06,1606,L9,L,D
31.33383,-83.254548,018,038,4937,5474,2026-04-06,1606,L9,H,D
31.333835,-83.254233,018,038,4938,5474,2026-04-06,1606,L9,L,D
31.336179,-83.032978,018,038,5640,5479,2026-04-06,1606,L9,L,D
31.33645,-83.032984,018,038,5640,5478,2026-04-06,1606,L9,H,D
31.378673,-83.243319,018,038,4976,5309,2026-04-06,1606,L9,H,D
31.512804,-82.642896,018,038,6887,4847,2026-04-06,1606,L9,H,D
31.513074,-82.642901,018,038,6887,4846,2026-04-06,1606,L9,L,D
31.581323,-82.741146,018,038,6580,4589,2026-04-06,1606,L9,L,D
31.746955,-82.779073,018,038,6470,3975,2026-04-06,1606,L9,H,D
31.74696,-82.778756,018,038,6471,3975,2026-04-06,1606,L9,H,D
31.74723,-82.778762,018,038,6471,3974,2026-04-06,1606,L9,L,D
32.157134,-82.489578,018,037,6055,7743,2026-04-06,1606,L9,L,D
32.157134,-82.489578,018,038,7405,2473,2026-04-06,1606,L9,L,D
32.157138,-82.48926,018,038,7406,2473,2026-04-06,1606,L9,H,D
32.157138,-82.48926,018,037,6056,7743,2026-04-06,1606,L9,H,D
32.157408,-82.489264,018,037,6056,7742,2026-04-06,1606,L9,L,D
32.157408,-82.489264,018,038,7406,2472,2026-04-06,1606,L9,L,D
32.651331,-83.674585,018,037,2375,5844,2026-04-06,1606,L9,L,D
32.651331,-83.674585,018,038,3725,574,2026-04-06,1606,L9,L,D
32.651338,-83.674265,018,037,2376,5844,2026-04-06,1606,L9,H,D
32.651338,-83.674265,018,038,3726,574,2026-04-06,1606,L9,H,D
32.845267,-82.345182,018,037,6541,5206,2026-04-06,1606,L9,H,D
32.84527,-82.344862,018,037,6542,5206,2026-04-06,1606,L9,H,D
32.845274,-82.344541,018,037,6543,5206,2026-04-06,1606,L9,L,D
32.845541,-82.344866,018,037,6542,5205,2026-04-06,1606,L9,L,D
33.126098,-82.490615,018,037,6102,4162,2026-04-06,1606,L9,L,D
33.667347,-83.683634,018,037,2443,2087,2026-04-06,1606,L9,H,D
33.667618,-83.683643,018,037,2443,2086,2026-04-06,1606,L9,H,D
34.062811,-82.157699,018,036,5846,5983,2026-04-06,1606,L9,H,D
34.062814,-82.157374,018,036,5847,5983,2026-04-06,1606,L9,H,D
34.062817,-82.157049,018,036,5848,5983,2026-04-06,1606,L9,H,D
34.063079,-82.158028,018,036,5845,5982,2026-04-06,1606,L9,L,D
34.063082,-82.157703,018,036,5846,5982,2026-04-06,1606,L9,H,D
34.063085,-82.157378,018,036,5847,5982,2026-04-06,1606,L9,H,D
34.063088,-82.157053,018,036,5848,5982,2026-04-06,1606,L9,H,D
34.063352,-82.157707,018,036,5846,5981,2026-04-06,1606,L9,H,D
34.063355,-82.157382,018,036,5847,5981,2026-04-06,1606,L9,H,D
34.063359,-82.157057,018,036,5848,5981,2026-04-06,1606,L9,L,D
34.093211,-83.638819,018,036,1292,5786,2026-04-06,1606,L9,L,D
34.093474,-83.639153,018,037,2621,515,2026-04-06,1606,L9,L,D
34.093481,-83.638828,018,037,2622,515,2026-04-06,1606,L9,H,D
34.093481,-83.638828,018,036,1292,5785,2026-04-06,1606,L9,L,D
34.318795,-83.625003,018,036,1356,4953,2026-04-06,1606,L9,H,D
34.318802,-83.624677,018,036,1357,4953,2026-04-06,1606,L9,H,D
34.319065,-83.625011,018,036,1356,4952,2026-04-06,1606,L9,H,D
34.319072,-83.624685,018,036,1357,4952,2026-04-06,1606,L9,H,D
34.319079,-83.62436,018,036,1358,4952,2026-04-06,1606,L9,H,D
34.319335,-83.625019,018,036,1356,4951,2026-04-06,1606,L9,H,D
34.319342,-83.624694,018,036,1357,4951,2026-04-06,1606,L9,H,D
34.319349,-83.624368,018,036,1358,4951,2026-04-06,1606,L9,H,D
34.319356,-83.624042,018,036,1359,4951,2026-04-06,1606,L9,H,D
34.319606,-83.625028,018,036,1356,4950,2026-04-06,1606,L9,L,D
34.319613,-83.624702,018,036,1357,4950,2026-04-06,1606,L9,H,D
34.31962,-83.624376,018,036,1358,4950,2026-04-06,1606,L9,H,D
34.319627,-83.624051,018,036,1359,4950,2026-04-06,1606,L9,H,D
34.319883,-83.624711,018,036,1357,4949,2026-04-06,1606,L9,L,D
34.31989,-83.624385,018,036,1358,4949,2026-04-06,1606,L9,H,D
34.319897,-83.624059,018,036,1359,4949,2026-04-06,1606,L9,L,D
34.352618,-83.759424,018,036,947,4817,2026-04-06,1606,L9,H,D
34.372116,-83.089436,018,036,3003,4794,2026-04-06,1606,L9,L,D
34.372386,-83.089443,018,036,3003,4793,2026-04-06,1606,L9,H,D
34.415151,-83.119227,018,036,2915,4633,2026-04-06,1606,L9,H,D
34.499642,-82.467585,018,036,4916,4356,2026-04-06,1606,L9,L,D
34.499646,-82.467259,018,036,4917,4356,2026-04-06,1606,L9,L,D
34.562623,-83.280876,018,036,2432,4077,2026-04-06,1606,L9,L,D
34.562629,-83.280549,018,036,2433,4077,2026-04-06,1606,L9,H,D
34.562635,-83.280223,018,036,2434,4077,2026-04-06,1606,L9,L,D
34.562893,-83.280884,018,036,2432,4076,2026-04-06,1606,L9,H,D
34.562899,-83.280557,018,036,2433,4076,2026-04-06,1606,L9,H,D
34.562906,-83.28023,018,036,2434,4076,2026-04-06,1606,L9,H,D
34.563164,-83.280891,018,036,2432,4075,2026-04-06,1606,L9,H,D
34.56317,-83.280564,018,036,2433,4075,2026-04-06,1606,L9,H,D
34.605235,-82.650684,018,036,4362,3957,2026-04-06,1606,L9,H,D
34.60524,-82.650357,018,036,4363,3957,2026-04-06,1606,L9,H,D
34.605506,-82.65069,018,036,4362,3956,2026-04-06,1606,L9,H,D
34.60551,-82.650363,018,036,4363,3956,2026-04-06,1606,L9,H,D
34.605776,-82.650695,018,036,4362,3955,2026-04-06,1606,L9,L,D
34.649804,-83.748299,018,036,1011,3719,2026-04-06,1606,L9,L,D
34.709347,-82.945907,018,036,3467,3556,2026-04-06,1606,L9,H,D
34.709352,-82.94558,018,036,3468,3556,2026-04-06,1606,L9,L,D
34.7356,-83.107393,018,036,2976,3449,2026-04-06,1606,L9,H,D
34.735606,-83.107065,018,036,2977,3449,2026-04-06,1606,L9,L,D
34.773982,-82.787785,018,036,3954,3326,2026-04-06,1606,L9,H,D
34.773987,-82.787457,018,036,3955,3326,2026-04-06,1606,L9,H,D
34.774253,-82.787791,018,036,3954,3325,2026-04-06,1606,L9,H,D
34.774258,-82.787463,018,036,3955,3325,2026-04-06,1606,L9,L,D
34.781447,-82.116829,018,036,6001,3328,2026-04-06,1606,L9,L,D
34.789205,-82.854998,018,036,3750,3266,2026-04-06,1606,L9,L,D
34.791852,-83.41339,018,036,2047,3220,2026-04-06,1606,L9,L,D
34.791858,-83.413062,018,036,2048,3220,2026-04-06,1606,L9,H,D
34.847658,-83.422236,018,036,2025,3013,2026-04-06,1606,L9,L,D
35.095545,-81.9878,018,036,6406,2171,2026-04-06,1606,L9,L,D
35.10345,-81.874335,018,036,6751,2145,2026-04-06,1606,L9,L,D
35.10372,-81.874338,018,036,6751,2144,2026-04-06,1606,L9,L,D
35.190216,-82.170502,018,036,5855,1815,2026-04-06,1606,L9,H,D
35.337402,-81.984132,018,036,6426,1277,2026-04-06,1606,L9,L,D
35.337405,-81.983802,018,036,6427,1277,2026-04-06,1606,L9,L,D
47.540654,-90.899973,026,027,4025,3551,2026-04-06,1651,L8,H,D
42.295475,-92.089147,026,030,5070,7201,2026-04-06,1652,L8,H,D
42.426744,-92.603645,026,030,3654,6726,2026-04-06,1652,L8,H,D
42.427014,-92.603643,026,030,3654,6725,2026-04-06,1652,L8,H,D
42.441555,-92.01335,026,030,5272,6658,2026-04-06,1652,L8,H,D
42.495251,-91.73176,026,030,6041,6449,2026-04-06,1652,L8,H,D
42.495521,-91.731755,026,030,6041,6448,2026-04-06,1652,L8,H,D
42.596653,-92.680093,026,030,3442,6098,2026-04-06,1652,L8,H,D
42.596654,-92.680459,026,030,3441,6098,2026-04-06,1652,L8,H,D
42.596923,-92.680092,026,030,3442,6097,2026-04-06,1652,L8,H,D
42.596924,-92.680457,026,030,3441,6097,2026-04-06,1652,L8,H,D
42.597194,-92.68009,026,030,3442,6096,2026-04-06,1652,L8,H,D
42.597195,-92.680456,026,030,3441,6096,2026-04-06,1652,L8,H,D
42.89169,-91.792005,026,030,5855,4984,2026-04-06,1652,L8,H,D
42.950405,-93.373342,026,030,1552,4788,2026-04-06,1652,L8,H,D
42.950675,-93.373344,026,030,1552,4787,2026-04-06,1652,L8,H,D
43.117334,-93.145723,026,030,2172,4172,2026-04-06,1652,L8,L,D
43.117335,-93.145354,026,030,2173,4172,2026-04-06,1652,L8,H,D
43.220832,-91.828005,026,030,5740,3767,2026-04-06,1652,L8,L,D
43.55616,-91.891724,026,030,5551,2528,2026-04-06,1652,L8,H,D
43.845337,-91.254909,026,030,7243,1428,2026-04-06,1652,L8,L,D
43.887133,-92.685967,026,029,2118,6591,2026-04-06,1652,L8,H,D
43.887133,-92.685967,026,030,3408,1321,2026-04-06,1652,L8,H,D
43.887403,-92.685966,026,029,2118,6590,2026-04-06,1652,L8,H,D
43.887403,-92.685966,026,030,3408,1320,2026-04-06,1652,L8,H,D
43.902112,-92.24881,026,030,4578,1258,2026-04-06,1652,L8,H,D
43.902112,-92.24881,026,029,3288,6528,2026-04-06,1652,L8,H,D
43.902382,-92.248806,026,030,4578,1257,2026-04-06,1652,L8,H,D
43.902382,-92.248806,026,029,3288,6527,2026-04-06,1652,L8,M,D
43.960171,-91.612393,026,029,4988,6291,2026-04-06,1652,L8,H,D
43.960176,-91.612766,026,029,4987,6291,2026-04-06,1652,L8,L,D
44.496599,-91.50728,026,029,5233,4300,2026-04-06,1652,L8,H,D
44.900667,-92.504948,026,029,2580,2836,2026-04-06,1652,L8,H,D
44.940142,-92.777622,026,029,1862,2693,2026-04-06,1652,L8,M,D
45.604521,-92.120246,026,028,2294,5501,2026-04-06,1652,L8,H,D
39.497814,-93.847907,026,032,2737,7005,2026-04-06,1653,L8,M,D
39.497816,-93.847558,026,032,2738,7005,2026-04-06,1653,L8,H,D
39.498084,-93.84791,026,032,2737,7004,2026-04-06,1653,L8,H,D
39.498087,-93.847561,026,032,2738,7004,2026-04-06,1653,L8,H,D
39.498089,-93.847212,026,032,2739,7004,2026-04-06,1653,L8,H,D
39.498357,-93.847565,026,032,2738,7003,2026-04-06,1653,L8,H,D
39.541678,-93.759065,026,032,2993,6845,2026-04-06,1653,L8,L,D
39.56956,-93.034985,026,032,5067,6751,2026-04-06,1653,L8,H,D
39.569831,-93.034985,026,032,5067,6750,2026-04-06,1653,L8,H,D
39.620005,-93.951105,026,032,2446,6550,2026-04-06,1653,L8,M,D
39.620008,-93.950756,026,032,2447,6550,2026-04-06,1653,L8,M,D
39.620264,-93.952507,026,032,2442,6549,2026-04-06,1653,L8,M,D
39.620273,-93.951458,026,032,2445,6549,2026-04-06,1653,L8,H,D
39.620275,-93.951109,026,032,2446,6549,2026-04-06,1653,L8,H,D
39.620278,-93.95076,026,032,2447,6549,2026-04-06,1653,L8,H,D
39.620281,-93.95041,026,032,2448,6549,2026-04-06,1653,L8,H,D
39.620284,-93.950061,026,032,2449,6549,2026-04-06,1653,L8,M,D
39.620287,-93.949711,026,032,2450,6549,2026-04-06,1653,L8,M,D
39.620293,-93.949012,026,032,2452,6549,2026-04-06,1653,L8,H,D
39.620295,-93.948663,026,032,2453,6549,2026-04-06,1653,L8,H,D
39.620298,-93.948313,026,032,2454,6549,2026-04-06,1653,L8,H,D
39.620531,-93.95286,026,032,2441,6548,2026-04-06,1653,L8,H,D
39.620534,-93.952511,026,032,2442,6548,2026-04-06,1653,L8,H,D
39.62054,-93.951812,026,032,2444,6548,2026-04-06,1653,L8,M,D
39.620543,-93.951462,026,032,2445,6548,2026-04-06,1653,L8,H,D
39.620546,-93.951113,026,032,2446,6548,2026-04-06,1653,L8,H,D
39.620549,-93.950763,026,032,2447,6548,2026-04-06,1653,L8,H,D
39.620557,-93.949715,026,032,2450,6548,2026-04-06,1653,L8,H,D
39.620566,-93.948666,026,032,2453,6548,2026-04-06,1653,L8,H,D
39.620569,-93.948317,026,032,2454,6548,2026-04-06,1653,L8,M,D
39.620799,-93.953213,026,032,2440,6547,2026-04-06,1653,L8,M,D
39.620802,-93.952864,026,032,2441,6547,2026-04-06,1653,L8,H,D
39.620805,-93.952514,026,032,2442,6547,2026-04-06,1653,L8,H,D
39.620807,-93.952165,026,032,2443,6547,2026-04-06,1653,L8,M,D
39.62081,-93.951815,026,032,2444,6547,2026-04-06,1653,L8,H,D
39.620813,-93.951466,026,032,2445,6547,2026-04-06,1653,L8,H,D
39.620816,-93.951116,026,032,2446,6547,2026-04-06,1653,L8,H,D
39.620825,-93.950068,026,032,2449,6547,2026-04-06,1653,L8,H,D
39.620827,-93.949718,026,032,2450,6547,2026-04-06,1653,L8,H,D
39.62083,-93.949369,026,032,2451,6547,2026-04-06,1653,L8,H,D
39.620836,-93.94867,026,032,2453,6547,2026-04-06,1653,L8,H,D
39.620839,-93.948321,026,032,2454,6547,2026-04-06,1653,L8,M,D
39.621072,-93.952868,026,032,2441,6546,2026-04-06,1653,L8,H,D
39.621075,-93.952518,026,032,2442,6546,2026-04-06,1653,L8,H,D
39.621078,-93.952169,026,032,2443,6546,2026-04-06,1653,L8,M,D
39.621086,-93.95112,026,032,2446,6546,2026-04-06,1653,L8,H,D
39.621089,-93.950771,026,032,2447,6546,2026-04-06,1653,L8,H,D
39.621095,-93.950072,026,032,2449,6546,2026-04-06,1653,L8,H,D
39.621098,-93.949722,026,032,2450,6546,2026-04-06,1653,L8,H,D
39.621101,-93.949373,026,032,2451,6546,2026-04-06,1653,L8,H,D
39.621103,-93.949023,026,032,2452,6546,2026-04-06,1653,L8,H,D
39.621106,-93.948674,026,032,2453,6546,2026-04-06,1653,L8,H,D
39.621109,-93.948324,026,032,2454,6546,2026-04-06,1653,L8,M,D
39.621345,-93.952522,026,032,2442,6545,2026-04-06,1653,L8,H,D
39.621357,-93.951124,026,032,2446,6545,2026-04-06,1653,L8,H,D
39.621359,-93.950774,026,032,2447,6545,2026-04-06,1653,L8,H,D
39.621365,-93.950075,026,032,2449,6545,2026-04-06,1653,L8,M,D
39.621368,-93.949726,026,032,2450,6545,2026-04-06,1653,L8,H,D
39.621371,-93.949376,026,032,2451,6545,2026-04-06,1653,L8,H,D
39.621374,-93.949027,026,032,2452,6545,2026-04-06,1653,L8,H,D
39.621377,-93.948677,026,032,2453,6545,2026-04-06,1653,L8,M,D
39.621624,-93.951477,026,032,2445,6544,2026-04-06,1653,L8,H,D
39.621627,-93.951128,026,032,2446,6544,2026-04-06,1653,L8,H,D
39.62163,-93.950778,026,032,2447,6544,2026-04-06,1653,L8,M,D
39.621638,-93.94973,026,032,2450,6544,2026-04-06,1653,L8,M,D
39.621889,-93.95218,026,032,2443,6543,2026-04-06,1653,L8,H,D
39.621891,-93.95183,026,032,2444,6543,2026-04-06,1653,L8,H,D
39.621894,-93.951481,026,032,2445,6543,2026-04-06,1653,L8,H,D
39.621897,-93.951131,026,032,2446,6543,2026-04-06,1653,L8,H,D
39.6219,-93.950782,026,032,2447,6543,2026-04-06,1653,L8,M,D
39.621914,-93.949034,026,032,2452,6543,2026-04-06,1653,L8,H,D
39.621917,-93.948685,026,032,2453,6543,2026-04-06,1653,L8,H,D
39.622159,-93.952183,026,032,2443,6542,2026-04-06,1653,L8,H,D
39.622162,-93.951834,026,032,2444,6542,2026-04-06,1653,L8,H,D
39.622165,-93.951484,026,032,2445,6542,2026-04-06,1653,L8,H,D
39.622167,-93.951135,026,032,2446,6542,2026-04-06,1653,L8,H,D
39.62217,-93.950785,026,032,2447,6542,2026-04-06,1653,L8,H,D
39.622173,-93.950436,026,032,2448,6542,2026-04-06,1653,L8,M,D
39.622185,-93.949038,026,032,2452,6542,2026-04-06,1653,L8,H,D
39.622187,-93.948689,026,032,2453,6542,2026-04-06,1653,L8,H,D
39.622432,-93.951838,026,032,2444,6541,2026-04-06,1653,L8,H,D
39.622435,-93.951488,026,032,2445,6541,2026-04-06,1653,L8,H,D
39.622438,-93.951139,026,032,2446,6541,2026-04-06,1653,L8,H,D
39.622441,-93.950789,026,032,2447,6541,2026-04-06,1653,L8,H,D
39.622443,-93.95044,026,032,2448,6541,2026-04-06,1653,L8,H,D
39.622455,-93.949042,026,032,2452,6541,2026-04-06,1653,L8,H,D
39.622458,-93.948692,026,032,2453,6541,2026-04-06,1653,L8,H,D
39.622708,-93.951142,026,032,2446,6540,2026-04-06,1653,L8,H,D
39.622711,-93.950793,026,032,2447,6540,2026-04-06,1653,L8,H,D
39.622714,-93.950443,026,032,2448,6540,2026-04-06,1653,L8,H,D
39.622725,-93.949045,026,032,2452,6540,2026-04-06,1653,L8,H,D
39.622728,-93.948696,026,032,2453,6540,2026-04-06,1653,L8,H,D
39.622975,-93.951496,026,032,2445,6539,2026-04-06,1653,L8,H,D
39.622978,-93.951146,026,032,2446,6539,2026-04-06,1653,L8,H,D
39.622981,-93.950797,026,032,2447,6539,2026-04-06,1653,L8,H,D
39.622984,-93.950447,026,032,2448,6539,2026-04-06,1653,L8,H,D
39.622995,-93.949049,026,032,2452,6539,2026-04-06,1653,L8,H,D
39.622998,-93.9487,026,032,2453,6539,2026-04-06,1653,L8,M,D
39.623243,-93.951849,026,032,2444,6538,2026-04-06,1653,L8,H,D
39.623246,-93.951499,026,032,2445,6538,2026-04-06,1653,L8,H,D
39.623248,-93.95115,026,032,2446,6538,2026-04-06,1653,L8,H,D
39.623251,-93.9508,026,032,2447,6538,2026-04-06,1653,L8,H,D
39.623266,-93.949053,026,032,2452,6538,2026-04-06,1653,L8,M,D
39.623536,-93.949056,026,032,2452,6537,2026-04-06,1653,L8,M,D
39.623806,-93.94906,026,032,2452,6536,2026-04-06,1653,L8,M,D
39.623809,-93.948711,026,032,2453,6536,2026-04-06,1653,L8,H,D
39.623931,-93.933682,026,032,2496,6536,2026-04-06,1653,L8,H,D
39.623934,-93.933333,026,032,2497,6536,2026-04-06,1653,L8,H,D
39.623936,-93.932983,026,032,2498,6536,2026-04-06,1653,L8,M,D
39.624071,-93.949763,026,032,2450,6535,2026-04-06,1653,L8,M,D
39.624074,-93.949413,026,032,2451,6535,2026-04-06,1653,L8,H,D
39.624076,-93.949064,026,032,2452,6535,2026-04-06,1653,L8,H,D
39.624079,-93.948714,026,032,2453,6535,2026-04-06,1653,L8,H,D
39.624082,-93.948365,026,032,2454,6535,2026-04-06,1653,L8,M,D
39.624201,-93.933686,026,032,2496,6535,2026-04-06,1653,L8,M,D
39.624204,-93.933336,026,032,2497,6535,2026-04-06,1653,L8,H,D
39.624207,-93.932987,026,032,2498,6535,2026-04-06,1653,L8,H,D
39.624341,-93.949767,026,032,2450,6534,2026-04-06,1653,L8,H,D
39.624344,-93.949417,026,032,2451,6534,2026-04-06,1653,L8,H,D
39.624347,-93.949068,026,032,2452,6534,2026-04-06,1653,L8,H,D
39.62435,-93.948718,026,032,2453,6534,2026-04-06,1653,L8,H,D
39.624352,-93.948369,026,032,2454,6534,2026-04-06,1653,L8,H,D
39.624614,-93.949421,026,032,2451,6533,2026-04-06,1653,L8,H,D
39.62462,-93.948722,026,032,2453,6533,2026-04-06,1653,L8,H,D
39.624623,-93.948372,026,032,2454,6533,2026-04-06,1653,L8,H,D
39.624626,-93.948023,026,032,2455,6533,2026-04-06,1653,L8,H,D
39.625817,-93.934407,026,032,2494,6529,2026-04-06,1653,L8,M,D
39.625826,-93.933358,026,032,2497,6529,2026-04-06,1653,L8,M,D
39.626085,-93.93476,026,032,2493,6528,2026-04-06,1653,L8,H,D
39.626087,-93.93441,026,032,2494,6528,2026-04-06,1653,L8,H,D
39.62609,-93.934061,026,032,2495,6528,2026-04-06,1653,L8,M,D
39.626355,-93.934764,026,032,2493,6527,2026-04-06,1653,L8,H,D
39.626358,-93.934414,026,032,2494,6527,2026-04-06,1653,L8,H,D
39.62636,-93.934065,026,032,2495,6527,2026-04-06,1653,L8,M,D
39.626628,-93.934418,026,032,2494,6526,2026-04-06,1653,L8,M,D
39.629989,-93.771215,026,032,2961,6518,2026-04-06,1653,L8,H,D
39.630259,-93.771218,026,032,2961,6517,2026-04-06,1653,L8,H,D
39.630529,-93.771221,026,032,2961,6516,2026-04-06,1653,L8,H,D
39.630683,-93.658311,026,032,3284,6518,2026-04-06,1653,L8,H,D
39.630685,-93.657961,026,032,3285,6518,2026-04-06,1653,L8,M,D
39.630952,-93.658663,026,032,3283,6517,2026-04-06,1653,L8,M,D
39.630954,-93.658313,026,032,3284,6517,2026-04-06,1653,L8,H,D
39.630956,-93.657964,026,032,3285,6517,2026-04-06,1653,L8,H,D
39.631226,-93.657966,026,032,3285,6516,2026-04-06,1653,L8,H,D
39.632025,-93.660071,026,032,3279,6513,2026-04-06,1653,L8,H,D
39.632027,-93.659722,026,032,3280,6513,2026-04-06,1653,L8,H,D
39.632293,-93.660423,026,032,3278,6512,2026-04-06,1653,L8,H,D
39.632295,-93.660074,026,032,3279,6512,2026-04-06,1653,L8,H,D
39.632297,-93.659724,026,032,3280,6512,2026-04-06,1653,L8,H,D
39.632299,-93.659375,026,032,3281,6512,2026-04-06,1653,L8,H,D
39.632565,-93.660076,026,032,3279,6511,2026-04-06,1653,L8,H,D
39.632567,-93.659727,026,032,3280,6511,2026-04-06,1653,L8,H,D
39.632569,-93.659377,026,032,3281,6511,2026-04-06,1653,L8,H,D
39.63284,-93.65938,026,032,3281,6510,2026-04-06,1653,L8,H,D
39.63311,-93.659383,026,032,3281,6509,2026-04-06,1653,L8,H,D
39.633376,-93.660084,026,032,3279,6508,2026-04-06,1653,L8,H,D
39.633378,-93.659735,026,032,3280,6508,2026-04-06,1653,L8,H,D
39.633643,-93.660786,026,032,3277,6507,2026-04-06,1653,L8,H,D
39.633645,-93.660436,026,032,3278,6507,2026-04-06,1653,L8,H,D
39.633647,-93.660087,026,032,3279,6507,2026-04-06,1653,L8,H,D
39.633649,-93.659737,026,032,3280,6507,2026-04-06,1653,L8,H,D
39.633651,-93.659388,026,032,3281,6507,2026-04-06,1653,L8,H,D
39.705042,-94.247972,026,032,1601,6225,2026-04-06,1653,L8,H,D
39.705046,-94.247622,026,032,1602,6225,2026-04-06,1653,L8,H,D
39.70505,-94.247272,026,032,1603,6225,2026-04-06,1653,L8,H,D
39.705312,-94.247977,026,032,1601,6224,2026-04-06,1653,L8,H,D
39.705316,-94.247627,026,032,1602,6224,2026-04-06,1653,L8,H,D
39.741421,-94.28294,026,032,1503,6089,2026-04-06,1653,L8,H,D
39.741425,-94.28259,026,032,1504,6089,2026-04-06,1653,L8,L,D
39.741691,-94.282945,026,032,1503,6088,2026-04-06,1653,L8,H,D
39.741695,-94.282595,026,032,1504,6088,2026-04-06,1653,L8,H,D
39.759971,-94.615633,026,032,554,6005,2026-04-06,1653,L8,H,D
39.759975,-94.615283,026,032,555,6005,2026-04-06,1653,L8,M,D
39.760241,-94.615639,026,032,554,6004,2026-04-06,1653,L8,H,D
39.760246,-94.615289,026,032,555,6004,2026-04-06,1653,L8,H,D
39.823355,-94.374199,026,032,1247,5782,2026-04-06,1653,L8,H,D
39.831243,-94.172775,026,032,1822,5761,2026-04-06,1653,L8,M,D
39.831513,-94.17278,026,032,1822,5760,2026-04-06,1653,L8,M,D
39.852053,-94.03075,026,032,2228,5689,2026-04-06,1653,L8,H,D
39.969587,-93.083667,026,032,4929,5271,2026-04-06,1653,L8,M,D
39.969587,-93.083316,026,032,4930,5271,2026-04-06,1653,L8,H,D
39.969587,-93.082965,026,032,4931,5271,2026-04-06,1653,L8,H,D
39.969587,-93.082614,026,032,4932,5271,2026-04-06,1653,L8,H,D
39.969857,-93.084019,026,032,4928,5270,2026-04-06,1653,L8,H,D
39.969857,-93.083668,026,032,4929,5270,2026-04-06,1653,L8,H,D
39.969857,-93.083317,026,032,4930,5270,2026-04-06,1653,L8,H,D
39.969858,-93.082965,026,032,4931,5270,2026-04-06,1653,L8,H,D
39.969858,-93.082614,026,032,4932,5270,2026-04-06,1653,L8,H,D
39.970127,-93.084019,026,032,4928,5269,2026-04-06,1653,L8,M,D
39.970127,-93.083668,026,032,4929,5269,2026-04-06,1653,L8,H,D
39.970128,-93.083317,026,032,4930,5269,2026-04-06,1653,L8,H,D
39.970128,-93.082966,026,032,4931,5269,2026-04-06,1653,L8,M,D
39.970397,-93.084371,026,032,4927,5268,2026-04-06,1653,L8,H,D
39.970398,-93.083668,026,032,4929,5268,2026-04-06,1653,L8,H,D
39.970398,-93.083317,026,032,4930,5268,2026-04-06,1653,L8,H,D
39.970399,-93.082263,026,032,4933,5268,2026-04-06,1653,L8,M,D
39.970399,-93.081912,026,032,4934,5268,2026-04-06,1653,L8,H,D
39.970399,-93.081561,026,032,4935,5268,2026-04-06,1653,L8,M,D
39.970667,-93.084371,026,032,4927,5267,2026-04-06,1653,L8,M,D
39.970668,-93.083669,026,032,4929,5267,2026-04-06,1653,L8,H,D
39.970668,-93.083318,026,032,4930,5267,2026-04-06,1653,L8,H,D
39.970669,-93.082264,026,032,4933,5267,2026-04-06,1653,L8,H,D
39.970669,-93.081912,026,032,4934,5267,2026-04-06,1653,L8,H,D
39.970669,-93.081561,026,032,4935,5267,2026-04-06,1653,L8,H,D
39.97067,-93.08121,026,032,4936,5267,2026-04-06,1653,L8,H,D
39.970938,-93.083669,026,032,4929,5266,2026-04-06,1653,L8,H,D
39.970938,-93.083318,026,032,4930,5266,2026-04-06,1653,L8,H,D
39.970939,-93.082615,026,032,4932,5266,2026-04-06,1653,L8,M,D
39.970939,-93.082264,026,032,4933,5266,2026-04-06,1653,L8,H,D
39.970939,-93.081913,026,032,4934,5266,2026-04-06,1653,L8,H,D
39.97094,-93.081561,026,032,4935,5266,2026-04-06,1653,L8,H,D
39.97094,-93.08121,026,032,4936,5266,2026-04-06,1653,L8,H,D
39.97094,-93.080859,026,032,4937,5266,2026-04-06,1653,L8,H,D
39.971208,-93.083669,026,032,4929,5265,2026-04-06,1653,L8,H,D
39.971209,-93.083318,026,032,4930,5265,2026-04-06,1653,L8,H,D
39.971209,-93.082616,026,032,4932,5265,2026-04-06,1653,L8,M,D
39.971209,-93.082264,026,032,4933,5265,2026-04-06,1653,L8,H,D
39.97121,-93.081913,026,032,4934,5265,2026-04-06,1653,L8,H,D
39.97121,-93.081562,026,032,4935,5265,2026-04-06,1653,L8,H,D
39.97121,-93.08121,026,032,4936,5265,2026-04-06,1653,L8,H,D
39.97121,-93.080859,026,032,4937,5265,2026-04-06,1653,L8,H,D
39.971479,-93.08367,026,032,4929,5264,2026-04-06,1653,L8,H,D
39.971479,-93.083318,026,032,4930,5264,2026-04-06,1653,L8,H,D
39.971479,-93.082967,026,032,4931,5264,2026-04-06,1653,L8,H,D
39.97148,-93.082616,026,032,4932,5264,2026-04-06,1653,L8,H,D
39.971481,-93.081211,026,032,4936,5264,2026-04-06,1653,L8,H,D
39.971481,-93.080859,026,032,4937,5264,2026-04-06,1653,L8,H,D
39.971481,-93.080508,026,032,4938,5264,2026-04-06,1653,L8,H,D
39.971749,-93.08367,026,032,4929,5263,2026-04-06,1653,L8,H,D
39.971749,-93.083319,026,032,4930,5263,2026-04-06,1653,L8,H,D
39.97175,-93.082968,026,032,4931,5263,2026-04-06,1653,L8,H,D
39.97175,-93.082616,026,032,4932,5263,2026-04-06,1653,L8,H,D
39.97175,-93.081914,026,032,4934,5263,2026-04-06,1653,L8,H,D
39.971751,-93.081562,026,032,4935,5263,2026-04-06,1653,L8,H,D
39.971751,-93.08086,026,032,4937,5263,2026-04-06,1653,L8,H,D
39.971751,-93.080508,026,032,4938,5263,2026-04-06,1653,L8,H,D
39.971754,-93.076995,026,032,4948,5263,2026-04-06,1653,L8,H,D
39.97202,-93.083319,026,032,4930,5262,2026-04-06,1653,L8,M,D
39.97202,-93.082968,026,032,4931,5262,2026-04-06,1653,L8,H,D
39.97202,-93.082617,026,032,4932,5262,2026-04-06,1653,L8,H,D
39.972021,-93.081914,026,032,4934,5262,2026-04-06,1653,L8,H,D
39.972021,-93.081563,026,032,4935,5262,2026-04-06,1653,L8,H,D
39.972022,-93.080509,026,032,4938,5262,2026-04-06,1653,L8,H,D
39.972022,-93.080157,026,032,4939,5262,2026-04-06,1653,L8,H,D
39.972024,-93.077347,026,032,4947,5262,2026-04-06,1653,L8,H,D
39.972024,-93.076996,026,032,4948,5262,2026-04-06,1653,L8,H,D
39.972289,-93.084725,026,032,4926,5261,2026-04-06,1653,L8,M,D
39.97229,-93.082968,026,032,4931,5261,2026-04-06,1653,L8,H,D
39.97229,-93.082617,026,032,4932,5261,2026-04-06,1653,L8,H,D
39.972291,-93.081914,026,032,4934,5261,2026-04-06,1653,L8,H,D
39.972291,-93.081212,026,032,4936,5261,2026-04-06,1653,L8,H,D
39.972292,-93.08086,026,032,4937,5261,2026-04-06,1653,L8,H,D
39.972292,-93.080509,026,032,4938,5261,2026-04-06,1653,L8,H,D
39.972292,-93.080158,026,032,4939,5261,2026-04-06,1653,L8,H,D
39.972292,-93.079806,026,032,4940,5261,2026-04-06,1653,L8,H,D
39.972294,-93.077698,026,032,4946,5261,2026-04-06,1653,L8,H,D
39.972294,-93.077347,026,032,4947,5261,2026-04-06,1653,L8,H,D
39.972294,-93.076996,026,032,4948,5261,2026-04-06,1653,L8,H,D
39.972295,-93.076645,026,032,4949,5261,2026-04-06,1653,L8,H,D
39.972562,-93.081212,026,032,4936,5260,2026-04-06,1653,L8,H,D
39.972562,-93.080861,026,032,4937,5260,2026-04-06,1653,L8,H,D
39.972562,-93.080158,026,032,4939,5260,2026-04-06,1653,L8,H,D
39.972563,-93.079807,026,032,4940,5260,2026-04-06,1653,L8,H,D
39.972564,-93.077699,026,032,4946,5260,2026-04-06,1653,L8,H,D
39.972564,-93.077347,026,032,4947,5260,2026-04-06,1653,L8,H,D
39.972565,-93.076645,026,032,4949,5260,2026-04-06,1653,L8,H,D
39.972565,-93.076294,026,032,4950,5260,2026-04-06,1653,L8,H,D
39.972833,-93.079807,026,032,4940,5259,2026-04-06,1653,L8,M,D
39.972835,-93.076294,026,032,4950,5259,2026-04-06,1653,L8,H,D
39.972836,-93.075943,026,032,4951,5259,2026-04-06,1653,L8,H,D
39.973102,-93.081915,026,032,4934,5258,2026-04-06,1653,L8,M,D
39.973102,-93.081564,026,032,4935,5258,2026-04-06,1653,L8,M,D
39.973103,-93.08051,026,032,4938,5258,2026-04-06,1653,L8,M,D
39.973103,-93.079807,026,032,4940,5258,2026-04-06,1653,L8,M,D
39.992479,-94.686809,026,032,367,5141,2026-04-06,1653,L8,H,D
40.05041,-94.439592,026,032,1074,4939,2026-04-06,1653,L8,H,D
40.050959,-94.4389,026,032,1076,4937,2026-04-06,1653,L8,H,D
40.051229,-94.438906,026,032,1076,4936,2026-04-06,1653,L8,M,D
40.052066,-94.436813,026,032,1082,4933,2026-04-06,1653,L8,H,D
40.05207,-94.436462,026,032,1083,4933,2026-04-06,1653,L8,H,D
40.052319,-94.438226,026,032,1078,4932,2026-04-06,1653,L8,M,D
40.052323,-94.437874,026,032,1079,4932,2026-04-06,1653,L8,H,D
40.052328,-94.437522,026,032,1080,4932,2026-04-06,1653,L8,H,D
40.052332,-94.437171,026,032,1081,4932,2026-04-06,1653,L8,H,D
40.052336,-94.436819,026,032,1082,4932,2026-04-06,1653,L8,H,D
40.052341,-94.436468,026,032,1083,4932,2026-04-06,1653,L8,H,D
40.052593,-94.43788,026,032,1079,4931,2026-04-06,1653,L8,H,D
40.052598,-94.437528,026,032,1080,4931,2026-04-06,1653,L8,H,D
40.052602,-94.437176,026,032,1081,4931,2026-04-06,1653,L8,H,D
40.052606,-94.436825,026,032,1082,4931,2026-04-06,1653,L8,H,D
40.052611,-94.436473,026,032,1083,4931,2026-04-06,1653,L8,H,D
40.052864,-94.437885,026,032,1079,4930,2026-04-06,1653,L8,H,D
40.052868,-94.437534,026,032,1080,4930,2026-04-06,1653,L8,H,D
40.052872,-94.437182,026,032,1081,4930,2026-04-06,1653,L8,H,D
40.052877,-94.43683,026,032,1082,4930,2026-04-06,1653,L8,H,D
40.052881,-94.436479,026,032,1083,4930,2026-04-06,1653,L8,H,D
40.053134,-94.437891,026,032,1079,4929,2026-04-06,1653,L8,L,D
40.053138,-94.437539,026,032,1080,4929,2026-04-06,1653,L8,H,D
40.053143,-94.437188,026,032,1081,4929,2026-04-06,1653,L8,H,D
40.053147,-94.436836,026,032,1082,4929,2026-04-06,1653,L8,H,D
40.053151,-94.436485,026,032,1083,4929,2026-04-06,1653,L8,M,D
40.053408,-94.437545,026,032,1080,4928,2026-04-06,1653,L8,M,D
40.053413,-94.437193,026,032,1081,4928,2026-04-06,1653,L8,H,D
40.053417,-94.436842,026,032,1082,4928,2026-04-06,1653,L8,H,D
40.072531,-93.801163,026,032,2890,4880,2026-04-06,1653,L8,H,D
40.072534,-93.800811,026,032,2891,4880,2026-04-06,1653,L8,H,D
40.072536,-93.800459,026,032,2892,4880,2026-04-06,1653,L8,H,D
40.072538,-93.800108,026,032,2893,4880,2026-04-06,1653,L8,H,D
40.072799,-93.801518,026,032,2889,4879,2026-04-06,1653,L8,H,D
40.072801,-93.801166,026,032,2890,4879,2026-04-06,1653,L8,H,D
40.072804,-93.800814,026,032,2891,4879,2026-04-06,1653,L8,H,D
40.072806,-93.800462,026,032,2892,4879,2026-04-06,1653,L8,H,D
40.072809,-93.800111,026,032,2893,4879,2026-04-06,1653,L8,H,D
40.072811,-93.799759,026,032,2894,4879,2026-04-06,1653,L8,H,D
40.073069,-93.801521,026,032,2889,4878,2026-04-06,1653,L8,H,D
40.073072,-93.801169,026,032,2890,4878,2026-04-06,1653,L8,H,D
40.073077,-93.800466,026,032,2892,4878,2026-04-06,1653,L8,H,D
40.073079,-93.800114,026,032,2893,4878,2026-04-06,1653,L8,H,D
40.073081,-93.799762,026,032,2894,4878,2026-04-06,1653,L8,H,D
40.073084,-93.79941,026,032,2895,4878,2026-04-06,1653,L8,L,D
40.073337,-93.801876,026,032,2888,4877,2026-04-06,1653,L8,H,D
40.07334,-93.801524,026,032,2889,4877,2026-04-06,1653,L8,H,D
40.073342,-93.801172,026,032,2890,4877,2026-04-06,1653,L8,H,D
40.073349,-93.800117,026,032,2893,4877,2026-04-06,1653,L8,H,D
40.073352,-93.799765,026,032,2894,4877,2026-04-06,1653,L8,H,D
40.073354,-93.799413,026,032,2895,4877,2026-04-06,1653,L8,H,D
40.07361,-93.801527,026,032,2889,4876,2026-04-06,1653,L8,H,D
40.073612,-93.801176,026,032,2890,4876,2026-04-06,1653,L8,H,D
40.073615,-93.800824,026,032,2891,4876,2026-04-06,1653,L8,H,D
40.073617,-93.800472,026,032,2892,4876,2026-04-06,1653,L8,H,D
40.073619,-93.80012,026,032,2893,4876,2026-04-06,1653,L8,H,D
40.073622,-93.799768,026,032,2894,4876,2026-04-06,1653,L8,H,D
40.073624,-93.799417,026,032,2895,4876,2026-04-06,1653,L8,H,D
40.073627,-93.799065,026,032,2896,4876,2026-04-06,1653,L8,H,D
40.073882,-93.801179,026,032,2890,4875,2026-04-06,1653,L8,H,D
40.073885,-93.800827,026,032,2891,4875,2026-04-06,1653,L8,H,D
40.073887,-93.800475,026,032,2892,4875,2026-04-06,1653,L8,H,D
40.07389,-93.800123,026,032,2893,4875,2026-04-06,1653,L8,H,D
40.073892,-93.799772,026,032,2894,4875,2026-04-06,1653,L8,H,D
40.073895,-93.79942,026,032,2895,4875,2026-04-06,1653,L8,H,D
40.073897,-93.799068,026,032,2896,4875,2026-04-06,1653,L8,H,D
40.074153,-93.801182,026,032,2890,4874,2026-04-06,1653,L8,H,D
40.074155,-93.80083,026,032,2891,4874,2026-04-06,1653,L8,H,D
40.074158,-93.800478,026,032,2892,4874,2026-04-06,1653,L8,H,D
40.07416,-93.800127,026,032,2893,4874,2026-04-06,1653,L8,H,D
40.074162,-93.799775,026,032,2894,4874,2026-04-06,1653,L8,H,D
40.074165,-93.799423,026,032,2895,4874,2026-04-06,1653,L8,H,D
40.074423,-93.801185,026,032,2890,4873,2026-04-06,1653,L8,H,D
40.074425,-93.800833,026,032,2891,4873,2026-04-06,1653,L8,H,D
40.074428,-93.800481,026,032,2892,4873,2026-04-06,1653,L8,H,D
40.074696,-93.800836,026,032,2891,4872,2026-04-06,1653,L8,H,D
40.074698,-93.800485,026,032,2892,4872,2026-04-06,1653,L8,H,D
40.074966,-93.80084,026,032,2891,4871,2026-04-06,1653,L8,H,D
40.074968,-93.800488,026,032,2892,4871,2026-04-06,1653,L8,H,D
40.075236,-93.800843,026,032,2891,4870,2026-04-06,1653,L8,L,D
40.103528,-92.811394,026,032,5703,4775,2026-04-06,1653,L8,L,D
40.103529,-92.811746,026,032,5702,4775,2026-04-06,1653,L8,M,D
40.103797,-92.810689,026,032,5705,4774,2026-04-06,1653,L8,M,D
40.103798,-92.811041,026,032,5704,4774,2026-04-06,1653,L8,H,D
40.103799,-92.811745,026,032,5702,4774,2026-04-06,1653,L8,M,D
40.103799,-92.811393,026,032,5703,4774,2026-04-06,1653,L8,H,D
40.104054,-92.802593,026,032,5728,4773,2026-04-06,1653,L8,M,D
40.104064,-92.808577,026,032,5711,4773,2026-04-06,1653,L8,H,D
40.104065,-92.808929,026,032,5710,4773,2026-04-06,1653,L8,M,D
40.104068,-92.811041,026,032,5704,4773,2026-04-06,1653,L8,H,D
40.104068,-92.810689,026,032,5705,4773,2026-04-06,1653,L8,H,D
40.104335,-92.808576,026,032,5711,4772,2026-04-06,1653,L8,M,D
40.105422,-92.812445,026,032,5700,4768,2026-04-06,1653,L8,M,D
40.105423,-92.813149,026,032,5698,4768,2026-04-06,1653,L8,L,D
40.105423,-92.812797,026,032,5699,4768,2026-04-06,1653,L8,M,D
40.105424,-92.813853,026,032,5696,4768,2026-04-06,1653,L8,M,D
40.105424,-92.813501,026,032,5697,4768,2026-04-06,1653,L8,M,D
40.105683,-92.806812,026,032,5716,4767,2026-04-06,1653,L8,M,D
40.105693,-92.812796,026,032,5699,4767,2026-04-06,1653,L8,M,D
40.105694,-92.8135,026,032,5697,4767,2026-04-06,1653,L8,M,D
40.105694,-92.813148,026,032,5698,4767,2026-04-06,1653,L8,M,D
40.105949,-92.804348,026,032,5723,4766,2026-04-06,1653,L8,M,D
40.105965,-92.813851,026,032,5696,4766,2026-04-06,1653,L8,M,D
40.106229,-92.809979,026,032,5707,4765,2026-04-06,1653,L8,M,D
40.106497,-92.808922,026,032,5710,4764,2026-04-06,1653,L8,M,D
40.106498,-92.809274,026,032,5709,4764,2026-04-06,1653,L8,M,D
40.106499,-92.809978,026,032,5707,4764,2026-04-06,1653,L8,H,D
40.106499,-92.809626,026,032,5708,4764,2026-04-06,1653,L8,H,D
40.1065,-92.81033,026,032,5706,4764,2026-04-06,1653,L8,H,D
40.106767,-92.808569,026,032,5711,4763,2026-04-06,1653,L8,H,D
40.106768,-92.809273,026,032,5709,4763,2026-04-06,1653,L8,H,D
40.106768,-92.808921,026,032,5710,4763,2026-04-06,1653,L8,H,D
40.106769,-92.809625,026,032,5708,4763,2026-04-06,1653,L8,M,D
40.10677,-92.810329,026,032,5706,4763,2026-04-06,1653,L8,H,D
40.10677,-92.809977,026,032,5707,4763,2026-04-06,1653,L8,H,D
40.107037,-92.808568,026,032,5711,4762,2026-04-06,1653,L8,M,D
40.107037,-92.808216,026,032,5712,4762,2026-04-06,1653,L8,M,D
40.10704,-92.810328,026,032,5706,4762,2026-04-06,1653,L8,H,D
40.10704,-92.809976,026,032,5707,4762,2026-04-06,1653,L8,H,D
40.107307,-92.807864,026,032,5713,4761,2026-04-06,1653,L8,M,D
40.107311,-92.810328,026,032,5706,4761,2026-04-06,1653,L8,H,D
40.107572,-92.805047,026,032,5721,4760,2026-04-06,1653,L8,M,D
40.107573,-92.805399,026,032,5720,4760,2026-04-06,1653,L8,M,D
40.107577,-92.807863,026,032,5713,4760,2026-04-06,1653,L8,M,D
40.107581,-92.810327,026,032,5706,4760,2026-04-06,1653,L8,M,D
40.107842,-92.805046,026,032,5721,4759,2026-04-06,1653,L8,H,D
40.107843,-92.805398,026,032,5720,4759,2026-04-06,1653,L8,H,D
40.107844,-92.806102,026,032,5718,4759,2026-04-06,1653,L8,H,D
40.107844,-92.80575,026,032,5719,4759,2026-04-06,1653,L8,H,D
40.107845,-92.806454,026,032,5717,4759,2026-04-06,1653,L8,H,D
40.108113,-92.805397,026,032,5720,4758,2026-04-06,1653,L8,H,D
40.108113,-92.805045,026,032,5721,4758,2026-04-06,1653,L8,H,D
40.108114,-92.805749,026,032,5719,4758,2026-04-06,1653,L8,H,D
40.108115,-92.806453,026,032,5717,4758,2026-04-06,1653,L8,H,D
40.108115,-92.806101,026,032,5718,4758,2026-04-06,1653,L8,H,D
40.108116,-92.807157,026,032,5715,4758,2026-04-06,1653,L8,H,D
40.108117,-92.807861,026,032,5713,4758,2026-04-06,1653,L8,M,D
40.108117,-92.807509,026,032,5714,4758,2026-04-06,1653,L8,H,D
40.108118,-92.808213,026,032,5712,4758,2026-04-06,1653,L8,M,D
40.108384,-92.805749,026,032,5719,4757,2026-04-06,1653,L8,M,D
40.108385,-92.806453,026,032,5717,4757,2026-04-06,1653,L8,H,D
40.108385,-92.806101,026,032,5718,4757,2026-04-06,1653,L8,H,D
40.108387,-92.807509,026,032,5714,4757,2026-04-06,1653,L8,H,D
40.108387,-92.807157,026,032,5715,4757,2026-04-06,1653,L8,H,D
40.108388,-92.807861,026,032,5713,4757,2026-04-06,1653,L8,H,D
40.108391,-92.809973,026,032,5707,4757,2026-04-06,1653,L8,M,D
40.108392,-92.810325,026,032,5706,4757,2026-04-06,1653,L8,H,D
40.108396,-92.813141,026,032,5698,4757,2026-04-06,1653,L8,H,D
40.108657,-92.807508,026,032,5714,4756,2026-04-06,1653,L8,H,D
40.108657,-92.807156,026,032,5715,4756,2026-04-06,1653,L8,H,D
40.108662,-92.810324,026,032,5706,4756,2026-04-06,1653,L8,H,D
40.108666,-92.812788,026,032,5699,4756,2026-04-06,1653,L8,H,D
40.108667,-92.813492,026,032,5697,4756,2026-04-06,1653,L8,H,D
40.108667,-92.81314,026,032,5698,4756,2026-04-06,1653,L8,H,D
40.108668,-92.813844,026,032,5696,4756,2026-04-06,1653,L8,H,D
40.108928,-92.807859,026,032,5713,4755,2026-04-06,1653,L8,H,D
40.108928,-92.807507,026,032,5714,4755,2026-04-06,1653,L8,H,D
40.10893,-92.808915,026,032,5710,4755,2026-04-06,1653,L8,H,D
40.108931,-92.809619,026,032,5708,4755,2026-04-06,1653,L8,H,D
40.108931,-92.809267,026,032,5709,4755,2026-04-06,1653,L8,H,D
40.108932,-92.809971,026,032,5707,4755,2026-04-06,1653,L8,M,D
40.108934,-92.811379,026,032,5703,4755,2026-04-06,1653,L8,M,D
40.108934,-92.811027,026,032,5704,4755,2026-04-06,1653,L8,H,D
40.108935,-92.812083,026,032,5701,4755,2026-04-06,1653,L8,M,D
40.108935,-92.811731,026,032,5702,4755,2026-04-06,1653,L8,H,D
40.108936,-92.812787,026,032,5699,4755,2026-04-06,1653,L8,H,D
40.108937,-92.813139,026,032,5698,4755,2026-04-06,1653,L8,H,D
40.108938,-92.813843,026,032,5696,4755,2026-04-06,1653,L8,H,D
40.108938,-92.813491,026,032,5697,4755,2026-04-06,1653,L8,H,D
40.109198,-92.807506,026,032,5714,4754,2026-04-06,1653,L8,H,D
40.109199,-92.807858,026,032,5713,4754,2026-04-06,1653,L8,H,D
40.1092,-92.808914,026,032,5710,4754,2026-04-06,1653,L8,H,D
40.1092,-92.808562,026,032,5711,4754,2026-04-06,1653,L8,H,D
40.109201,-92.809266,026,032,5709,4754,2026-04-06,1653,L8,H,D
40.109202,-92.80997,026,032,5707,4754,2026-04-06,1653,L8,M,D
40.109202,-92.809618,026,032,5708,4754,2026-04-06,1653,L8,H,D
40.109204,-92.811379,026,032,5703,4754,2026-04-06,1653,L8,H,D
40.109204,-92.811027,026,032,5704,4754,2026-04-06,1653,L8,H,D
40.109205,-92.811731,026,032,5702,4754,2026-04-06,1653,L8,H,D
40.109206,-92.812083,026,032,5701,4754,2026-04-06,1653,L8,H,D
40.109207,-92.813139,026,032,5698,4754,2026-04-06,1653,L8,H,D
40.109208,-92.813491,026,032,5697,4754,2026-04-06,1653,L8,M,D
40.109469,-92.807858,026,032,5713,4753,2026-04-06,1653,L8,L,D
40.10947,-92.808562,026,032,5711,4753,2026-04-06,1653,L8,H,D
40.109471,-92.809266,026,032,5709,4753,2026-04-06,1653,L8,H,D
40.109471,-92.808914,026,032,5710,4753,2026-04-06,1653,L8,H,D
40.109475,-92.81173,026,032,5702,4753,2026-04-06,1653,L8,H,D
40.109475,-92.811378,026,032,5703,4753,2026-04-06,1653,L8,H,D
40.109476,-92.812082,026,032,5701,4753,2026-04-06,1653,L8,H,D
40.109739,-92.807857,026,032,5713,4752,2026-04-06,1653,L8,M,D
40.10974,-92.808561,026,032,5711,4752,2026-04-06,1653,L8,M,D
40.10974,-92.808209,026,032,5712,4752,2026-04-06,1653,L8,M,D
40.109741,-92.808913,026,032,5710,4752,2026-04-06,1653,L8,H,D
40.109746,-92.812081,026,032,5701,4752,2026-04-06,1653,L8,H,D
40.109746,-92.811729,026,032,5702,4752,2026-04-06,1653,L8,H,D
40.110012,-92.809264,026,032,5709,4751,2026-04-06,1653,L8,M,D
40.125252,-93.111322,026,032,4851,4695,2026-04-06,1653,L8,H,D
40.152563,-93.567866,026,032,3555,4589,2026-04-06,1653,L8,M,D
40.152825,-93.56963,026,032,3550,4588,2026-04-06,1653,L8,M,D
40.152826,-93.569278,026,032,3551,4588,2026-04-06,1653,L8,H,D
40.152837,-93.567164,026,032,3557,4588,2026-04-06,1653,L8,M,D
40.153071,-93.574563,026,032,3536,4587,2026-04-06,1653,L8,M,D
40.153095,-93.569632,026,032,3550,4587,2026-04-06,1653,L8,M,D
40.153097,-93.56928,026,032,3551,4587,2026-04-06,1653,L8,H,D
40.153098,-93.568928,026,032,3552,4587,2026-04-06,1653,L8,H,D
40.153367,-93.569282,026,032,3551,4586,2026-04-06,1653,L8,H,D
40.153369,-93.56893,026,032,3552,4586,2026-04-06,1653,L8,H,D
40.153616,-93.573511,026,032,3539,4585,2026-04-06,1653,L8,M,D
40.153618,-93.573159,026,032,3540,4585,2026-04-06,1653,L8,H,D
40.15362,-93.572807,026,032,3541,4585,2026-04-06,1653,L8,M,D
40.153622,-93.572454,026,032,3542,4585,2026-04-06,1653,L8,H,D
40.153623,-93.572102,026,032,3543,4585,2026-04-06,1653,L8,H,D
40.153637,-93.569284,026,032,3551,4585,2026-04-06,1653,L8,M,D
40.153639,-93.568932,026,032,3552,4585,2026-04-06,1653,L8,H,D
40.153881,-93.57457,026,032,3536,4584,2026-04-06,1653,L8,M,D
40.153887,-93.573513,026,032,3539,4584,2026-04-06,1653,L8,M,D
40.153892,-93.572457,026,032,3542,4584,2026-04-06,1653,L8,H,D
40.153894,-93.572104,026,032,3543,4584,2026-04-06,1653,L8,H,D
40.153906,-93.569639,026,032,3550,4584,2026-04-06,1653,L8,H,D
40.153907,-93.569287,026,032,3551,4584,2026-04-06,1653,L8,H,D
40.154157,-93.573516,026,032,3539,4583,2026-04-06,1653,L8,H,D
40.15416,-93.572811,026,032,3541,4583,2026-04-06,1653,L8,H,D
40.154162,-93.572459,026,032,3542,4583,2026-04-06,1653,L8,H,D
40.154174,-93.569993,026,032,3549,4583,2026-04-06,1653,L8,M,D
40.154176,-93.569641,026,032,3550,4583,2026-04-06,1653,L8,H,D
40.154425,-93.57387,026,032,3538,4582,2026-04-06,1653,L8,M,D
40.154431,-93.572813,026,032,3541,4582,2026-04-06,1653,L8,H,D
40.154432,-93.572461,026,032,3542,4582,2026-04-06,1653,L8,H,D
40.154445,-93.569996,026,032,3549,4582,2026-04-06,1653,L8,H,D
40.154715,-93.569998,026,032,3549,4581,2026-04-06,1653,L8,H,D
40.154717,-93.569646,026,032,3550,4581,2026-04-06,1653,L8,H,D
40.154985,-93.57,026,032,3549,4580,2026-04-06,1653,L8,H,D
40.154987,-93.569648,026,032,3550,4580,2026-04-06,1653,L8,H,D
40.154989,-93.569296,026,032,3551,4580,2026-04-06,1653,L8,M,D
40.155238,-93.573525,026,032,3539,4579,2026-04-06,1653,L8,M,D
40.156077,-93.567896,026,032,3555,4576,2026-04-06,1653,L8,M,D
40.156078,-93.567544,026,032,3556,4576,2026-04-06,1653,L8,M,D
40.156349,-93.567546,026,032,3556,4575,2026-04-06,1653,L8,H,D
40.156608,-93.569661,026,032,3550,4574,2026-04-06,1653,L8,H,D
40.156619,-93.567548,026,032,3556,4574,2026-04-06,1653,L8,M,D
40.156879,-93.569664,026,032,3550,4573,2026-04-06,1653,L8,H,D
40.156881,-93.569311,026,032,3551,4573,2026-04-06,1653,L8,H,D
40.156887,-93.567903,026,032,3555,4573,2026-04-06,1653,L8,M,D
40.15743,-93.567555,026,032,3556,4571,2026-04-06,1653,L8,M,D
40.157698,-93.567909,026,032,3555,4570,2026-04-06,1653,L8,M,D
40.1577,-93.567557,026,032,3556,4570,2026-04-06,1653,L8,H,D
40.157967,-93.568264,026,032,3554,4569,2026-04-06,1653,L8,H,D
40.159316,-93.568627,026,032,3553,4564,2026-04-06,1653,L8,M,D
40.159587,-93.56863,026,032,3553,4563,2026-04-06,1653,L8,M,D
40.159854,-93.569336,026,032,3551,4562,2026-04-06,1653,L8,H,D
40.159855,-93.568984,026,032,3552,4562,2026-04-06,1653,L8,M,D
40.185996,-93.302076,026,032,4310,4469,2026-04-06,1653,L8,H,D
40.217665,-92.621745,026,032,6240,4351,2026-04-06,1653,L8,M,D
40.217667,-92.622098,026,032,6239,4351,2026-04-06,1653,L8,H,D
40.217937,-92.622096,026,032,6239,4350,2026-04-06,1653,L8,M,D
40.235211,-93.45923,026,032,3865,4285,2026-04-06,1653,L8,H,D
40.237381,-92.710158,026,032,5989,4279,2026-04-06,1653,L8,L,D
40.237382,-92.71051,026,032,5988,4279,2026-04-06,1653,L8,L,D
40.237651,-92.710156,026,032,5989,4278,2026-04-06,1653,L8,H,D
40.246353,-92.556332,026,032,6425,4244,2026-04-06,1653,L8,H,D
40.246624,-92.55633,026,032,6425,4243,2026-04-06,1653,L8,H,D
40.260473,-93.703182,026,032,3174,4187,2026-04-06,1653,L8,M,D
40.260744,-93.703185,026,032,3174,4186,2026-04-06,1653,L8,M,D
40.260746,-93.702832,026,032,3175,4186,2026-04-06,1653,L8,H,D
40.260767,-93.699305,026,032,3185,4186,2026-04-06,1653,L8,M,D
40.260769,-93.698952,026,032,3186,4186,2026-04-06,1653,L8,M,D
40.261039,-93.698955,026,032,3186,4185,2026-04-06,1653,L8,M,D
40.261042,-93.698602,026,032,3187,4185,2026-04-06,1653,L8,H,D
40.26131,-93.698957,026,032,3186,4184,2026-04-06,1653,L8,M,D
40.261559,-93.702488,026,032,3176,4183,2026-04-06,1653,L8,H,D
40.261561,-93.702135,026,032,3177,4183,2026-04-06,1653,L8,M,D
40.261563,-93.701782,026,032,3178,4183,2026-04-06,1653,L8,H,D
40.261565,-93.70143,026,032,3179,4183,2026-04-06,1653,L8,H,D
40.261567,-93.701077,026,032,3180,4183,2026-04-06,1653,L8,H,D
40.261578,-93.699313,026,032,3185,4183,2026-04-06,1653,L8,H,D
40.26158,-93.69896,026,032,3186,4183,2026-04-06,1653,L8,M,D
40.261837,-93.70108,026,032,3180,4182,2026-04-06,1653,L8,H,D
40.26184,-93.700727,026,032,3181,4182,2026-04-06,1653,L8,H,D
40.261842,-93.700374,026,032,3182,4182,2026-04-06,1653,L8,H,D
40.261844,-93.700021,026,032,3183,4182,2026-04-06,1653,L8,H,D
40.261846,-93.699669,026,032,3184,4182,2026-04-06,1653,L8,M,D
40.261848,-93.699316,026,032,3185,4182,2026-04-06,1653,L8,H,D
40.293956,-93.501631,026,032,3746,4067,2026-04-06,1653,L8,L,D
40.294226,-93.501633,026,032,3746,4066,2026-04-06,1653,L8,H,D
40.294228,-93.50128,026,032,3747,4066,2026-04-06,1653,L8,H,D
40.294231,-93.500574,026,032,3749,4066,2026-04-06,1653,L8,M,D
40.294498,-93.501282,026,032,3747,4065,2026-04-06,1653,L8,L,D
40.294501,-93.500576,026,032,3749,4065,2026-04-06,1653,L8,H,D
40.294503,-93.500223,026,032,3750,4065,2026-04-06,1653,L8,L,D
40.294771,-93.500578,026,032,3749,4064,2026-04-06,1653,L8,H,D
40.404449,-92.724998,026,032,5945,3661,2026-04-06,1653,L8,M,D
40.405811,-92.729235,026,032,5933,3656,2026-04-06,1653,L8,L,D
40.407158,-92.727462,026,032,5938,3651,2026-04-06,1653,L8,H,D
40.407159,-92.727816,026,032,5937,3651,2026-04-06,1653,L8,H,D
40.407161,-92.728876,026,032,5934,3651,2026-04-06,1653,L8,L,D
40.40743,-92.728168,026,032,5936,3650,2026-04-06,1653,L8,L,D
40.407431,-92.728875,026,032,5934,3650,2026-04-06,1653,L8,L,D
40.407431,-92.728522,026,032,5935,3650,2026-04-06,1653,L8,H,D
40.541826,-93.34618,026,032,4190,3152,2026-04-06,1653,L8,H,D
40.684889,-93.313547,026,032,4284,2623,2026-04-06,1653,L8,H,D
40.68489,-93.313192,026,032,4285,2623,2026-04-06,1653,L8,H,D
40.686241,-93.313553,026,032,4284,2618,2026-04-06,1653,L8,H,D
40.686511,-93.313555,026,032,4284,2617,2026-04-06,1653,L8,H,D
40.68678,-93.313911,026,032,4283,2616,2026-04-06,1653,L8,H,D
40.686781,-93.313556,026,032,4284,2616,2026-04-06,1653,L8,H,D
40.686782,-93.313201,026,032,4285,2616,2026-04-06,1653,L8,H,D
40.68705,-93.313912,026,032,4283,2615,2026-04-06,1653,L8,H,D
40.687051,-93.313557,026,032,4284,2615,2026-04-06,1653,L8,H,D
40.687052,-93.313202,026,032,4285,2615,2026-04-06,1653,L8,H,D
40.687322,-93.313559,026,032,4284,2614,2026-04-06,1653,L8,H,D
40.687592,-93.31356,026,032,4284,2613,2026-04-06,1653,L8,H,D
40.687862,-93.313561,026,032,4284,2612,2026-04-06,1653,L8,H,D
40.687863,-93.313206,026,032,4285,2612,2026-04-06,1653,L8,H,D
40.688129,-93.314627,026,032,4281,2611,2026-04-06,1653,L8,L,D
40.68813,-93.314272,026,032,4282,2611,2026-04-06,1653,L8,H,D
40.688131,-93.313917,026,032,4283,2611,2026-04-06,1653,L8,H,D
40.688132,-93.313562,026,032,4284,2611,2026-04-06,1653,L8,H,D
40.6884,-93.314629,026,032,4281,2610,2026-04-06,1653,L8,H,D
40.688401,-93.314274,026,032,4282,2610,2026-04-06,1653,L8,H,D
40.68867,-93.31463,026,032,4281,2609,2026-04-06,1653,L8,H,D
40.68894,-93.314631,026,032,4281,2608,2026-04-06,1653,L8,M,D
40.688941,-93.314276,026,032,4282,2608,2026-04-06,1653,L8,M,D
40.688942,-93.313921,026,032,4283,2608,2026-04-06,1653,L8,H,D
40.68921,-93.314633,026,032,4281,2607,2026-04-06,1653,L8,M,D
40.689211,-93.314277,026,032,4282,2607,2026-04-06,1653,L8,H,D
40.689212,-93.313922,026,032,4283,2607,2026-04-06,1653,L8,H,D
40.689213,-93.313567,026,032,4284,2607,2026-04-06,1653,L8,H,D
40.689482,-93.314279,026,032,4282,2606,2026-04-06,1653,L8,H,D
40.689483,-93.313924,026,032,4283,2606,2026-04-06,1653,L8,H,D
40.689484,-93.313569,026,032,4284,2606,2026-04-06,1653,L8,H,D
40.689752,-93.31428,026,032,4282,2605,2026-04-06,1653,L8,H,D
40.689753,-93.313925,026,032,4283,2605,2026-04-06,1653,L8,H,D
40.689754,-93.31357,026,032,4284,2605,2026-04-06,1653,L8,H,D
40.690023,-93.313926,026,032,4283,2604,2026-04-06,1653,L8,H,D
40.690024,-93.313571,026,032,4284,2604,2026-04-06,1653,L8,M,D
40.708722,-94.071191,026,032,2151,2518,2026-04-06,1653,L8,H,D
40.708726,-94.070836,026,032,2152,2518,2026-04-06,1653,L8,H,D
40.708993,-94.071195,026,032,2151,2517,2026-04-06,1653,L8,H,D
40.708996,-94.07084,026,032,2152,2517,2026-04-06,1653,L8,H,D
40.710164,-93.058306,026,032,5003,2531,2026-04-06,1653,L8,L,D
40.710165,-93.05795,026,032,5004,2531,2026-04-06,1653,L8,M,D
40.710165,-93.057595,026,032,5005,2531,2026-04-06,1653,L8,M,D
40.710165,-93.056885,026,032,5007,2531,2026-04-06,1653,L8,M,D
40.710435,-93.058306,026,032,5003,2530,2026-04-06,1653,L8,L,D
40.710435,-93.05724,026,032,5006,2530,2026-04-06,1653,L8,M,D
40.710435,-93.056885,026,032,5007,2530,2026-04-06,1653,L8,H,D
40.710435,-93.05653,026,032,5008,2530,2026-04-06,1653,L8,M,D
40.710436,-93.056175,026,032,5009,2530,2026-04-06,1653,L8,M,D
40.710706,-93.056175,026,032,5009,2529,2026-04-06,1653,L8,M,D
40.768519,-94.003191,026,032,2345,2299,2026-04-06,1653,L8,L,D
40.769612,-94.001785,026,032,2349,2295,2026-04-06,1653,L8,H,D
40.769615,-94.00143,026,032,2350,2295,2026-04-06,1653,L8,H,D
40.769882,-94.001789,026,032,2349,2294,2026-04-06,1653,L8,H,D
40.769885,-94.001434,026,032,2350,2294,2026-04-06,1653,L8,H,D
40.770152,-94.001793,026,032,2349,2293,2026-04-06,1653,L8,H,D
40.770156,-94.001438,026,032,2350,2293,2026-04-06,1653,L8,H,D
40.770159,-94.001083,026,032,2351,2293,2026-04-06,1653,L8,H,D
40.770423,-94.001797,026,032,2349,2292,2026-04-06,1653,L8,H,D
40.770426,-94.001442,026,032,2350,2292,2026-04-06,1653,L8,H,D
40.770429,-94.001087,026,032,2351,2292,2026-04-06,1653,L8,H,D
40.770432,-94.000731,026,032,2352,2292,2026-04-06,1653,L8,H,D
40.770696,-94.001446,026,032,2350,2291,2026-04-06,1653,L8,H,D
40.770699,-94.001091,026,032,2351,2291,2026-04-06,1653,L8,H,D
40.770702,-94.000735,026,032,2352,2291,2026-04-06,1653,L8,H,D
40.803068,-93.284228,026,032,4368,2186,2026-04-06,1653,L8,H,D
40.803069,-93.283872,026,032,4369,2186,2026-04-06,1653,L8,M,D
40.803336,-93.285296,026,032,4365,2185,2026-04-06,1653,L8,L,D
40.803338,-93.284229,026,032,4368,2185,2026-04-06,1653,L8,H,D
40.803339,-93.283873,026,032,4369,2185,2026-04-06,1653,L8,H,D
40.80334,-93.283517,026,032,4370,2185,2026-04-06,1653,L8,L,D
40.803605,-93.285653,026,032,4364,2184,2026-04-06,1653,L8,H,D
40.803606,-93.285297,026,032,4365,2184,2026-04-06,1653,L8,H,D
40.803607,-93.284941,026,032,4366,2184,2026-04-06,1653,L8,H,D
40.803608,-93.284586,026,032,4367,2184,2026-04-06,1653,L8,M,D
40.80361,-93.283874,026,032,4369,2184,2026-04-06,1653,L8,M,D
40.80361,-93.283519,026,032,4370,2184,2026-04-06,1653,L8,H,D
40.803875,-93.286009,026,032,4363,2183,2026-04-06,1653,L8,H,D
40.803875,-93.285654,026,032,4364,2183,2026-04-06,1653,L8,H,D
40.803876,-93.285298,026,032,4365,2183,2026-04-06,1653,L8,H,D
40.803877,-93.284942,026,032,4366,2183,2026-04-06,1653,L8,M,D
40.803881,-93.28352,026,032,4370,2183,2026-04-06,1653,L8,M,D
40.804144,-93.286366,026,032,4362,2182,2026-04-06,1653,L8,H,D
40.804145,-93.286011,026,032,4363,2182,2026-04-06,1653,L8,H,D
40.804146,-93.285655,026,032,4364,2182,2026-04-06,1653,L8,H,D
40.804147,-93.285299,026,032,4365,2182,2026-04-06,1653,L8,H,D
40.804414,-93.286367,026,032,4362,2181,2026-04-06,1653,L8,H,D
40.804415,-93.286012,026,032,4363,2181,2026-04-06,1653,L8,H,D
40.804416,-93.285656,026,032,4364,2181,2026-04-06,1653,L8,H,D
40.804417,-93.2853,026,032,4365,2181,2026-04-06,1653,L8,M,D
40.819059,-93.088994,026,032,4917,2128,2026-04-06,1653,L8,H,D
40.829334,-93.081181,026,032,4939,2090,2026-04-06,1653,L8,H,D
40.829335,-93.080825,026,032,4940,2090,2026-04-06,1653,L8,H,D
40.829605,-93.081181,026,032,4939,2089,2026-04-06,1653,L8,H,D
40.867704,-94.393071,026,032,1254,1917,2026-04-06,1653,L8,H,D
40.867708,-94.392715,026,032,1255,1917,2026-04-06,1653,L8,H,D
40.867712,-94.392359,026,032,1256,1917,2026-04-06,1653,L8,H,D
40.867974,-94.393076,026,032,1254,1916,2026-04-06,1653,L8,H,D
40.867978,-94.39272,026,032,1255,1916,2026-04-06,1653,L8,H,D
40.867983,-94.392364,026,032,1256,1916,2026-04-06,1653,L8,H,D
40.868236,-94.393794,026,032,1252,1915,2026-04-06,1653,L8,H,D
40.86824,-94.393438,026,032,1253,1915,2026-04-06,1653,L8,H,D
40.868244,-94.393082,026,032,1254,1915,2026-04-06,1653,L8,H,D
40.868248,-94.392726,026,032,1255,1915,2026-04-06,1653,L8,H,D
40.868253,-94.39237,026,032,1256,1915,2026-04-06,1653,L8,H,D
40.868506,-94.393799,026,032,1252,1914,2026-04-06,1653,L8,H,D
40.86851,-94.393443,026,032,1253,1914,2026-04-06,1653,L8,H,D
40.868514,-94.393088,026,032,1254,1914,2026-04-06,1653,L8,H,D
40.868519,-94.392732,026,032,1255,1914,2026-04-06,1653,L8,H,D
40.868523,-94.392376,026,032,1256,1914,2026-04-06,1653,L8,H,D
40.868527,-94.39202,026,032,1257,1914,2026-04-06,1653,L8,H,D
40.868789,-94.392737,026,032,1255,1913,2026-04-06,1653,L8,H,D
40.973512,-93.641882,026,032,3367,1550,2026-04-06,1653,L8,H,D
40.973512,-93.641882,026,031,2057,6820,2026-04-06,1653,L8,H,D
41.063649,-92.496255,026,031,5268,6489,2026-04-06,1653,L8,M,D
41.063651,-92.496612,026,031,5267,6489,2026-04-06,1653,L8,H,D
41.09489,-92.23203,026,031,6007,6368,2026-04-06,1653,L8,H,D
41.094893,-92.232387,026,031,6006,6368,2026-04-06,1653,L8,H,D
41.176361,-92.6474,026,031,4843,6074,2026-04-06,1653,L8,M,D
41.17663,-92.647041,026,031,4844,6073,2026-04-06,1653,L8,H,D
41.176631,-92.647399,026,031,4843,6073,2026-04-06,1653,L8,H,D
41.176632,-92.647757,026,031,4842,6073,2026-04-06,1653,L8,M,D
41.1769,-92.64704,026,031,4844,6072,2026-04-06,1653,L8,H,D
41.176901,-92.647398,026,031,4843,6072,2026-04-06,1653,L8,H,D
41.177708,-92.645963,026,031,4847,6069,2026-04-06,1653,L8,H,D
41.197389,-92.631188,026,031,4888,5996,2026-04-06,1653,L8,L,D
41.200763,-92.791463,026,031,4440,5985,2026-04-06,1653,L8,H,D
41.201033,-92.791462,026,031,4440,5984,2026-04-06,1653,L8,H,D
41.201034,-92.791819,026,031,4439,5984,2026-04-06,1653,L8,L,D
41.224225,-92.766333,026,031,4510,5898,2026-04-06,1653,L8,M,D
41.242911,-92.075633,026,031,6439,5816,2026-04-06,1653,L8,M,D
41.24354,-92.234947,026,031,5994,5818,2026-04-06,1653,L8,H,D
41.243542,-92.235305,026,031,5993,5818,2026-04-06,1653,L8,H,D
41.243807,-92.234585,026,031,5995,5817,2026-04-06,1653,L8,H,D
41.24381,-92.234943,026,031,5994,5817,2026-04-06,1653,L8,H,D
41.243812,-92.235301,026,031,5993,5817,2026-04-06,1653,L8,H,D
41.244078,-92.234582,026,031,5995,5816,2026-04-06,1653,L8,H,D
41.24408,-92.23494,026,031,5994,5816,2026-04-06,1653,L8,H,D
41.244348,-92.234579,026,031,5995,5815,2026-04-06,1653,L8,H,D
41.24435,-92.234937,026,031,5994,5815,2026-04-06,1653,L8,H,D
41.244616,-92.234218,026,031,5996,5814,2026-04-06,1653,L8,H,D
41.244618,-92.234576,026,031,5995,5814,2026-04-06,1653,L8,H,D
41.244805,-92.075964,026,031,6438,5809,2026-04-06,1653,L8,H,D
41.244808,-92.076322,026,031,6437,5809,2026-04-06,1653,L8,H,D
41.244881,-92.233499,026,031,5998,5813,2026-04-06,1653,L8,H,D
41.244883,-92.233857,026,031,5997,5813,2026-04-06,1653,L8,H,D
41.244886,-92.234215,026,031,5996,5813,2026-04-06,1653,L8,H,D
41.244888,-92.234573,026,031,5995,5813,2026-04-06,1653,L8,H,D
41.245076,-92.075961,026,031,6438,5808,2026-04-06,1653,L8,H,D
41.245079,-92.076319,026,031,6437,5808,2026-04-06,1653,L8,H,D
41.245149,-92.233138,026,031,5999,5812,2026-04-06,1653,L8,M,D
41.245151,-92.233496,026,031,5998,5812,2026-04-06,1653,L8,H,D
41.245349,-92.076315,026,031,6437,5807,2026-04-06,1653,L8,H,D
41.245352,-92.076673,026,031,6436,5807,2026-04-06,1653,L8,H,D
41.245419,-92.233134,026,031,5999,5811,2026-04-06,1653,L8,H,D
41.245613,-92.075595,026,031,6439,5806,2026-04-06,1653,L8,M,D
41.245616,-92.075953,026,031,6438,5806,2026-04-06,1653,L8,L,D
41.245619,-92.076311,026,031,6437,5806,2026-04-06,1653,L8,H,D
41.245622,-92.076669,026,031,6436,5806,2026-04-06,1653,L8,H,D
41.245625,-92.077027,026,031,6435,5806,2026-04-06,1653,L8,H,D
41.245878,-92.074875,026,031,6441,5805,2026-04-06,1653,L8,M,D
41.245881,-92.075233,026,031,6440,5805,2026-04-06,1653,L8,H,D
41.245883,-92.075591,026,031,6439,5805,2026-04-06,1653,L8,H,D
41.245886,-92.075949,026,031,6438,5805,2026-04-06,1653,L8,H,D
41.245889,-92.076307,026,031,6437,5805,2026-04-06,1653,L8,H,D
41.245892,-92.076665,026,031,6436,5805,2026-04-06,1653,L8,H,D
41.246145,-92.074513,026,031,6442,5804,2026-04-06,1653,L8,H,D
41.246148,-92.074871,026,031,6441,5804,2026-04-06,1653,L8,H,D
41.246151,-92.075229,026,031,6440,5804,2026-04-06,1653,L8,H,D
41.246154,-92.075587,026,031,6439,5804,2026-04-06,1653,L8,H,D
41.246156,-92.075945,026,031,6438,5804,2026-04-06,1653,L8,H,D
41.246159,-92.076303,026,031,6437,5804,2026-04-06,1653,L8,H,D
41.248394,-92.233458,026,031,5998,5800,2026-04-06,1653,L8,H,D
41.248664,-92.233455,026,031,5998,5799,2026-04-06,1653,L8,H,D
41.261909,-92.052445,026,031,6503,5745,2026-04-06,1653,L8,H,D
41.261912,-92.052803,026,031,6502,5745,2026-04-06,1653,L8,H,D
41.262179,-92.052441,026,031,6503,5744,2026-04-06,1653,L8,M,D
41.262182,-92.052799,026,031,6502,5744,2026-04-06,1653,L8,H,D
41.262671,-93.194886,026,031,3313,5756,2026-04-06,1653,L8,H,D
41.262671,-93.194528,026,031,3314,5756,2026-04-06,1653,L8,M,D
41.262941,-93.194887,026,031,3313,5755,2026-04-06,1653,L8,H,D
41.262942,-93.194529,026,031,3314,5755,2026-04-06,1653,L8,M,D
41.271775,-92.573818,026,031,5047,5720,2026-04-06,1653,L8,H,D
41.271777,-92.574176,026,031,5046,5720,2026-04-06,1653,L8,H,D
41.272046,-92.573816,026,031,5047,5719,2026-04-06,1653,L8,M,D
41.272047,-92.574174,026,031,5046,5719,2026-04-06,1653,L8,M,D
41.276219,-93.172359,026,031,3376,5706,2026-04-06,1653,L8,H,D
41.276489,-93.17236,026,031,3376,5705,2026-04-06,1653,L8,H,D
41.276759,-93.172361,026,031,3376,5704,2026-04-06,1653,L8,H,D
41.27676,-93.172003,026,031,3377,5704,2026-04-06,1653,L8,M,D
41.281322,-92.465568,026,031,5349,5683,2026-04-06,1653,L8,H,D
41.281593,-92.465566,026,031,5349,5682,2026-04-06,1653,L8,H,D
41.281808,-92.66582,026,031,4790,5684,2026-04-06,1653,L8,L,D
41.291885,-92.823061,026,031,4351,5648,2026-04-06,1653,L8,H,D
41.291885,-92.822703,026,031,4352,5648,2026-04-06,1653,L8,H,D
41.30823,-92.210538,026,031,6060,5578,2026-04-06,1653,L8,H,D
41.314295,-92.115485,026,031,6325,5553,2026-04-06,1653,L8,M,D
41.314565,-92.115481,026,031,6325,5552,2026-04-06,1653,L8,H,D
41.318411,-92.123673,026,031,6302,5538,2026-04-06,1653,L8,H,D
41.318413,-92.124031,026,031,6301,5538,2026-04-06,1653,L8,H,D
41.318416,-92.12439,026,031,6300,5538,2026-04-06,1653,L8,H,D
41.318475,-93.081068,026,031,3631,5550,2026-04-06,1653,L8,H,D
41.318476,-93.080709,026,031,3632,5550,2026-04-06,1653,L8,H,D
41.318746,-93.081068,026,031,3631,5549,2026-04-06,1653,L8,H,D
41.318746,-93.08071,026,031,3632,5549,2026-04-06,1653,L8,H,D
41.318746,-93.080351,026,031,3633,5549,2026-04-06,1653,L8,L,D
41.319016,-93.081068,026,031,3631,5548,2026-04-06,1653,L8,H,D
41.319208,-92.12187,026,031,6307,5535,2026-04-06,1653,L8,M,D
41.319478,-92.121866,026,031,6307,5534,2026-04-06,1653,L8,H,D
41.360318,-92.62453,026,031,4904,5393,2026-04-06,1653,L8,H,D
41.360319,-92.624889,026,031,4903,5393,2026-04-06,1653,L8,H,D
41.36032,-92.625248,026,031,4902,5393,2026-04-06,1653,L8,H,D
41.360321,-92.625606,026,031,4901,5393,2026-04-06,1653,L8,H,D
41.360326,-92.627041,026,031,4897,5393,2026-04-06,1653,L8,M,D
41.360589,-92.624888,026,031,4903,5392,2026-04-06,1653,L8,H,D
41.36059,-92.625246,026,031,4902,5392,2026-04-06,1653,L8,H,D
41.360591,-92.625605,026,031,4901,5392,2026-04-06,1653,L8,H,D
41.360593,-92.625964,026,031,4900,5392,2026-04-06,1653,L8,H,D
41.360595,-92.626681,026,031,4898,5392,2026-04-06,1653,L8,H,D
41.360855,-92.623451,026,031,4907,5391,2026-04-06,1653,L8,H,D
41.360856,-92.62381,026,031,4906,5391,2026-04-06,1653,L8,H,D
41.360859,-92.624886,026,031,4903,5391,2026-04-06,1653,L8,H,D
41.360861,-92.625245,026,031,4902,5391,2026-04-06,1653,L8,H,D
41.360862,-92.625603,026,031,4901,5391,2026-04-06,1653,L8,H,D
41.361125,-92.62345,026,031,4907,5390,2026-04-06,1653,L8,M,D
41.36113,-92.624884,026,031,4903,5390,2026-04-06,1653,L8,H,D
41.361131,-92.625243,026,031,4902,5390,2026-04-06,1653,L8,H,D
41.361394,-92.62309,026,031,4908,5389,2026-04-06,1653,L8,M,D
41.361663,-92.622729,026,031,4909,5388,2026-04-06,1653,L8,H,D
41.361664,-92.623088,026,031,4908,5388,2026-04-06,1653,L8,H,D
41.361665,-92.623447,026,031,4907,5388,2026-04-06,1653,L8,H,D
41.361667,-92.623805,026,031,4906,5388,2026-04-06,1653,L8,H,D
41.361933,-92.622728,026,031,4909,5387,2026-04-06,1653,L8,H,D
41.361934,-92.623086,026,031,4908,5387,2026-04-06,1653,L8,H,D
41.361936,-92.623445,026,031,4907,5387,2026-04-06,1653,L8,H,D
41.361937,-92.623804,026,031,4906,5387,2026-04-06,1653,L8,H,D
41.362205,-92.623085,026,031,4908,5386,2026-04-06,1653,L8,H,D
41.362206,-92.623444,026,031,4907,5386,2026-04-06,1653,L8,H,D
41.374214,-92.451176,026,031,5387,5339,2026-04-06,1653,L8,M,D
41.374216,-92.451535,026,031,5386,5339,2026-04-06,1653,L8,M,D
41.374484,-92.451174,026,031,5387,5338,2026-04-06,1653,L8,H,D
41.374486,-92.451532,026,031,5386,5338,2026-04-06,1653,L8,H,D
41.374754,-92.451171,026,031,5387,5337,2026-04-06,1653,L8,H,D
41.374756,-92.45153,026,031,5386,5337,2026-04-06,1653,L8,H,D
41.375026,-92.451528,026,031,5386,5336,2026-04-06,1653,L8,H,D
41.375028,-92.451886,026,031,5385,5336,2026-04-06,1653,L8,H,D
41.375296,-92.451525,026,031,5386,5335,2026-04-06,1653,L8,H,D
41.375298,-92.451884,026,031,5385,5335,2026-04-06,1653,L8,H,D
41.376928,-92.453664,026,031,5380,5329,2026-04-06,1653,L8,M,D
41.377198,-92.453662,026,031,5380,5328,2026-04-06,1653,L8,M,D
41.37774,-92.454016,026,031,5379,5326,2026-04-06,1653,L8,H,D
41.378011,-92.454014,026,031,5379,5325,2026-04-06,1653,L8,H,D
41.411191,-93.022315,026,031,3795,5207,2026-04-06,1653,L8,L,D
41.427127,-93.045658,026,031,3730,5148,2026-04-06,1653,L8,H,D
41.427397,-93.045658,026,031,3730,5147,2026-04-06,1653,L8,H,D
41.427398,-93.043863,026,031,3735,5147,2026-04-06,1653,L8,M,D
41.427398,-93.043504,026,031,3736,5147,2026-04-06,1653,L8,H,D
41.427668,-93.044222,026,031,3734,5146,2026-04-06,1653,L8,H,D
41.427668,-93.043863,026,031,3735,5146,2026-04-06,1653,L8,H,D
41.434825,-93.397922,026,031,2749,5117,2026-04-06,1653,L8,L,D
41.435095,-93.397924,026,031,2749,5116,2026-04-06,1653,L8,L,D
41.435097,-93.397565,026,031,2750,5116,2026-04-06,1653,L8,H,D
41.497643,-92.929252,026,031,4054,4887,2026-04-06,1653,L8,H,D
41.508455,-92.933914,026,031,4041,4847,2026-04-06,1653,L8,L,D
41.541283,-92.081107,026,031,6412,4712,2026-04-06,1653,L8,H,D
41.541285,-92.081467,026,031,6411,4712,2026-04-06,1653,L8,M,D
41.541297,-92.082906,026,031,6407,4712,2026-04-06,1653,L8,H,D
41.541556,-92.081463,026,031,6411,4711,2026-04-06,1653,L8,H,D
41.541559,-92.081823,026,031,6410,4711,2026-04-06,1653,L8,H,D
41.541564,-92.082542,026,031,6408,4711,2026-04-06,1653,L8,M,D
41.541567,-92.082902,026,031,6407,4711,2026-04-06,1653,L8,H,D
41.54157,-92.083261,026,031,6406,4711,2026-04-06,1653,L8,H,D
41.541573,-92.083621,026,031,6405,4711,2026-04-06,1653,L8,H,D
41.541576,-92.083981,026,031,6404,4711,2026-04-06,1653,L8,H,D
41.541826,-92.081459,026,031,6411,4710,2026-04-06,1653,L8,H,D
41.541829,-92.081819,026,031,6410,4710,2026-04-06,1653,L8,H,D
41.541832,-92.082179,026,031,6409,4710,2026-04-06,1653,L8,H,D
41.541834,-92.082538,026,031,6408,4710,2026-04-06,1653,L8,H,D
41.541837,-92.082898,026,031,6407,4710,2026-04-06,1653,L8,H,D
41.54184,-92.083258,026,031,6406,4710,2026-04-06,1653,L8,H,D
41.541843,-92.083617,026,031,6405,4710,2026-04-06,1653,L8,H,D
41.541846,-92.083977,026,031,6404,4710,2026-04-06,1653,L8,H,D
41.542102,-92.082175,026,031,6409,4709,2026-04-06,1653,L8,H,D
41.542105,-92.082534,026,031,6408,4709,2026-04-06,1653,L8,H,D
41.542108,-92.082894,026,031,6407,4709,2026-04-06,1653,L8,H,D
41.54211,-92.083254,026,031,6406,4709,2026-04-06,1653,L8,H,D
41.542375,-92.082531,026,031,6408,4708,2026-04-06,1653,L8,L,D
41.542378,-92.08289,026,031,6407,4708,2026-04-06,1653,L8,H,D
41.542381,-92.08325,026,031,6406,4708,2026-04-06,1653,L8,H,D
41.542648,-92.082886,026,031,6407,4707,2026-04-06,1653,L8,H,D
41.542651,-92.083246,026,031,6406,4707,2026-04-06,1653,L8,H,D
41.542654,-92.083606,026,031,6405,4707,2026-04-06,1653,L8,H,D
41.542657,-92.083965,026,031,6404,4707,2026-04-06,1653,L8,H,D
41.542924,-92.083602,026,031,6405,4706,2026-04-06,1653,L8,H,D
41.542927,-92.083962,026,031,6404,4706,2026-04-06,1653,L8,H,D
41.621701,-93.430399,026,031,2662,4425,2026-04-06,1653,L8,H,D
41.621703,-93.430039,026,031,2663,4425,2026-04-06,1653,L8,H,D
41.629985,-93.454585,026,031,2595,4394,2026-04-06,1653,L8,H,D
41.629986,-93.454225,026,031,2596,4394,2026-04-06,1653,L8,H,D
41.658191,-93.242195,026,031,3185,4292,2026-04-06,1653,L8,H,D
41.689161,-93.287733,026,031,3059,4177,2026-04-06,1653,L8,H,D
41.716885,-92.786917,026,031,4448,4075,2026-04-06,1653,L8,M,D
41.716886,-92.787278,026,031,4447,4075,2026-04-06,1653,L8,M,D
41.716888,-92.788721,026,031,4443,4075,2026-04-06,1653,L8,M,D
41.716889,-92.789081,026,031,4442,4075,2026-04-06,1653,L8,H,D
41.71689,-92.789803,026,031,4440,4075,2026-04-06,1653,L8,M,D
41.71689,-92.789442,026,031,4441,4075,2026-04-06,1653,L8,H,D
41.717161,-92.789802,026,031,4440,4074,2026-04-06,1653,L8,H,D
41.717431,-92.790162,026,031,4439,4073,2026-04-06,1653,L8,M,D
41.718502,-92.784748,026,031,4454,4069,2026-04-06,1653,L8,M,D
41.718503,-92.785109,026,031,4453,4069,2026-04-06,1653,L8,H,D
41.718771,-92.784026,026,031,4456,4068,2026-04-06,1653,L8,M,D
41.718772,-92.784747,026,031,4454,4068,2026-04-06,1653,L8,H,D
41.718772,-92.784387,026,031,4455,4068,2026-04-06,1653,L8,H,D
41.718773,-92.785108,026,031,4453,4068,2026-04-06,1653,L8,H,D
41.719041,-92.784025,026,031,4456,4067,2026-04-06,1653,L8,H,D
41.719042,-92.784386,026,031,4455,4067,2026-04-06,1653,L8,H,D
41.720661,-92.783298,026,031,4458,4061,2026-04-06,1653,L8,M,D
41.720931,-92.783297,026,031,4458,4060,2026-04-06,1653,L8,H,D
41.720931,-92.782937,026,031,4459,4060,2026-04-06,1653,L8,L,D
41.7212,-92.782575,026,031,4460,4059,2026-04-06,1653,L8,H,D
41.721201,-92.782936,026,031,4459,4059,2026-04-06,1653,L8,H,D
41.721202,-92.783296,026,031,4458,4059,2026-04-06,1653,L8,M,D
41.72147,-92.782574,026,031,4460,4058,2026-04-06,1653,L8,H,D
41.721471,-92.782935,026,031,4459,4058,2026-04-06,1653,L8,H,D
41.72174,-92.782213,026,031,4461,4057,2026-04-06,1653,L8,H,D
41.721741,-92.782934,026,031,4459,4057,2026-04-06,1653,L8,H,D
41.721741,-92.782573,026,031,4460,4057,2026-04-06,1653,L8,H,D
41.722011,-92.782572,026,031,4460,4056,2026-04-06,1653,L8,L,D
41.727132,-92.453593,026,031,5372,4033,2026-04-06,1653,L8,H,D
41.746478,-93.370615,026,031,2830,3964,2026-04-06,1653,L8,L,D
41.74648,-93.370254,026,031,2831,3964,2026-04-06,1653,L8,H,D
41.746481,-93.369893,026,031,2832,3964,2026-04-06,1653,L8,H,D
41.746751,-93.369895,026,031,2832,3963,2026-04-06,1653,L8,H,D
41.746752,-93.369534,026,031,2833,3963,2026-04-06,1653,L8,L,D
41.746753,-93.369173,026,031,2834,3963,2026-04-06,1653,L8,M,D
41.746754,-93.368812,026,031,2835,3963,2026-04-06,1653,L8,M,D
41.747025,-93.368814,026,031,2835,3962,2026-04-06,1653,L8,M,D
41.747027,-93.368092,026,031,2837,3962,2026-04-06,1653,L8,L,D
41.747295,-93.368816,026,031,2835,3961,2026-04-06,1653,L8,H,D
41.747565,-93.368817,026,031,2835,3960,2026-04-06,1653,L8,H,D
41.747566,-93.368456,026,031,2836,3960,2026-04-06,1653,L8,M,D
41.747835,-93.368819,026,031,2835,3959,2026-04-06,1653,L8,H,D
41.747836,-93.368458,026,031,2836,3959,2026-04-06,1653,L8,H,D
41.747838,-93.368097,026,031,2837,3959,2026-04-06,1653,L8,H,D
41.748105,-93.36882,026,031,2835,3958,2026-04-06,1653,L8,H,D
41.748107,-93.368459,026,031,2836,3958,2026-04-06,1653,L8,H,D
41.748108,-93.368099,026,031,2837,3958,2026-04-06,1653,L8,H,D
41.748377,-93.368461,026,031,2836,3957,2026-04-06,1653,L8,H,D
41.748378,-93.3681,026,031,2837,3957,2026-04-06,1653,L8,H,D
41.748647,-93.368462,026,031,2836,3956,2026-04-06,1653,L8,H,D
41.748648,-93.368102,026,031,2837,3956,2026-04-06,1653,L8,H,D
41.748918,-93.368103,026,031,2837,3955,2026-04-06,1653,L8,H,D
41.74892,-93.367742,026,031,2838,3955,2026-04-06,1653,L8,L,D
41.749189,-93.368105,026,031,2837,3954,2026-04-06,1653,L8,H,D
41.74919,-93.367744,026,031,2838,3954,2026-04-06,1653,L8,L,D
41.749459,-93.368106,026,031,2837,3953,2026-04-06,1653,L8,H,D
41.749729,-93.368108,026,031,2837,3952,2026-04-06,1653,L8,H,D
41.751522,-93.684574,026,031,1960,3940,2026-04-06,1653,L8,M,D
41.751524,-93.684214,026,031,1961,3940,2026-04-06,1653,L8,H,D
41.751526,-93.683853,026,031,1962,3940,2026-04-06,1653,L8,H,D
41.751528,-93.683492,026,031,1963,3940,2026-04-06,1653,L8,H,D
41.751569,-93.152335,026,031,3435,3947,2026-04-06,1653,L8,H,D
41.751569,-93.151974,026,031,3436,3947,2026-04-06,1653,L8,H,D
41.75179,-93.684938,026,031,1959,3939,2026-04-06,1653,L8,L,D
41.751792,-93.684577,026,031,1960,3939,2026-04-06,1653,L8,H,D
41.751794,-93.684216,026,031,1961,3939,2026-04-06,1653,L8,H,D
41.751796,-93.683856,026,031,1962,3939,2026-04-06,1653,L8,H,D
41.751798,-93.683495,026,031,1963,3939,2026-04-06,1653,L8,H,D
41.752062,-93.68458,026,031,1960,3938,2026-04-06,1653,L8,H,D
41.752064,-93.684219,026,031,1961,3938,2026-04-06,1653,L8,H,D
41.752067,-93.683858,026,031,1962,3938,2026-04-06,1653,L8,H,D
41.831084,-91.828774,026,031,7099,3631,2026-04-06,1653,L8,H,D
41.831351,-91.828408,026,031,7100,3630,2026-04-06,1653,L8,M,D
41.831628,-91.829126,026,031,7098,3629,2026-04-06,1653,L8,H,D
41.831902,-91.829482,026,031,7097,3628,2026-04-06,1653,L8,M,D
41.832439,-91.829111,026,031,7098,3626,2026-04-06,1653,L8,M,D
41.835163,-93.250087,026,031,3165,3637,2026-04-06,1653,L8,L,D
41.835163,-93.249726,026,031,3166,3637,2026-04-06,1653,L8,H,D
41.835164,-93.249365,026,031,3167,3637,2026-04-06,1653,L8,H,D
41.837803,-92.429889,026,031,5435,3623,2026-04-06,1653,L8,L,D
41.837805,-92.430251,026,031,5434,3623,2026-04-06,1653,L8,L,D
41.845732,-91.782253,026,031,7227,3575,2026-04-06,1653,L8,H,D
41.845736,-91.782614,026,031,7226,3575,2026-04-06,1653,L8,H,D
41.846006,-91.782609,026,031,7226,3574,2026-04-06,1653,L8,M,D
41.886616,-93.951426,026,031,1226,3433,2026-04-06,1653,L8,L,D
41.971346,-93.021423,026,031,3798,3134,2026-04-06,1653,L8,H,D
41.971346,-93.021061,026,031,3799,3134,2026-04-06,1653,L8,H,D
41.971616,-93.021423,026,031,3798,3133,2026-04-06,1653,L8,H,D
41.971616,-93.021061,026,031,3799,3133,2026-04-06,1653,L8,H,D
42.011137,-93.54243,026,031,2360,2982,2026-04-06,1653,L8,H,D
42.011407,-93.542432,026,031,2360,2981,2026-04-06,1653,L8,M,D
42.02166,-92.777931,026,031,4470,2947,2026-04-06,1653,L8,H,D
42.022856,-91.770544,026,031,7250,2919,2026-04-06,1653,L8,H,D
42.099958,-93.030537,026,031,3773,2658,2026-04-06,1653,L8,H,D
42.099958,-93.030174,026,031,3774,2658,2026-04-06,1653,L8,H,D
42.100228,-93.030537,026,031,3773,2657,2026-04-06,1653,L8,H,D
42.100228,-93.030174,026,031,3774,2657,2026-04-06,1653,L8,H,D
42.100498,-93.030537,026,031,3773,2656,2026-04-06,1653,L8,H,D
42.100499,-93.030174,026,031,3774,2656,2026-04-06,1653,L8,H,D
42.100499,-93.029811,026,031,3775,2656,2026-04-06,1653,L8,M,D
42.100769,-93.030174,026,031,3774,2655,2026-04-06,1653,L8,H,D
42.100769,-93.029811,026,031,3775,2655,2026-04-06,1653,L8,M,D
42.101039,-93.030174,026,031,3774,2654,2026-04-06,1653,L8,H,D
42.16756,-92.219918,026,031,6005,2398,2026-04-06,1653,L8,M,D
42.167563,-92.220281,026,031,6004,2398,2026-04-06,1653,L8,H,D
42.167833,-92.220278,026,031,6004,2397,2026-04-06,1653,L8,H,D
42.168103,-92.220274,026,031,6004,2396,2026-04-06,1653,L8,L,D
42.258564,-93.005153,026,031,3843,2071,2026-04-06,1653,L8,H,D
42.267367,-93.630834,026,031,2123,2032,2026-04-06,1653,L8,H,D
42.267369,-93.63047,026,031,2124,2032,2026-04-06,1653,L8,H,D
42.267637,-93.630837,026,031,2123,2031,2026-04-06,1653,L8,H,D
42.267639,-93.630473,026,031,2124,2031,2026-04-06,1653,L8,H,D
42.267909,-93.630476,026,031,2124,2030,2026-04-06,1653,L8,H,D
42.295475,-92.089147,026,031,6360,1921,2026-04-06,1653,L8,H,D
42.370123,-93.08022,026,031,3637,1658,2026-04-06,1653,L8,M,D
42.426744,-92.603645,026,031,4944,1446,2026-04-06,1653,L8,H,D
42.427014,-92.603643,026,031,4944,1445,2026-04-06,1653,L8,H,D
42.441555,-92.01335,026,031,6562,1378,2026-04-06,1653,L8,H,D
42.445478,-93.754824,026,031,1788,1370,2026-04-06,1653,L8,M,D
42.445731,-93.757381,026,031,1781,1369,2026-04-06,1653,L8,H,D
42.445748,-93.754827,026,031,1788,1369,2026-04-06,1653,L8,H,D
42.446001,-93.757384,026,031,1781,1368,2026-04-06,1653,L8,M,D
42.447637,-93.755215,026,031,1787,1362,2026-04-06,1653,L8,L,D
42.447919,-93.753394,026,031,1792,1361,2026-04-06,1653,L8,H,D
42.448186,-93.753762,026,031,1791,1360,2026-04-06,1653,L8,H,D
42.448189,-93.753397,026,031,1792,1360,2026-04-06,1653,L8,H,D
42.448191,-93.753033,026,031,1793,1360,2026-04-06,1653,L8,H,D
42.448457,-93.753765,026,031,1791,1359,2026-04-06,1653,L8,H,D
42.448459,-93.753401,026,031,1792,1359,2026-04-06,1653,L8,H,D
42.448461,-93.753036,026,031,1793,1359,2026-04-06,1653,L8,H,D
42.448464,-93.752671,026,031,1794,1359,2026-04-06,1653,L8,L,D
42.596653,-92.680093,026,031,4732,818,2026-04-06,1653,L8,H,D
42.596654,-92.680459,026,031,4731,818,2026-04-06,1653,L8,H,D
42.596923,-92.680092,026,031,4732,817,2026-04-06,1653,L8,H,D
42.596924,-92.680457,026,031,4731,817,2026-04-06,1653,L8,H,D
42.597194,-92.68009,026,031,4732,816,2026-04-06,1653,L8,H,D
42.597195,-92.680456,026,031,4731,816,2026-04-06,1653,L8,H,D
35.081388,-94.207117,026,035,5499,7526,2026-04-06,1654,L8,L,D
35.10813,-94.210803,026,035,5489,7427,2026-04-06,1654,L8,H,D
35.108133,-94.210473,026,035,5490,7427,2026-04-06,1654,L8,L,D
35.143773,-94.41616,026,035,4867,7287,2026-04-06,1654,L8,H,D
35.166308,-94.408975,026,035,4890,7204,2026-04-06,1654,L8,H,D
35.191883,-94.464772,026,035,4722,7107,2026-04-06,1654,L8,H,D
35.213756,-94.489884,026,035,4647,7025,2026-04-06,1654,L8,L,D
35.215801,-94.337978,026,035,5108,7024,2026-04-06,1654,L8,H,D
35.216071,-94.337982,026,035,5108,7023,2026-04-06,1654,L8,H,D
35.246029,-94.48289,026,035,4670,6906,2026-04-06,1654,L8,L,D
35.259697,-95.317393,026,035,2140,6807,2026-04-06,1654,L8,L,D
35.259703,-95.317064,026,035,2141,6807,2026-04-06,1654,L8,H,D
35.294839,-94.427695,026,035,4840,6728,2026-04-06,1654,L8,H,D
35.294843,-94.427365,026,035,4841,6728,2026-04-06,1654,L8,H,D
35.295106,-94.42803,026,035,4839,6727,2026-04-06,1654,L8,H,D
35.29511,-94.4277,026,035,4840,6727,2026-04-06,1654,L8,H,D
35.295376,-94.428034,026,035,4839,6726,2026-04-06,1654,L8,L,D
35.295921,-94.427714,026,035,4840,6724,2026-04-06,1654,L8,H,D
35.317841,-94.898673,026,035,3414,6619,2026-04-06,1654,L8,H,D
35.317847,-94.898343,026,035,3415,6619,2026-04-06,1654,L8,M,D
35.325731,-94.376091,026,035,4998,6616,2026-04-06,1654,L8,H,D
35.326002,-94.376096,026,035,4998,6615,2026-04-06,1654,L8,H,D
35.326006,-94.375766,026,035,4999,6615,2026-04-06,1654,L8,H,D
35.326568,-94.300525,026,035,5227,6616,2026-04-06,1654,L8,H,D
35.338823,-94.159437,026,035,5655,6576,2026-04-06,1654,L8,H,D
35.338826,-94.159107,026,035,5656,6576,2026-04-06,1654,L8,L,D
35.339097,-94.159111,026,035,5656,6575,2026-04-06,1654,L8,L,D
35.369796,-95.272994,026,035,2284,6403,2026-04-06,1654,L8,L,D
35.370067,-95.273001,026,035,2284,6402,2026-04-06,1654,L8,L,D
35.370656,-95.990414,026,035,111,6342,2026-04-06,1654,L8,L,D
35.370918,-95.990754,026,035,110,6341,2026-04-06,1654,L8,H,D
35.370926,-95.990424,026,035,111,6341,2026-04-06,1654,L8,L,D
35.370943,-95.989764,026,035,113,6341,2026-04-06,1654,L8,L,D
35.370951,-95.989434,026,035,114,6341,2026-04-06,1654,L8,L,D
35.370959,-95.989105,026,035,115,6341,2026-04-06,1654,L8,H,D
35.385668,-95.929556,026,035,297,6292,2026-04-06,1654,L8,H,D
35.385938,-95.929566,026,035,297,6291,2026-04-06,1654,L8,H,D
35.385946,-95.929236,026,035,298,6291,2026-04-06,1654,L8,H,D
35.387113,-94.555819,026,035,4457,6381,2026-04-06,1654,L8,H,D
35.393722,-94.668581,026,035,4116,6351,2026-04-06,1654,L8,H,D
35.393993,-94.668587,026,035,4116,6350,2026-04-06,1654,L8,M,D
35.413004,-94.286383,026,035,5274,6297,2026-04-06,1654,L8,H,D
35.415107,-94.435761,026,035,4822,6283,2026-04-06,1654,L8,H,D
35.415111,-94.435431,026,035,4823,6283,2026-04-06,1654,L8,H,D
35.415377,-94.435766,026,035,4822,6282,2026-04-06,1654,L8,H,D
35.415381,-94.435435,026,035,4823,6282,2026-04-06,1654,L8,H,D
35.43148,-94.303862,026,035,5222,6228,2026-04-06,1654,L8,L,D
35.431483,-94.303532,026,035,5223,6228,2026-04-06,1654,L8,H,D
35.43175,-94.303866,026,035,5222,6227,2026-04-06,1654,L8,L,D
35.431754,-94.303536,026,035,5223,6227,2026-04-06,1654,L8,H,D
35.434244,-94.193523,026,035,5556,6222,2026-04-06,1654,L8,H,D
35.434501,-94.194848,026,035,5552,6221,2026-04-06,1654,L8,H,D
35.434511,-94.193857,026,035,5555,6221,2026-04-06,1654,L8,H,D
35.434514,-94.193527,026,035,5556,6221,2026-04-06,1654,L8,H,D
35.434517,-94.193196,026,035,5557,6221,2026-04-06,1654,L8,L,D
35.434771,-94.194852,026,035,5552,6220,2026-04-06,1654,L8,H,D
35.434784,-94.193531,026,035,5556,6220,2026-04-06,1654,L8,H,D
35.436697,-95.253064,026,035,2350,6157,2026-04-06,1654,L8,H,D
35.436715,-93.945017,026,035,6308,6221,2026-04-06,1654,L8,H,D
35.436985,-93.94502,026,035,6308,6220,2026-04-06,1654,L8,H,D
35.440298,-94.563452,026,035,4437,6184,2026-04-06,1654,L8,H,D
35.440302,-94.563122,026,035,4438,6184,2026-04-06,1654,L8,H,D
35.440572,-94.563127,026,035,4438,6183,2026-04-06,1654,L8,L,D
35.441105,-94.563798,026,035,4436,6181,2026-04-06,1654,L8,H,D
35.441109,-94.563468,026,035,4437,6181,2026-04-06,1654,L8,M,D
35.449267,-94.23275,026,035,5438,6165,2026-04-06,1654,L8,L,D
35.44927,-94.232419,026,035,5439,6165,2026-04-06,1654,L8,L,D
35.449544,-94.232093,026,035,5440,6164,2026-04-06,1654,L8,L,D
35.465532,-95.8918,026,035,420,6000,2026-04-06,1654,L8,H,D
35.465802,-95.89181,026,035,420,5999,2026-04-06,1654,L8,L,D
35.46618,-94.416832,026,035,4882,6095,2026-04-06,1654,L8,H,D
35.466184,-94.416501,026,035,4883,6095,2026-04-06,1654,L8,H,D
35.46645,-94.416836,026,035,4882,6094,2026-04-06,1654,L8,L,D
35.474848,-94.783002,026,035,3775,6045,2026-04-06,1654,L8,L,D
35.475654,-94.783351,026,035,3774,6042,2026-04-06,1654,L8,L,D
35.475659,-94.78302,026,035,3775,6042,2026-04-06,1654,L8,H,D
35.478094,-95.61391,026,035,1262,5977,2026-04-06,1654,L8,L,D
35.478962,-94.339679,026,035,5116,6051,2026-04-06,1654,L8,L,D
35.478991,-94.562217,026,035,4443,6041,2026-04-06,1654,L8,H,D
35.479233,-94.339684,026,035,5116,6050,2026-04-06,1654,L8,H,D
35.479261,-94.562223,026,035,4443,6040,2026-04-06,1654,L8,L,D
35.482641,-95.514545,026,035,1563,5968,2026-04-06,1654,L8,H,D
35.482911,-95.514553,026,035,1563,5967,2026-04-06,1654,L8,H,D
35.48476,-94.637063,026,035,4217,6016,2026-04-06,1654,L8,H,D
35.486148,-94.654287,026,035,4165,6010,2026-04-06,1654,L8,H,D
35.486152,-94.653956,026,035,4166,6010,2026-04-06,1654,L8,M,D
35.486418,-94.654292,026,035,4165,6009,2026-04-06,1654,L8,L,D
35.486423,-94.653962,026,035,4166,6009,2026-04-06,1654,L8,L,D
35.48789,-95.648281,026,035,1159,5938,2026-04-06,1654,L8,H,D
35.487898,-95.647951,026,035,1160,5938,2026-04-06,1654,L8,H,D
35.488168,-95.64796,026,035,1160,5937,2026-04-06,1654,L8,H,D
35.495388,-94.271489,026,035,5323,5993,2026-04-06,1654,L8,M,D
35.496497,-95.00605,026,035,3102,5952,2026-04-06,1654,L8,L,D
35.497314,-95.00574,026,035,3103,5949,2026-04-06,1654,L8,H,D
35.50675,-95.795066,026,035,717,5856,2026-04-06,1654,L8,L,D
35.50702,-95.795076,026,035,717,5855,2026-04-06,1654,L8,H,D
35.507027,-95.794745,026,035,718,5855,2026-04-06,1654,L8,H,D
35.512731,-94.437167,026,035,4823,5922,2026-04-06,1654,L8,H,D
35.512735,-94.436836,026,035,4824,5922,2026-04-06,1654,L8,H,D
35.513002,-94.437171,026,035,4823,5921,2026-04-06,1654,L8,H,D
35.513006,-94.436841,026,035,4824,5921,2026-04-06,1654,L8,H,D
35.51301,-94.43651,026,035,4825,5921,2026-04-06,1654,L8,H,D
35.513014,-94.436179,026,035,4826,5921,2026-04-06,1654,L8,H,D
35.513018,-94.435848,026,035,4827,5921,2026-04-06,1654,L8,H,D
35.513284,-94.436184,026,035,4826,5920,2026-04-06,1654,L8,H,D
35.513288,-94.435853,026,035,4827,5920,2026-04-06,1654,L8,L,D
35.514489,-94.931079,026,035,3330,5890,2026-04-06,1654,L8,L,D
35.519994,-94.890853,026,035,3452,5872,2026-04-06,1654,L8,H,D
35.52,-94.890522,026,035,3453,5872,2026-04-06,1654,L8,L,D
35.520265,-94.890859,026,035,3452,5871,2026-04-06,1654,L8,H,D
35.52027,-94.890529,026,035,3453,5871,2026-04-06,1654,L8,H,D
35.520535,-94.890866,026,035,3452,5870,2026-04-06,1654,L8,H,D
35.52054,-94.890535,026,035,3453,5870,2026-04-06,1654,L8,H,D
35.520811,-94.890541,026,035,3453,5869,2026-04-06,1654,L8,H,D
35.521086,-94.890217,026,035,3454,5868,2026-04-06,1654,L8,H,D
35.521091,-94.889886,026,035,3455,5868,2026-04-06,1654,L8,H,D
35.521357,-94.890223,026,035,3454,5867,2026-04-06,1654,L8,H,D
35.523943,-94.25672,026,035,5369,5888,2026-04-06,1654,L8,H,D
35.524213,-94.256724,026,035,5369,5887,2026-04-06,1654,L8,L,D
35.525144,-94.014213,026,035,6102,5892,2026-04-06,1654,L8,H,D
35.525147,-94.013882,026,035,6103,5892,2026-04-06,1654,L8,H,D
35.525184,-94.955486,026,035,3257,5849,2026-04-06,1654,L8,L,D
35.525414,-94.014216,026,035,6102,5891,2026-04-06,1654,L8,H,D
35.525417,-94.013885,026,035,6103,5891,2026-04-06,1654,L8,H,D
35.525449,-94.955823,026,035,3256,5848,2026-04-06,1654,L8,H,D
35.525454,-94.955493,026,035,3257,5848,2026-04-06,1654,L8,H,D
35.528969,-94.955578,026,035,3257,5835,2026-04-06,1654,L8,H,D
35.528974,-94.955247,026,035,3258,5835,2026-04-06,1654,L8,H,D
35.52978,-94.955598,026,035,3257,5832,2026-04-06,1654,L8,H,D
35.529785,-94.955267,026,035,3258,5832,2026-04-06,1654,L8,H,D
35.53005,-94.955604,026,035,3257,5831,2026-04-06,1654,L8,H,D
35.530055,-94.955274,026,035,3258,5831,2026-04-06,1654,L8,H,D
35.53032,-94.955611,026,035,3257,5830,2026-04-06,1654,L8,H,D
35.530326,-94.95528,026,035,3258,5830,2026-04-06,1654,L8,H,D
35.530553,-94.590348,026,035,4361,5849,2026-04-06,1654,L8,H,D
35.530591,-94.955617,026,035,3257,5829,2026-04-06,1654,L8,H,D
35.530596,-94.955287,026,035,3258,5829,2026-04-06,1654,L8,H,D
35.530814,-94.591015,026,035,4359,5848,2026-04-06,1654,L8,L,D
35.530819,-94.590684,026,035,4360,5848,2026-04-06,1654,L8,H,D
35.530823,-94.590353,026,035,4361,5848,2026-04-06,1654,L8,H,D
35.531085,-94.59102,026,035,4359,5847,2026-04-06,1654,L8,H,D
35.531089,-94.590689,026,035,4360,5847,2026-04-06,1654,L8,H,D
35.531094,-94.590359,026,035,4361,5847,2026-04-06,1654,L8,H,D
35.531131,-94.95563,026,035,3257,5827,2026-04-06,1654,L8,H,D
35.531137,-94.9553,026,035,3258,5827,2026-04-06,1654,L8,H,D
35.531355,-94.591025,026,035,4359,5846,2026-04-06,1654,L8,H,D
35.53136,-94.590695,026,035,4360,5846,2026-04-06,1654,L8,H,D
35.531364,-94.590364,026,035,4361,5846,2026-04-06,1654,L8,H,D
35.531368,-94.590033,026,035,4362,5846,2026-04-06,1654,L8,M,D
35.531402,-94.955637,026,035,3257,5826,2026-04-06,1654,L8,H,D
35.531407,-94.955306,026,035,3258,5826,2026-04-06,1654,L8,H,D
35.531626,-94.591031,026,035,4359,5845,2026-04-06,1654,L8,H,D
35.53163,-94.5907,026,035,4360,5845,2026-04-06,1654,L8,H,D
35.531634,-94.590369,026,035,4361,5845,2026-04-06,1654,L8,H,D
35.531639,-94.590038,026,035,4362,5845,2026-04-06,1654,L8,H,D
35.5319,-94.590705,026,035,4360,5844,2026-04-06,1654,L8,H,D
35.531905,-94.590375,026,035,4361,5844,2026-04-06,1654,L8,H,D
35.546808,-94.922589,026,035,3358,5771,2026-04-06,1654,L8,H,D
35.547078,-94.922595,026,035,3358,5770,2026-04-06,1654,L8,M,D
35.547658,-94.885877,026,035,3469,5770,2026-04-06,1654,L8,L,D
35.554516,-95.54293,026,035,1484,5700,2026-04-06,1654,L8,L,D
35.554786,-95.542939,026,035,1484,5699,2026-04-06,1654,L8,L,D
35.562267,-95.277095,026,035,2288,5691,2026-04-06,1654,L8,H,D
35.562537,-95.277102,026,035,2288,5690,2026-04-06,1654,L8,H,D
35.571466,-94.211776,026,035,5507,5714,2026-04-06,1654,L8,H,D
35.571469,-94.211445,026,035,5508,5714,2026-04-06,1654,L8,H,D
35.571733,-94.212111,026,035,5506,5713,2026-04-06,1654,L8,H,D
35.571736,-94.21178,026,035,5507,5713,2026-04-06,1654,L8,H,D
35.57174,-94.211449,026,035,5508,5713,2026-04-06,1654,L8,H,D
35.572007,-94.211785,026,035,5507,5712,2026-04-06,1654,L8,H,D
35.583037,-94.973445,026,035,3207,5634,2026-04-06,1654,L8,H,D
35.5896,-94.288871,026,035,5275,5644,2026-04-06,1654,L8,L,D
35.590402,-94.363388,026,035,5050,5638,2026-04-06,1654,L8,L,D
35.595499,-95.661093,026,035,1131,5539,2026-04-06,1654,L8,L,D
35.601101,-95.89866,026,035,414,5498,2026-04-06,1654,L8,M,D
35.601109,-95.898329,026,035,415,5498,2026-04-06,1654,L8,H,D
35.601117,-95.897998,026,035,416,5498,2026-04-06,1654,L8,H,D
35.601379,-95.898339,026,035,415,5497,2026-04-06,1654,L8,H,D
35.601387,-95.898008,026,035,416,5497,2026-04-06,1654,L8,L,D
35.601649,-95.898348,026,035,415,5496,2026-04-06,1654,L8,L,D
35.6025,-95.117306,026,035,2774,5553,2026-04-06,1654,L8,L,D
35.606616,-95.333651,026,035,2121,5523,2026-04-06,1654,L8,L,D
35.61638,-94.81363,026,035,3692,5520,2026-04-06,1654,L8,H,D
35.616651,-94.813636,026,035,3692,5519,2026-04-06,1654,L8,L,D
35.630768,-95.867937,026,035,510,5391,2026-04-06,1654,L8,H,D
35.630776,-95.867606,026,035,511,5391,2026-04-06,1654,L8,H,D
35.646243,-94.675143,026,035,4112,5417,2026-04-06,1654,L8,H,D
35.651046,-95.810689,026,035,685,5321,2026-04-06,1654,L8,H,D
35.653433,-94.968549,026,035,3227,5374,2026-04-06,1654,L8,H,D
35.668303,-95.441158,026,035,1802,5287,2026-04-06,1654,L8,L,D
35.683391,-95.348813,026,035,2082,5238,2026-04-06,1654,L8,L,D
35.683398,-95.348481,026,035,2083,5238,2026-04-06,1654,L8,H,D
35.68341,-95.347819,026,035,2085,5238,2026-04-06,1654,L8,H,D
35.683417,-95.347488,026,035,2086,5238,2026-04-06,1654,L8,H,D
35.683423,-95.347156,026,035,2087,5238,2026-04-06,1654,L8,H,D
35.683661,-95.34882,026,035,2082,5237,2026-04-06,1654,L8,H,D
35.683681,-95.347827,026,035,2085,5237,2026-04-06,1654,L8,H,D
35.683687,-95.347495,026,035,2086,5237,2026-04-06,1654,L8,H,D
35.683694,-95.347164,026,035,2087,5237,2026-04-06,1654,L8,H,D
35.683932,-95.348828,026,035,2082,5236,2026-04-06,1654,L8,H,D
35.683951,-95.347835,026,035,2085,5236,2026-04-06,1654,L8,H,D
35.684202,-95.348836,026,035,2082,5235,2026-04-06,1654,L8,H,D
35.684228,-95.347511,026,035,2086,5235,2026-04-06,1654,L8,H,D
35.684234,-95.34718,026,035,2087,5235,2026-04-06,1654,L8,H,D
35.684472,-95.348844,026,035,2082,5234,2026-04-06,1654,L8,H,D
35.684479,-95.348513,026,035,2083,5234,2026-04-06,1654,L8,H,D
35.684498,-95.347519,026,035,2086,5234,2026-04-06,1654,L8,H,D
35.684504,-95.347188,026,035,2087,5234,2026-04-06,1654,L8,H,D
35.684511,-95.346857,026,035,2088,5234,2026-04-06,1654,L8,H,D
35.684781,-95.346865,026,035,2088,5233,2026-04-06,1654,L8,H,D
35.706449,-94.210168,026,035,5518,5215,2026-04-06,1654,L8,H,D
35.706453,-94.209837,026,035,5519,5215,2026-04-06,1654,L8,H,D
35.70672,-94.210173,026,035,5518,5214,2026-04-06,1654,L8,H,D
35.706723,-94.209841,026,035,5519,5214,2026-04-06,1654,L8,H,D
35.706726,-94.209509,026,035,5520,5214,2026-04-06,1654,L8,H,D
35.706993,-94.209845,026,035,5519,5213,2026-04-06,1654,L8,M,D
35.706997,-94.209513,026,035,5520,5213,2026-04-06,1654,L8,H,D
35.709917,-95.248464,026,035,2387,5147,2026-04-06,1654,L8,L,D
35.745542,-95.419301,026,035,1875,5003,2026-04-06,1654,L8,H,D
35.745548,-95.41897,026,035,1876,5003,2026-04-06,1654,L8,H,D
35.745555,-95.418638,026,035,1877,5003,2026-04-06,1654,L8,H,D
35.745812,-95.419309,026,035,1875,5002,2026-04-06,1654,L8,H,D
35.745819,-95.418978,026,035,1876,5002,2026-04-06,1654,L8,H,D
35.745825,-95.418646,026,035,1877,5002,2026-04-06,1654,L8,H,D
35.746089,-95.418986,026,035,1876,5001,2026-04-06,1654,L8,H,D
35.746096,-95.418655,026,035,1877,5001,2026-04-06,1654,L8,H,D
35.764047,-94.951695,026,035,3286,4966,2026-04-06,1654,L8,L,D
35.764317,-94.951701,026,035,3286,4965,2026-04-06,1654,L8,H,D
35.764323,-94.95137,026,035,3287,4965,2026-04-06,1654,L8,H,D
35.764588,-94.951708,026,035,3286,4964,2026-04-06,1654,L8,H,D
35.764593,-94.951376,026,035,3287,4964,2026-04-06,1654,L8,M,D
35.764858,-94.951715,026,035,3286,4963,2026-04-06,1654,L8,H,D
35.764863,-94.951383,026,035,3287,4963,2026-04-06,1654,L8,H,D
35.767544,-94.684652,026,035,4091,4968,2026-04-06,1654,L8,H,D
35.767549,-94.68432,026,035,4092,4968,2026-04-06,1654,L8,H,D
35.767815,-94.684657,026,035,4091,4967,2026-04-06,1654,L8,H,D
35.771321,-95.824208,026,035,657,4875,2026-04-06,1654,L8,H,D
35.771329,-95.823877,026,035,658,4875,2026-04-06,1654,L8,H,D
35.788423,-94.311327,026,035,5217,4908,2026-04-06,1654,L8,H,D
35.797035,-94.624856,026,035,4273,4862,2026-04-06,1654,L8,H,D
35.79704,-94.624524,026,035,4274,4862,2026-04-06,1654,L8,H,D
35.797247,-94.460865,026,035,4767,4869,2026-04-06,1654,L8,H,D
35.797251,-94.460533,026,035,4768,4869,2026-04-06,1654,L8,H,D
35.797521,-94.460538,026,035,4768,4868,2026-04-06,1654,L8,H,D
35.79807,-94.459884,026,035,4770,4866,2026-04-06,1654,L8,H,D
35.79834,-94.459889,026,035,4770,4865,2026-04-06,1654,L8,M,D
35.810349,-94.093202,026,035,5875,4835,2026-04-06,1654,L8,H,D
35.834918,-95.016198,026,035,3097,4700,2026-04-06,1654,L8,L,D
35.835183,-95.016537,026,035,3096,4699,2026-04-06,1654,L8,H,D
35.835188,-95.016205,026,035,3097,4699,2026-04-06,1654,L8,H,D
35.835459,-95.016211,026,035,3097,4698,2026-04-06,1654,L8,L,D
35.839049,-94.715391,026,035,4003,4702,2026-04-06,1654,L8,H,D
35.839054,-94.715059,026,035,4004,4702,2026-04-06,1654,L8,H,D
35.839324,-94.715065,026,035,4004,4701,2026-04-06,1654,L8,H,D
35.84422,-95.473442,026,035,1721,4634,2026-04-06,1654,L8,L,D
35.844491,-95.47345,026,035,1721,4633,2026-04-06,1654,L8,H,D
35.846254,-95.172594,026,035,2627,4648,2026-04-06,1654,L8,L,D
35.853559,-94.212732,026,035,5517,4671,2026-04-06,1654,L8,L,D
35.863234,-95.429519,026,035,1855,4567,2026-04-06,1654,L8,H,D
35.863241,-95.429187,026,035,1856,4567,2026-04-06,1654,L8,H,D
35.863872,-94.066358,026,035,5958,4638,2026-04-06,1654,L8,H,D
35.872832,-95.52782,026,035,1560,4524,2026-04-06,1654,L8,H,D
35.8731,-95.013178,026,035,3109,4559,2026-04-06,1654,L8,L,D
35.87337,-95.013185,026,035,3109,4558,2026-04-06,1654,L8,H,D
35.879242,-95.729032,026,035,955,4484,2026-04-06,1654,L8,L,D
35.87925,-95.7287,026,035,956,4484,2026-04-06,1654,L8,H,D
35.884928,-95.680717,026,035,1101,4467,2026-04-06,1654,L8,H,D
35.885198,-95.680726,026,035,1101,4466,2026-04-06,1654,L8,H,D
35.8855,-94.004828,026,035,6144,4560,2026-04-06,1654,L8,H,D
35.889624,-94.995318,026,035,3164,4499,2026-04-06,1654,L8,H,D
35.889629,-94.994986,026,035,3165,4499,2026-04-06,1654,L8,L,D
35.889894,-94.995325,026,035,3164,4498,2026-04-06,1654,L8,H,D
35.8899,-94.994992,026,035,3165,4498,2026-04-06,1654,L8,H,D
35.890164,-94.995331,026,035,3164,4497,2026-04-06,1654,L8,H,D
35.89017,-94.994999,026,035,3165,4497,2026-04-06,1654,L8,H,D
35.901374,-95.694897,026,035,1060,4405,2026-04-06,1654,L8,H,D
35.901382,-95.694565,026,035,1061,4405,2026-04-06,1654,L8,H,D
35.901637,-95.695239,026,035,1059,4404,2026-04-06,1654,L8,H,D
35.901645,-95.694907,026,035,1060,4404,2026-04-06,1654,L8,H,D
35.901652,-95.694574,026,035,1061,4404,2026-04-06,1654,L8,H,D
35.91054,-95.116179,026,035,2802,4414,2026-04-06,1654,L8,L,D
35.910811,-95.116186,026,035,2802,4413,2026-04-06,1654,L8,H,D
35.911081,-95.116193,026,035,2802,4412,2026-04-06,1654,L8,H,D
35.914412,-95.71628,026,035,997,4355,2026-04-06,1654,L8,H,D
35.914419,-95.715948,026,035,998,4355,2026-04-06,1654,L8,H,D
35.91708,-95.800134,026,035,745,4338,2026-04-06,1654,L8,H,D
35.91739,-94.039479,026,035,6041,4441,2026-04-06,1654,L8,H,D
35.917661,-94.039483,026,035,6041,4440,2026-04-06,1654,L8,M,D
35.935456,-94.163432,026,035,5669,4370,2026-04-06,1654,L8,M,D
35.940026,-95.813246,026,035,708,4252,2026-04-06,1654,L8,L,D
35.940296,-95.813256,026,035,708,4251,2026-04-06,1654,L8,H,D
35.940304,-95.812923,026,035,709,4251,2026-04-06,1654,L8,L,D
35.941233,-94.260966,026,035,5376,4345,2026-04-06,1654,L8,M,D
35.941236,-94.260633,026,035,5377,4345,2026-04-06,1654,L8,L,D
35.947372,-95.632614,026,035,1252,4240,2026-04-06,1654,L8,H,D
35.95161,-94.277097,026,035,5328,4306,2026-04-06,1654,L8,H,D
35.951614,-94.276765,026,035,5329,4306,2026-04-06,1654,L8,H,D
35.958359,-94.199696,026,035,5561,4284,2026-04-06,1654,L8,H,D
35.963174,-93.779912,026,035,6823,4279,2026-04-06,1654,L8,H,D
35.965309,-94.600685,026,035,4356,4241,2026-04-06,1654,L8,H,D
35.968628,-94.200516,026,035,5559,4246,2026-04-06,1654,L8,M,D
35.968876,-94.425095,026,035,4884,4236,2026-04-06,1654,L8,H,D
35.96888,-94.424762,026,035,4885,4236,2026-04-06,1654,L8,H,D
35.968899,-94.20052,026,035,5559,4245,2026-04-06,1654,L8,H,D
35.969146,-94.4251,026,035,4884,4235,2026-04-06,1654,L8,H,D
35.96915,-94.424767,026,035,4885,4235,2026-04-06,1654,L8,H,D
35.969416,-94.425105,026,035,4884,4234,2026-04-06,1654,L8,M,D
35.96942,-94.424772,026,035,4885,4234,2026-04-06,1654,L8,H,D
35.970491,-95.393883,026,035,1972,4173,2026-04-06,1654,L8,H,D
35.970761,-95.393891,026,035,1972,4172,2026-04-06,1654,L8,H,D
35.971315,-95.393243,026,035,1974,4170,2026-04-06,1654,L8,L,D
35.971435,-93.876153,026,035,6534,4246,2026-04-06,1654,L8,L,D
35.971585,-95.393251,026,035,1974,4169,2026-04-06,1654,L8,H,D
35.976237,-94.196971,026,035,5570,4218,2026-04-06,1654,L8,M,D
35.976507,-94.196976,026,035,5570,4217,2026-04-06,1654,L8,H,D
35.976777,-94.19698,026,035,5570,4216,2026-04-06,1654,L8,L,D
35.988394,-94.975176,026,035,3232,4135,2026-04-06,1654,L8,H,D
35.992116,-94.120999,026,035,5799,4162,2026-04-06,1654,L8,M,D
35.992387,-94.121002,026,035,5799,4161,2026-04-06,1654,L8,H,D
35.997939,-94.647605,026,035,4217,4118,2026-04-06,1654,L8,H,D
35.997943,-94.647273,026,035,4218,4118,2026-04-06,1654,L8,L,D
35.998209,-94.647611,026,035,4217,4117,2026-04-06,1654,L8,H,D
36.021715,-94.321841,026,035,5197,4045,2026-04-06,1654,L8,H,D
36.021718,-94.321508,026,035,5198,4045,2026-04-06,1654,L8,L,D
36.030987,-95.666354,026,035,1159,3928,2026-04-06,1654,L8,H,D
36.040411,-94.523951,026,035,4591,3967,2026-04-06,1654,L8,L,D
36.057196,-95.230665,026,035,2470,3864,2026-04-06,1654,L8,H,D
36.058513,-93.914091,026,035,6423,3923,2026-04-06,1654,L8,M,D
36.071224,-94.320337,026,035,5204,3862,2026-04-06,1654,L8,H,D
36.075189,-94.304079,026,035,5253,3848,2026-04-06,1654,L8,H,D
36.075192,-94.303746,026,035,5254,3848,2026-04-06,1654,L8,L,D
36.084885,-95.710478,026,035,1032,3725,2026-04-06,1654,L8,H,D
36.084892,-95.710145,026,035,1033,3725,2026-04-06,1654,L8,H,D
36.085163,-95.710155,026,035,1033,3724,2026-04-06,1654,L8,H,D
36.091824,-95.503502,026,035,1654,3716,2026-04-06,1654,L8,H,D
36.096769,-93.898204,026,035,6472,3782,2026-04-06,1654,L8,H,D
36.097039,-93.898207,026,035,6472,3781,2026-04-06,1654,L8,H,D
36.108293,-94.216637,026,035,5517,3729,2026-04-06,1654,L8,H,D
36.109251,-93.733357,026,035,6967,3740,2026-04-06,1654,L8,H,D
36.109253,-93.733024,026,035,6968,3740,2026-04-06,1654,L8,H,D
36.109521,-93.73336,026,035,6967,3739,2026-04-06,1654,L8,H,D
36.109523,-93.733026,026,035,6968,3739,2026-04-06,1654,L8,H,D
36.110459,-94.216337,026,035,5518,3721,2026-04-06,1654,L8,L,D
36.110463,-94.216004,026,035,5519,3721,2026-04-06,1654,L8,H,D
36.121267,-94.985833,026,035,3210,3643,2026-04-06,1654,L8,L,D
36.127719,-95.129662,026,035,2779,3610,2026-04-06,1654,L8,H,D
36.127989,-95.12967,026,035,2779,3609,2026-04-06,1654,L8,H,D
36.134158,-94.466752,026,035,4768,3623,2026-04-06,1654,L8,H,D
36.134163,-94.466418,026,035,4769,3623,2026-04-06,1654,L8,H,D
36.134429,-94.466757,026,035,4768,3622,2026-04-06,1654,L8,L,D
36.134433,-94.466423,026,035,4769,3622,2026-04-06,1654,L8,L,D
36.142042,-94.782646,026,035,3821,3578,2026-04-06,1654,L8,H,D
36.164926,-94.122454,026,035,5802,3523,2026-04-06,1654,L8,H,D
36.164929,-94.12212,026,035,5803,3523,2026-04-06,1654,L8,H,D
36.1652,-94.122124,026,035,5803,3522,2026-04-06,1654,L8,L,D
36.166234,-94.127142,026,035,5788,3518,2026-04-06,1654,L8,H,D
36.168853,-94.295956,026,035,5282,3502,2026-04-06,1654,L8,L,D
36.171698,-95.180212,026,035,2631,3444,2026-04-06,1654,L8,H,D
36.171704,-95.179879,026,035,2632,3444,2026-04-06,1654,L8,M,D
36.171763,-94.443436,026,035,4840,3485,2026-04-06,1654,L8,L,D
36.171968,-95.18022,026,035,2631,3443,2026-04-06,1654,L8,H,D
36.171974,-95.179886,026,035,2632,3443,2026-04-06,1654,L8,M,D
36.172034,-94.443441,026,035,4840,3484,2026-04-06,1654,L8,L,D
36.17531,-95.03656,026,035,3062,3440,2026-04-06,1654,L8,M,D
36.17989,-95.729758,026,035,984,3372,2026-04-06,1654,L8,H,D
36.180161,-95.729767,026,035,984,3371,2026-04-06,1654,L8,H,D
36.18673,-95.126256,026,035,2794,3392,2026-04-06,1654,L8,H,D
36.186736,-95.125922,026,035,2795,3392,2026-04-06,1654,L8,H,D
36.189621,-94.690646,026,035,4100,3407,2026-04-06,1654,L8,L,D
36.191305,-94.566906,026,035,4471,3407,2026-04-06,1654,L8,L,D
36.193419,-95.190155,026,035,2603,3363,2026-04-06,1654,L8,H,D
36.20129,-94.322185,026,035,5205,3381,2026-04-06,1654,L8,L,D
36.206393,-95.205198,026,035,2559,3314,2026-04-06,1654,L8,L,D
36.206663,-95.205206,026,035,2559,3313,2026-04-06,1654,L8,M,D
36.206933,-95.205213,026,035,2559,3312,2026-04-06,1654,L8,H,D
36.207198,-95.205554,026,035,2558,3311,2026-04-06,1654,L8,H,D
36.207204,-95.205221,026,035,2559,3311,2026-04-06,1654,L8,H,D
36.208346,-95.201916,026,035,2569,3307,2026-04-06,1654,L8,L,D
36.208352,-95.201583,026,035,2570,3307,2026-04-06,1654,L8,H,D
36.208616,-95.201924,026,035,2569,3306,2026-04-06,1654,L8,H,D
36.208623,-95.20159,026,035,2570,3306,2026-04-06,1654,L8,H,D
36.245356,-94.222097,026,035,5507,3222,2026-04-06,1654,L8,L,D
36.253614,-94.207867,026,035,5550,3192,2026-04-06,1654,L8,H,D
36.253617,-94.207533,026,035,5551,3192,2026-04-06,1654,L8,H,D
36.253884,-94.207871,026,035,5550,3191,2026-04-06,1654,L8,H,D
36.253888,-94.207537,026,035,5551,3191,2026-04-06,1654,L8,L,D
36.258149,-94.542529,026,035,4548,3161,2026-04-06,1654,L8,L,D
36.258154,-94.542195,026,035,4549,3161,2026-04-06,1654,L8,L,D
36.259517,-94.157867,026,035,5700,3172,2026-04-06,1654,L8,H,D
36.259788,-94.157871,026,035,5700,3171,2026-04-06,1654,L8,H,D
36.259975,-94.744252,026,035,3944,3144,2026-04-06,1654,L8,L,D
36.260245,-94.744258,026,035,3944,3143,2026-04-06,1654,L8,H,D
36.261373,-94.849133,026,035,3630,3133,2026-04-06,1654,L8,M,D
36.261379,-94.848799,026,035,3631,3133,2026-04-06,1654,L8,H,D
36.261384,-94.848465,026,035,3632,3133,2026-04-06,1654,L8,M,D
36.265397,-93.803613,026,035,6761,3161,2026-04-06,1654,L8,H,D
36.267005,-95.618602,026,035,1326,3059,2026-04-06,1654,L8,L,D
36.2799,-95.307789,026,035,2258,3035,2026-04-06,1654,L8,L,D
36.28017,-95.307797,026,035,2258,3034,2026-04-06,1654,L8,L,D
36.281197,-95.721596,026,035,1019,2998,2026-04-06,1654,L8,L,D
36.281467,-95.721605,026,035,1019,2997,2026-04-06,1654,L8,H,D
36.281646,-95.725619,026,035,1007,2996,2026-04-06,1654,L8,H,D
36.291854,-95.656505,026,035,1215,2964,2026-04-06,1654,L8,H,D
36.292124,-95.656514,026,035,1215,2963,2026-04-06,1654,L8,H,D
36.295991,-94.189143,026,035,5608,3036,2026-04-06,1654,L8,L,D
36.299664,-95.583953,026,035,1433,2941,2026-04-06,1654,L8,H,D
36.299934,-95.583962,026,035,1433,2940,2026-04-06,1654,L8,L,D
36.30701,-94.441248,026,035,4854,2985,2026-04-06,1654,L8,M,D
36.308479,-94.128518,026,035,5790,2992,2026-04-06,1654,L8,L,D
36.313433,-93.964176,026,035,6282,2979,2026-04-06,1654,L8,H,D
36.318165,-94.044775,026,035,6041,2959,2026-04-06,1654,L8,H,D
36.319952,-95.176316,026,035,2655,2896,2026-04-06,1654,L8,L,D
36.322332,-94.556492,026,035,4510,2923,2026-04-06,1654,L8,L,D
36.324175,-95.649918,026,035,1238,2845,2026-04-06,1654,L8,H,D
36.324991,-95.044125,026,035,3051,2886,2026-04-06,1654,L8,H,D
36.32511,-94.170869,026,035,5664,2929,2026-04-06,1654,L8,H,D
36.32538,-94.170873,026,035,5664,2928,2026-04-06,1654,L8,L,D
36.325497,-95.046144,026,035,3045,2884,2026-04-06,1654,L8,H,D
36.325779,-95.045483,026,035,3047,2883,2026-04-06,1654,L8,L,D
36.326049,-95.04549,026,035,3047,2882,2026-04-06,1654,L8,H,D
36.346208,-95.53168,026,035,1594,2773,2026-04-06,1654,L8,L,D
36.346453,-95.669389,026,035,1182,2761,2026-04-06,1654,L8,H,D
36.360465,-94.231919,026,035,5483,2796,2026-04-06,1654,L8,L,D
36.360735,-94.231923,026,035,5483,2795,2026-04-06,1654,L8,H,D
36.360739,-94.231589,026,035,5484,2795,2026-04-06,1654,L8,L,D
36.366577,-94.342364,026,035,5153,2769,2026-04-06,1654,L8,L,D
36.370453,-94.152487,026,035,5721,2762,2026-04-06,1654,L8,H,D
36.370723,-94.152491,026,035,5721,2761,2026-04-06,1654,L8,H,D
36.371514,-93.938473,026,035,6361,2765,2026-04-06,1654,L8,M,D
36.371517,-93.938139,026,035,6362,2765,2026-04-06,1654,L8,H,D
36.371785,-93.938477,026,035,6361,2764,2026-04-06,1654,L8,H,D
36.371788,-93.938142,026,035,6362,2764,2026-04-06,1654,L8,H,D
36.372055,-93.93848,026,035,6361,2763,2026-04-06,1654,L8,H,D
36.372058,-93.938145,026,035,6362,2763,2026-04-06,1654,L8,H,D
36.372061,-93.937811,026,035,6363,2763,2026-04-06,1654,L8,H,D
36.378375,-94.375007,026,035,5056,2724,2026-04-06,1654,L8,H,D
36.378646,-94.375012,026,035,5056,2723,2026-04-06,1654,L8,H,D
36.380635,-94.293776,026,035,5299,2719,2026-04-06,1654,L8,L,D
36.385469,-93.76404,026,035,6883,2718,2026-04-06,1654,L8,H,D
36.387265,-94.533369,026,035,4583,2684,2026-04-06,1654,L8,H,D
36.387995,-95.649408,026,035,1246,2609,2026-04-06,1654,L8,L,D
36.389096,-94.235381,026,035,5474,2690,2026-04-06,1654,L8,H,D
36.3891,-94.235047,026,035,5475,2690,2026-04-06,1654,L8,L,D
36.38932,-95.674868,026,035,1170,2602,2026-04-06,1654,L8,H,D
36.389328,-95.674534,026,035,1171,2602,2026-04-06,1654,L8,H,D
36.389335,-95.6742,026,035,1172,2602,2026-04-06,1654,L8,H,D
36.389367,-94.235385,026,035,5474,2689,2026-04-06,1654,L8,H,D
36.389598,-95.674543,026,035,1171,2601,2026-04-06,1654,L8,H,D
36.389605,-95.674209,026,035,1172,2601,2026-04-06,1654,L8,H,D
36.389613,-95.673875,026,035,1173,2601,2026-04-06,1654,L8,M,D
36.390722,-94.235072,026,035,5475,2684,2026-04-06,1654,L8,L,D
36.390723,-95.672575,026,035,1177,2597,2026-04-06,1654,L8,L,D
36.391436,-95.676947,026,035,1164,2594,2026-04-06,1654,L8,H,D
36.392359,-95.671962,026,035,1179,2591,2026-04-06,1654,L8,L,D
36.393125,-95.673995,026,035,1173,2588,2026-04-06,1654,L8,H,D
36.393132,-95.673661,026,035,1174,2588,2026-04-06,1654,L8,M,D
36.400947,-93.977969,026,035,6244,2655,2026-04-06,1654,L8,L,D
36.401217,-93.977973,026,035,6244,2654,2026-04-06,1654,L8,H,D
36.40122,-93.977638,026,035,6245,2654,2026-04-06,1654,L8,H,D
36.403024,-94.688233,026,035,4121,2618,2026-04-06,1654,L8,L,D
36.403028,-94.687899,026,035,4122,2618,2026-04-06,1654,L8,L,D
36.406989,-94.257076,026,035,5410,2623,2026-04-06,1654,L8,H,D
36.407161,-95.381461,026,035,2049,2559,2026-04-06,1654,L8,H,D
36.407168,-95.381126,026,035,2050,2559,2026-04-06,1654,L8,H,D
36.407175,-95.380792,026,035,2051,2559,2026-04-06,1654,L8,H,D
36.407431,-95.381469,026,035,2049,2558,2026-04-06,1654,L8,H,D
36.407438,-95.381135,026,035,2050,2558,2026-04-06,1654,L8,H,D
36.407445,-95.3808,026,035,2051,2558,2026-04-06,1654,L8,L,D
36.407708,-95.381143,026,035,2050,2557,2026-04-06,1654,L8,L,D
36.407776,-94.259431,026,035,5403,2620,2026-04-06,1654,L8,L,D
36.414605,-93.775367,026,035,6850,2610,2026-04-06,1654,L8,H,D
36.417661,-94.392095,026,035,5007,2578,2026-04-06,1654,L8,H,D
36.417665,-94.391761,026,035,5008,2578,2026-04-06,1654,L8,H,D
36.417935,-94.391766,026,035,5008,2577,2026-04-06,1654,L8,H,D
36.420711,-94.184684,026,035,5627,2575,2026-04-06,1654,L8,M,D
36.436119,-94.602269,026,035,4380,2500,2026-04-06,1654,L8,H,D
36.449281,-94.297928,026,035,5290,2465,2026-04-06,1654,L8,L,D
36.453936,-93.616402,026,034,5986,7738,2026-04-06,1654,L8,L,D
36.453936,-93.616402,026,035,7326,2468,2026-04-06,1654,L8,L,D
36.454017,-94.578201,026,035,4453,2435,2026-04-06,1654,L8,H,D
36.454022,-94.577866,026,035,4454,2435,2026-04-06,1654,L8,H,D
36.454288,-94.578206,026,035,4453,2434,2026-04-06,1654,L8,H,D
36.454292,-94.577871,026,035,4454,2434,2026-04-06,1654,L8,H,D
36.464161,-94.461226,026,035,4803,2403,2026-04-06,1654,L8,H,D
36.464431,-94.461231,026,035,4803,2402,2026-04-06,1654,L8,H,D
36.465479,-93.923198,026,035,6410,2418,2026-04-06,1654,L8,H,D
36.465482,-93.922863,026,035,6411,2418,2026-04-06,1654,L8,H,D
36.465747,-93.923536,026,035,6409,2417,2026-04-06,1654,L8,H,D
36.46575,-93.923201,026,035,6410,2417,2026-04-06,1654,L8,H,D
36.465752,-93.922867,026,035,6411,2417,2026-04-06,1654,L8,H,D
36.466015,-93.923874,026,035,6408,2416,2026-04-06,1654,L8,M,D
36.466018,-93.923539,026,035,6409,2416,2026-04-06,1654,L8,H,D
36.46602,-93.923205,026,035,6410,2416,2026-04-06,1654,L8,H,D
36.466023,-93.92287,026,035,6411,2416,2026-04-06,1654,L8,H,D
36.466033,-93.921531,026,035,6415,2416,2026-04-06,1654,L8,H,D
36.466036,-93.921196,026,035,6416,2416,2026-04-06,1654,L8,H,D
36.466288,-93.923543,026,035,6409,2415,2026-04-06,1654,L8,H,D
36.466291,-93.923208,026,035,6410,2415,2026-04-06,1654,L8,M,D
36.466293,-93.922873,026,035,6411,2415,2026-04-06,1654,L8,H,D
36.466303,-93.921534,026,035,6415,2415,2026-04-06,1654,L8,H,D
36.466306,-93.921199,026,035,6416,2415,2026-04-06,1654,L8,H,D
36.466558,-93.923546,026,035,6409,2414,2026-04-06,1654,L8,M,D
36.466561,-93.923211,026,035,6410,2414,2026-04-06,1654,L8,H,D
36.466564,-93.922876,026,035,6411,2414,2026-04-06,1654,L8,H,D
36.466566,-93.922541,026,035,6412,2414,2026-04-06,1654,L8,H,D
36.466569,-93.922207,026,035,6413,2414,2026-04-06,1654,L8,H,D
36.466571,-93.921872,026,035,6414,2414,2026-04-06,1654,L8,M,D
36.466574,-93.921537,026,035,6415,2414,2026-04-06,1654,L8,H,D
36.466576,-93.921202,026,035,6416,2414,2026-04-06,1654,L8,H,D
36.466831,-93.923214,026,035,6410,2413,2026-04-06,1654,L8,L,D
36.466834,-93.922879,026,035,6411,2413,2026-04-06,1654,L8,L,D
36.466837,-93.922545,026,035,6412,2413,2026-04-06,1654,L8,L,D
36.467362,-93.92456,026,035,6406,2411,2026-04-06,1654,L8,M,D
36.467364,-93.924225,026,035,6407,2411,2026-04-06,1654,L8,M,D
36.4679,-93.924901,026,035,6405,2409,2026-04-06,1654,L8,L,D
36.468441,-93.924907,026,035,6405,2407,2026-04-06,1654,L8,M,D
36.468444,-93.924573,026,035,6406,2407,2026-04-06,1654,L8,H,D
36.468711,-93.924911,026,035,6405,2406,2026-04-06,1654,L8,M,D
36.468714,-93.924576,026,035,6406,2406,2026-04-06,1654,L8,H,D
36.468717,-93.924241,026,035,6407,2406,2026-04-06,1654,L8,L,D
36.468984,-93.924579,026,035,6406,2405,2026-04-06,1654,L8,H,D
36.468987,-93.924244,026,035,6407,2405,2026-04-06,1654,L8,M,D
36.469255,-93.924582,026,035,6406,2404,2026-04-06,1654,L8,H,D
36.469257,-93.924247,026,035,6407,2404,2026-04-06,1654,L8,M,D
36.469528,-93.924251,026,035,6407,2403,2026-04-06,1654,L8,L,D
36.469898,-95.512935,026,035,1662,2317,2026-04-06,1654,L8,H,D
36.470857,-93.92728,026,035,6398,2398,2026-04-06,1654,L8,L,D
36.47087,-93.925606,026,035,6403,2398,2026-04-06,1654,L8,M,D
36.471132,-93.926614,026,035,6400,2397,2026-04-06,1654,L8,M,D
36.471135,-93.926279,026,035,6401,2397,2026-04-06,1654,L8,M,D
36.477976,-94.545201,026,035,4553,2348,2026-04-06,1654,L8,H,D
36.477981,-94.544866,026,035,4554,2348,2026-04-06,1654,L8,L,D
36.478247,-94.545206,026,035,4553,2347,2026-04-06,1654,L8,H,D
36.487406,-95.018248,026,035,3141,2287,2026-04-06,1654,L8,L,D
36.489387,-94.041377,026,035,6058,2326,2026-04-06,1654,L8,L,D
36.48939,-94.041042,026,035,6059,2326,2026-04-06,1654,L8,H,D
36.489661,-94.041045,026,035,6059,2325,2026-04-06,1654,L8,H,D
36.495446,-93.819382,026,034,5381,7580,2026-04-06,1654,L8,M,D
36.495446,-93.819382,026,035,6721,2310,2026-04-06,1654,L8,M,D
36.495448,-93.819047,026,035,6722,2310,2026-04-06,1654,L8,L,D
36.495448,-93.819047,026,034,5382,7580,2026-04-06,1654,L8,M,D
36.496124,-95.434751,026,035,1898,2226,2026-04-06,1654,L8,H,D
36.496395,-95.434759,026,035,1898,2225,2026-04-06,1654,L8,H,D
36.497684,-93.767485,026,035,6876,2303,2026-04-06,1654,L8,H,D
36.497684,-93.767485,026,034,5536,7573,2026-04-06,1654,L8,H,D
36.497954,-93.767488,026,034,5536,7572,2026-04-06,1654,L8,L,D
36.497954,-93.767488,026,035,6876,2302,2026-04-06,1654,L8,L,D
36.506692,-94.810737,026,035,3762,2228,2026-04-06,1654,L8,L,D
36.50676,-95.103158,026,035,2889,2210,2026-04-06,1654,L8,H,D
36.507007,-95.104505,026,035,2885,2209,2026-04-06,1654,L8,L,D
36.507031,-95.103166,026,035,2889,2209,2026-04-06,1654,L8,L,D
36.507277,-95.104512,026,035,2885,2208,2026-04-06,1654,L8,H,D
36.507283,-95.104177,026,035,2886,2208,2026-04-06,1654,L8,H,D
36.518986,-93.689291,026,034,5770,7496,2026-04-06,1654,L8,H,D
36.518986,-93.689291,026,035,7110,2226,2026-04-06,1654,L8,H,D
36.518988,-93.688956,026,034,5771,7496,2026-04-06,1654,L8,H,D
36.518988,-93.688956,026,035,7111,2226,2026-04-06,1654,L8,H,D
36.519256,-93.689293,026,035,7110,2225,2026-04-06,1654,L8,H,D
36.519256,-93.689293,026,034,5770,7495,2026-04-06,1654,L8,H,D
36.519258,-93.688958,026,035,7111,2225,2026-04-06,1654,L8,H,D
36.519258,-93.688958,026,034,5771,7495,2026-04-06,1654,L8,H,D
36.527858,-95.645798,026,035,1271,2092,2026-04-06,1654,L8,H,D
36.527865,-95.645463,026,035,1272,2092,2026-04-06,1654,L8,L,D
36.528371,-94.639353,026,035,4275,2157,2026-04-06,1654,L8,L,D
36.533141,-94.831793,026,035,3701,2129,2026-04-06,1654,L8,H,D
36.533146,-94.831458,026,035,3702,2129,2026-04-06,1654,L8,H,D
36.533411,-94.8318,026,035,3701,2128,2026-04-06,1654,L8,H,D
36.543516,-94.261294,026,035,5404,2118,2026-04-06,1654,L8,M,D
36.543519,-94.260959,026,035,5405,2118,2026-04-06,1654,L8,H,D
36.547844,-94.639094,026,035,4277,2085,2026-04-06,1654,L8,H,D
36.55288,-94.81416,026,035,3755,2057,2026-04-06,1654,L8,M,D
36.553243,-95.058167,026,035,3027,2041,2026-04-06,1654,L8,H,D
36.554136,-93.642338,026,034,5911,7367,2026-04-06,1654,L8,L,D
36.554136,-93.642338,026,035,7251,2097,2026-04-06,1654,L8,L,D
36.554334,-93.972524,026,034,4926,7358,2026-04-06,1654,L8,H,D
36.554334,-93.972524,026,035,6266,2088,2026-04-06,1654,L8,H,D
36.554604,-93.972528,026,035,6266,2087,2026-04-06,1654,L8,L,D
36.554604,-93.972528,026,034,4926,7357,2026-04-06,1654,L8,L,D
36.55539,-94.929854,026,035,3410,2041,2026-04-06,1654,L8,H,D
36.555655,-94.930196,026,035,3409,2040,2026-04-06,1654,L8,M,D
36.55566,-94.929861,026,035,3410,2040,2026-04-06,1654,L8,H,D
36.555666,-94.929526,026,035,3411,2040,2026-04-06,1654,L8,L,D
36.556187,-94.540723,026,035,4571,2059,2026-04-06,1654,L8,H,D
36.566895,-95.157751,026,035,2731,1984,2026-04-06,1654,L8,H,D
36.568101,-95.090071,026,035,2933,1984,2026-04-06,1654,L8,M,D
36.568536,-95.096117,026,035,2915,1982,2026-04-06,1654,L8,H,D
36.572579,-94.781096,026,035,3855,1986,2026-04-06,1654,L8,H,D
36.572584,-94.78076,026,035,3856,1986,2026-04-06,1654,L8,H,D
36.572894,-94.778085,026,035,3864,1985,2026-04-06,1654,L8,H,D
36.57938,-93.952049,026,034,4988,7266,2026-04-06,1654,L8,H,D
36.57938,-93.952049,026,035,6328,1996,2026-04-06,1654,L8,H,D
36.57965,-93.952052,026,034,4988,7265,2026-04-06,1654,L8,H,D
36.57965,-93.952052,026,035,6328,1995,2026-04-06,1654,L8,H,D
36.579907,-93.953732,026,034,4983,7264,2026-04-06,1654,L8,H,D
36.579907,-93.953732,026,035,6323,1994,2026-04-06,1654,L8,H,D
36.57991,-93.953396,026,034,4984,7264,2026-04-06,1654,L8,H,D
36.57991,-93.953396,026,035,6324,1994,2026-04-06,1654,L8,H,D
36.579913,-93.953061,026,034,4985,7264,2026-04-06,1654,L8,L,D
36.579913,-93.953061,026,035,6325,1994,2026-04-06,1654,L8,L,D
36.581018,-94.865782,026,035,3603,1950,2026-04-06,1654,L8,H,D
36.581288,-94.865789,026,035,3603,1949,2026-04-06,1654,L8,H,D
36.581532,-93.953416,026,035,6324,1988,2026-04-06,1654,L8,H,D
36.581532,-93.953416,026,034,4984,7258,2026-04-06,1654,L8,H,D
36.581535,-93.953081,026,034,4985,7258,2026-04-06,1654,L8,H,D
36.581535,-93.953081,026,035,6325,1988,2026-04-06,1654,L8,H,D
36.581803,-93.95342,026,035,6324,1987,2026-04-06,1654,L8,L,D
36.581803,-93.95342,026,034,4984,7257,2026-04-06,1654,L8,L,D
36.587487,-94.438063,026,035,4879,1948,2026-04-06,1654,L8,L,D
36.587487,-94.438063,026,034,3539,7218,2026-04-06,1654,L8,L,D
36.588137,-94.429021,026,035,4906,1946,2026-04-06,1654,L8,H,D
36.588137,-94.429021,026,034,3566,7216,2026-04-06,1654,L8,H,D
36.588407,-94.429026,026,034,3566,7215,2026-04-06,1654,L8,L,D
36.588407,-94.429026,026,035,4906,1945,2026-04-06,1654,L8,L,D
36.595324,-93.573588,026,034,6117,7216,2026-04-06,1654,L8,H,D
36.595324,-93.573588,026,035,7457,1946,2026-04-06,1654,L8,H,D
36.615347,-93.6254,026,034,5963,7141,2026-04-06,1654,L8,L,D
36.615347,-93.6254,026,035,7303,1871,2026-04-06,1654,L8,L,D
36.625521,-93.535561,026,035,7571,1835,2026-04-06,1654,L8,L,D
36.625521,-93.535561,026,034,6231,7105,2026-04-06,1654,L8,L,D
36.631753,-94.784134,026,035,3850,1767,2026-04-06,1654,L8,L,D
36.656768,-94.81089,026,035,3772,1673,2026-04-06,1654,L8,L,D
36.656768,-94.81089,026,034,2432,6943,2026-04-06,1654,L8,L,D
36.668225,-93.784282,026,034,5491,6942,2026-04-06,1654,L8,H,D
36.668225,-93.784282,026,035,6831,1672,2026-04-06,1654,L8,H,D
36.668227,-93.783947,026,035,6832,1672,2026-04-06,1654,L8,H,D
36.668227,-93.783947,026,034,5492,6942,2026-04-06,1654,L8,H,D
36.668496,-93.784285,026,035,6831,1671,2026-04-06,1654,L8,H,D
36.668496,-93.784285,026,034,5491,6941,2026-04-06,1654,L8,H,D
36.668498,-93.783949,026,034,5492,6941,2026-04-06,1654,L8,H,D
36.668498,-93.783949,026,035,6832,1671,2026-04-06,1654,L8,H,D
36.6685,-93.783614,026,035,6833,1671,2026-04-06,1654,L8,H,D
36.6685,-93.783614,026,034,5493,6941,2026-04-06,1654,L8,H,D
36.668766,-93.784288,026,035,6831,1670,2026-04-06,1654,L8,M,D
36.668766,-93.784288,026,034,5491,6940,2026-04-06,1654,L8,M,D
36.668768,-93.783952,026,034,5492,6940,2026-04-06,1654,L8,H,D
36.668768,-93.783952,026,035,6832,1670,2026-04-06,1654,L8,H,D
36.66877,-93.783616,026,034,5493,6940,2026-04-06,1654,L8,H,D
36.66877,-93.783616,026,035,6833,1670,2026-04-06,1654,L8,H,D
36.674748,-94.254369,026,035,5431,1633,2026-04-06,1654,L8,L,D
36.674748,-94.254369,026,034,4091,6903,2026-04-06,1654,L8,L,D
36.674752,-94.254033,026,034,4092,6903,2026-04-06,1654,L8,L,D
36.674752,-94.254033,026,035,5432,1633,2026-04-06,1654,L8,L,D
36.685125,-94.703445,026,034,2754,6844,2026-04-06,1654,L8,L,D
36.685125,-94.703445,026,035,4094,1574,2026-04-06,1654,L8,L,D
36.685129,-94.703109,026,035,4095,1574,2026-04-06,1654,L8,H,D
36.685129,-94.703109,026,034,2755,6844,2026-04-06,1654,L8,H,D
36.686513,-94.810916,026,035,3774,1563,2026-04-06,1654,L8,H,D
36.686513,-94.810916,026,034,2434,6833,2026-04-06,1654,L8,H,D
36.686518,-94.81058,026,035,3775,1563,2026-04-06,1654,L8,H,D
36.686518,-94.81058,026,034,2435,6833,2026-04-06,1654,L8,H,D
36.690165,-93.819428,026,034,5387,6860,2026-04-06,1654,L8,H,D
36.690165,-93.819428,026,035,6727,1590,2026-04-06,1654,L8,H,D
36.690167,-93.819093,026,034,5388,6860,2026-04-06,1654,L8,H,D
36.690167,-93.819093,026,035,6728,1590,2026-04-06,1654,L8,H,D
36.690435,-93.819431,026,034,5387,6859,2026-04-06,1654,L8,H,D
36.690435,-93.819431,026,035,6727,1589,2026-04-06,1654,L8,H,D
36.695923,-94.967612,026,034,1968,6789,2026-04-06,1654,L8,L,D
36.695923,-94.967612,026,035,3308,1519,2026-04-06,1654,L8,L,D
36.698428,-94.96331,026,034,1981,6780,2026-04-06,1654,L8,H,D
36.698428,-94.96331,026,035,3321,1510,2026-04-06,1654,L8,H,D
36.698639,-93.985757,026,035,6232,1554,2026-04-06,1654,L8,L,D
36.698639,-93.985757,026,034,4892,6824,2026-04-06,1654,L8,L,D
36.698698,-94.963317,026,035,3321,1509,2026-04-06,1654,L8,L,D
36.698698,-94.963317,026,034,1981,6779,2026-04-06,1654,L8,L,D
36.699211,-93.840682,026,035,6664,1556,2026-04-06,1654,L8,H,D
36.699211,-93.840682,026,034,5324,6826,2026-04-06,1654,L8,H,D
36.699702,-93.84774,026,035,6643,1554,2026-04-06,1654,L8,H,D
36.699702,-93.84774,026,034,5303,6824,2026-04-06,1654,L8,H,D
36.702854,-94.748837,026,034,2620,6776,2026-04-06,1654,L8,H,D
36.702854,-94.748837,026,035,3960,1506,2026-04-06,1654,L8,H,D
36.702859,-94.748501,026,034,2621,6776,2026-04-06,1654,L8,M,D
36.702859,-94.748501,026,035,3961,1506,2026-04-06,1654,L8,M,D
36.724969,-93.791578,026,035,6811,1462,2026-04-06,1654,L8,L,D
36.724969,-93.791578,026,034,5471,6732,2026-04-06,1654,L8,L,D
36.725218,-94.184978,026,034,4300,6719,2026-04-06,1654,L8,L,D
36.725218,-94.184978,026,035,5640,1449,2026-04-06,1654,L8,L,D
36.732186,-94.136032,026,035,5786,1425,2026-04-06,1654,L8,L,D
36.732186,-94.136032,026,034,4446,6695,2026-04-06,1654,L8,L,D
36.742534,-94.639866,026,034,2947,6635,2026-04-06,1654,L8,H,D
36.742534,-94.639866,026,035,4287,1365,2026-04-06,1654,L8,H,D
36.757494,-94.400229,026,035,5001,1321,2026-04-06,1654,L8,H,D
36.757494,-94.400229,026,034,3661,6591,2026-04-06,1654,L8,H,D
36.757764,-94.400234,026,035,5001,1320,2026-04-06,1654,L8,H,D
36.757764,-94.400234,026,034,3661,6590,2026-04-06,1654,L8,H,D
36.760824,-94.525315,026,035,4629,1303,2026-04-06,1654,L8,L,D
36.760824,-94.525315,026,034,3289,6573,2026-04-06,1654,L8,L,D
36.760828,-94.524979,026,034,3290,6573,2026-04-06,1654,L8,H,D
36.760828,-94.524979,026,035,4630,1303,2026-04-06,1654,L8,H,D
36.76627,-94.811782,026,034,2437,6538,2026-04-06,1654,L8,L,D
36.76627,-94.811782,026,035,3777,1268,2026-04-06,1654,L8,L,D
36.76654,-94.811788,026,035,3777,1267,2026-04-06,1654,L8,L,D
36.76654,-94.811788,026,034,2437,6537,2026-04-06,1654,L8,L,D
36.782678,-94.32639,026,034,3882,6501,2026-04-06,1654,L8,H,D
36.782678,-94.32639,026,035,5222,1231,2026-04-06,1654,L8,H,D
36.783497,-94.325732,026,035,5224,1228,2026-04-06,1654,L8,H,D
36.783497,-94.325732,026,034,3884,6498,2026-04-06,1654,L8,H,D
36.78373,-94.329098,026,034,3874,6497,2026-04-06,1654,L8,H,D
36.78373,-94.329098,026,035,5214,1227,2026-04-06,1654,L8,H,D
36.783767,-94.325736,026,035,5224,1227,2026-04-06,1654,L8,H,D
36.783767,-94.325736,026,034,3884,6497,2026-04-06,1654,L8,H,D
36.783771,-94.3254,026,034,3885,6497,2026-04-06,1654,L8,H,D
36.783771,-94.3254,026,035,5225,1227,2026-04-06,1654,L8,H,D
36.784038,-94.325741,026,035,5224,1226,2026-04-06,1654,L8,L,D
36.784038,-94.325741,026,034,3884,6496,2026-04-06,1654,L8,L,D
36.784575,-94.326086,026,034,3883,6494,2026-04-06,1654,L8,H,D
36.784575,-94.326086,026,035,5223,1224,2026-04-06,1654,L8,H,D
36.784578,-94.32575,026,034,3884,6494,2026-04-06,1654,L8,H,D
36.784578,-94.32575,026,035,5224,1224,2026-04-06,1654,L8,H,D
36.784582,-94.325414,026,035,5225,1224,2026-04-06,1654,L8,L,D
36.784582,-94.325414,026,034,3885,6494,2026-04-06,1654,L8,L,D
36.784849,-94.325755,026,034,3884,6493,2026-04-06,1654,L8,H,D
36.784849,-94.325755,026,035,5224,1223,2026-04-06,1654,L8,H,D
36.785011,-94.23532,026,034,4153,6496,2026-04-06,1654,L8,L,D
36.785011,-94.23532,026,035,5493,1226,2026-04-06,1654,L8,L,D
36.785015,-94.234983,026,035,5494,1226,2026-04-06,1654,L8,H,D
36.785015,-94.234983,026,034,4154,6496,2026-04-06,1654,L8,H,D
36.785282,-94.235324,026,035,5493,1225,2026-04-06,1654,L8,H,D
36.785282,-94.235324,026,034,4153,6495,2026-04-06,1654,L8,H,D
36.785285,-94.234988,026,034,4154,6495,2026-04-06,1654,L8,H,D
36.785285,-94.234988,026,035,5494,1225,2026-04-06,1654,L8,H,D
36.785289,-94.234652,026,034,4155,6495,2026-04-06,1654,L8,H,D
36.785289,-94.234652,026,035,5495,1225,2026-04-06,1654,L8,H,D
36.785552,-94.235328,026,035,5493,1224,2026-04-06,1654,L8,H,D
36.785552,-94.235328,026,034,4153,6494,2026-04-06,1654,L8,H,D
36.785555,-94.234992,026,034,4154,6494,2026-04-06,1654,L8,H,D
36.785555,-94.234992,026,035,5494,1224,2026-04-06,1654,L8,H,D
36.786377,-94.233997,026,034,4157,6491,2026-04-06,1654,L8,L,D
36.786377,-94.233997,026,035,5497,1221,2026-04-06,1654,L8,L,D
36.786647,-94.234001,026,034,4157,6490,2026-04-06,1654,L8,L,D
36.786647,-94.234001,026,035,5497,1220,2026-04-06,1654,L8,L,D
36.786651,-94.233665,026,035,5498,1220,2026-04-06,1654,L8,L,D
36.786651,-94.233665,026,034,4158,6490,2026-04-06,1654,L8,L,D
36.786654,-94.233329,026,034,4159,6490,2026-04-06,1654,L8,H,D
36.786654,-94.233329,026,035,5499,1220,2026-04-06,1654,L8,H,D
36.787718,-94.235027,026,035,5494,1216,2026-04-06,1654,L8,L,D
36.787718,-94.235027,026,034,4154,6486,2026-04-06,1654,L8,L,D
36.787736,-94.233346,026,035,5499,1216,2026-04-06,1654,L8,H,D
36.787736,-94.233346,026,034,4159,6486,2026-04-06,1654,L8,H,D
36.787985,-94.235367,026,034,4153,6485,2026-04-06,1654,L8,H,D
36.787985,-94.235367,026,035,5493,1215,2026-04-06,1654,L8,H,D
36.787989,-94.235031,026,035,5494,1215,2026-04-06,1654,L8,H,D
36.787989,-94.235031,026,034,4154,6485,2026-04-06,1654,L8,H,D
36.788256,-94.235372,026,035,5493,1214,2026-04-06,1654,L8,H,D
36.788256,-94.235372,026,034,4153,6484,2026-04-06,1654,L8,H,D
36.788259,-94.235036,026,034,4154,6484,2026-04-06,1654,L8,H,D
36.788259,-94.235036,026,035,5494,1214,2026-04-06,1654,L8,H,D
36.78853,-94.23504,026,034,4154,6483,2026-04-06,1654,L8,H,D
36.78853,-94.23504,026,035,5494,1213,2026-04-06,1654,L8,H,D
36.788659,-93.5219,026,034,6275,6502,2026-04-06,1654,L8,H,D
36.790899,-94.862792,026,035,3627,1174,2026-04-06,1654,L8,L,D
36.790899,-94.862792,026,034,2287,6444,2026-04-06,1654,L8,L,D
36.790905,-94.862456,026,034,2288,6444,2026-04-06,1654,L8,L,D
36.790905,-94.862456,026,035,3628,1174,2026-04-06,1654,L8,L,D
36.806541,-94.414574,026,034,3621,6409,2026-04-06,1654,L8,H,D
36.806541,-94.414574,026,035,4961,1139,2026-04-06,1654,L8,H,D
36.81041,-94.697474,026,035,4120,1111,2026-04-06,1654,L8,H,D
36.81041,-94.697474,026,034,2780,6381,2026-04-06,1654,L8,H,D
36.81068,-94.69748,026,035,4120,1110,2026-04-06,1654,L8,L,D
36.81068,-94.69748,026,034,2780,6380,2026-04-06,1654,L8,H,D
36.812758,-94.586208,026,035,4451,1108,2026-04-06,1654,L8,H,D
36.812758,-94.586208,026,034,3111,6378,2026-04-06,1654,L8,H,D
36.813028,-94.586213,026,035,4451,1107,2026-04-06,1654,L8,L,D
36.813028,-94.586213,026,034,3111,6377,2026-04-06,1654,L8,L,D
36.814254,-94.595656,026,035,4423,1102,2026-04-06,1654,L8,H,D
36.814254,-94.595656,026,034,3083,6372,2026-04-06,1654,L8,H,D
36.814524,-94.595661,026,034,3083,6371,2026-04-06,1654,L8,H,D
36.814524,-94.595661,026,035,4423,1101,2026-04-06,1654,L8,H,D
36.822452,-94.41823,026,034,3611,6350,2026-04-06,1654,L8,H,D
36.822452,-94.41823,026,035,4951,1080,2026-04-06,1654,L8,H,D
36.822456,-94.417894,026,035,4952,1080,2026-04-06,1654,L8,H,D
36.822456,-94.417894,026,034,3612,6350,2026-04-06,1654,L8,H,D
36.829137,-93.697109,026,034,5755,6349,2026-04-06,1654,L8,H,D
36.829139,-93.696773,026,034,5756,6349,2026-04-06,1654,L8,H,D
36.833216,-94.747091,026,035,3974,1024,2026-04-06,1654,L8,H,D
36.833216,-94.747091,026,034,2634,6294,2026-04-06,1654,L8,H,D
36.833221,-94.746755,026,034,2635,6294,2026-04-06,1654,L8,H,D
36.833221,-94.746755,026,035,3975,1024,2026-04-06,1654,L8,H,D
36.836249,-94.743123,026,034,2646,6283,2026-04-06,1654,L8,H,D
36.836249,-94.743123,026,035,3986,1013,2026-04-06,1654,L8,H,D
36.837786,-94.673857,026,035,4192,1011,2026-04-06,1654,L8,H,D
36.837786,-94.673857,026,034,2852,6281,2026-04-06,1654,L8,H,D
36.83779,-94.67352,026,034,2853,6281,2026-04-06,1654,L8,H,D
36.83779,-94.67352,026,035,4193,1011,2026-04-06,1654,L8,H,D
36.838402,-94.743845,026,035,3984,1005,2026-04-06,1654,L8,H,D
36.838402,-94.743845,026,034,2644,6275,2026-04-06,1654,L8,H,D
36.838672,-94.743851,026,034,2644,6274,2026-04-06,1654,L8,H,D
36.838672,-94.743851,026,035,3984,1004,2026-04-06,1654,L8,L,D
36.838872,-94.673544,026,034,2853,6277,2026-04-06,1654,L8,M,D
36.838872,-94.673544,026,035,4193,1007,2026-04-06,1654,L8,M,D
36.838876,-94.673208,026,034,2854,6277,2026-04-06,1654,L8,H,D
36.838876,-94.673208,026,035,4194,1007,2026-04-06,1654,L8,H,D
36.838881,-94.672871,026,035,4195,1007,2026-04-06,1654,L8,H,D
36.838881,-94.672871,026,034,2855,6277,2026-04-06,1654,L8,H,D
36.839147,-94.673214,026,034,2854,6276,2026-04-06,1654,L8,H,D
36.839147,-94.673214,026,035,4194,1006,2026-04-06,1654,L8,H,D
36.839151,-94.672877,026,034,2855,6276,2026-04-06,1654,L8,H,D
36.839151,-94.672877,026,035,4195,1006,2026-04-06,1654,L8,H,D
36.83917,-94.671532,026,035,4199,1006,2026-04-06,1654,L8,H,D
36.83917,-94.671532,026,034,2859,6276,2026-04-06,1654,L8,H,D
36.839441,-94.671538,026,035,4199,1005,2026-04-06,1654,L8,H,D
36.839441,-94.671538,026,034,2859,6275,2026-04-06,1654,L8,H,D
36.839445,-94.671202,026,035,4200,1005,2026-04-06,1654,L8,H,D
36.839445,-94.671202,026,034,2860,6275,2026-04-06,1654,L8,H,D
36.839711,-94.671544,026,034,2859,6274,2026-04-06,1654,L8,H,D
36.839711,-94.671544,026,035,4199,1004,2026-04-06,1654,L8,H,D
36.840195,-94.675591,026,035,4187,1002,2026-04-06,1654,L8,M,D
36.840195,-94.675591,026,034,2847,6272,2026-04-06,1654,L8,M,D
36.840228,-94.673237,026,035,4194,1002,2026-04-06,1654,L8,M,D
36.840228,-94.673237,026,034,2854,6272,2026-04-06,1654,L8,M,D
36.840256,-94.671219,026,035,4200,1002,2026-04-06,1654,L8,L,D
36.840256,-94.671219,026,034,2860,6272,2026-04-06,1654,L8,L,D
36.840494,-94.673579,026,035,4193,1001,2026-04-06,1654,L8,M,D
36.840494,-94.673579,026,034,2853,6271,2026-04-06,1654,L8,H,D
36.840498,-94.673243,026,035,4194,1001,2026-04-06,1654,L8,H,D
36.840498,-94.673243,026,034,2854,6271,2026-04-06,1654,L8,H,D
36.840522,-94.671561,026,034,2859,6271,2026-04-06,1654,L8,H,D
36.840522,-94.671561,026,035,4199,1001,2026-04-06,1654,L8,H,D
36.840527,-94.671225,026,034,2860,6271,2026-04-06,1654,L8,H,D
36.840527,-94.671225,026,035,4200,1001,2026-04-06,1654,L8,H,D
36.840764,-94.673585,026,034,2853,6270,2026-04-06,1654,L8,L,D
36.840769,-94.673249,026,035,4194,1000,2026-04-06,1654,L8,H,D
36.840769,-94.673249,026,034,2854,6270,2026-04-06,1654,L8,H,D
36.840792,-94.671567,026,034,2859,6270,2026-04-06,1654,L8,H,D
36.840792,-94.671567,026,035,4199,1000,2026-04-06,1654,L8,H,D
36.841063,-94.671573,026,035,4199,999,2026-04-06,1654,L8,M,D
36.841063,-94.671573,026,034,2859,6269,2026-04-06,1654,L8,M,D
36.841067,-94.671237,026,035,4200,999,2026-04-06,1654,L8,L,D
36.841067,-94.671237,026,034,2860,6269,2026-04-06,1654,L8,L,D
36.841874,-94.671591,026,034,2859,6266,2026-04-06,1654,L8,H,D
36.841874,-94.671591,026,035,4199,996,2026-04-06,1654,L8,H,D
36.841878,-94.671255,026,034,2860,6266,2026-04-06,1654,L8,H,D
36.841878,-94.671255,026,035,4200,996,2026-04-06,1654,L8,H,D
36.842144,-94.671597,026,034,2859,6265,2026-04-06,1654,L8,H,D
36.842144,-94.671597,026,035,4199,995,2026-04-06,1654,L8,H,D
36.842149,-94.67126,026,035,4200,995,2026-04-06,1654,L8,H,D
36.842149,-94.67126,026,034,2860,6265,2026-04-06,1654,L8,H,D
36.843945,-94.658851,026,034,2897,6259,2026-04-06,1654,L8,L,D
36.843945,-94.658851,026,035,4237,989,2026-04-06,1654,L8,L,D
36.844295,-94.060974,026,034,4674,6283,2026-04-06,1654,L8,H,D
36.848423,-95.421661,026,035,1970,924,2026-04-06,1654,L8,M,D
36.848423,-95.421661,026,034,630,6194,2026-04-06,1654,L8,L,D
36.848597,-95.426376,026,034,616,6193,2026-04-06,1654,L8,H,D
36.848597,-95.426376,026,035,1956,923,2026-04-06,1654,L8,H,D
36.848693,-95.421669,026,034,630,6193,2026-04-06,1654,L8,H,D
36.848693,-95.421669,026,035,1970,923,2026-04-06,1654,L8,H,D
36.848861,-95.426721,026,034,615,6192,2026-04-06,1654,L8,H,D
36.848861,-95.426721,026,035,1955,922,2026-04-06,1654,L8,H,D
36.848868,-95.426385,026,034,616,6192,2026-04-06,1654,L8,H,D
36.848868,-95.426385,026,035,1956,922,2026-04-06,1654,L8,H,D
36.849131,-95.426729,026,034,615,6191,2026-04-06,1654,L8,H,D
36.849131,-95.426729,026,035,1955,921,2026-04-06,1654,L8,H,D
36.849138,-95.426393,026,034,616,6191,2026-04-06,1654,L8,H,D
36.849138,-95.426393,026,035,1956,921,2026-04-06,1654,L8,H,D
36.849145,-95.426057,026,034,617,6191,2026-04-06,1654,L8,M,D
36.849145,-95.426057,026,035,1957,921,2026-04-06,1654,L8,M,D
36.849151,-95.425721,026,035,1958,921,2026-04-06,1654,L8,H,D
36.849151,-95.425721,026,034,618,6191,2026-04-06,1654,L8,M,D
36.849158,-95.425384,026,035,1959,921,2026-04-06,1654,L8,M,D
36.849158,-95.425384,026,034,619,6191,2026-04-06,1654,L8,M,D
36.84922,-95.422359,026,034,628,6191,2026-04-06,1654,L8,M,D
36.849227,-95.422022,026,034,629,6191,2026-04-06,1654,L8,M,D
36.849227,-95.422022,026,035,1969,921,2026-04-06,1654,L8,M,D
36.849241,-95.42135,026,034,631,6191,2026-04-06,1654,L8,M,D
36.849241,-95.42135,026,035,1971,921,2026-04-06,1654,L8,M,D
36.849247,-95.421014,026,034,632,6191,2026-04-06,1654,L8,H,D
36.849247,-95.421014,026,035,1972,921,2026-04-06,1654,L8,H,D
36.849429,-95.425393,026,034,619,6190,2026-04-06,1654,L8,M,D
36.849429,-95.425393,026,035,1959,920,2026-04-06,1654,L8,M,D
36.849518,-95.421022,026,034,632,6190,2026-04-06,1654,L8,M,D
36.849518,-95.421022,026,035,1972,920,2026-04-06,1654,L8,M,D
36.849754,-95.422712,026,035,1967,919,2026-04-06,1654,L8,H,D
36.849754,-95.422712,026,034,627,6189,2026-04-06,1654,L8,H,D
36.84976,-95.422376,026,035,1968,919,2026-04-06,1654,L8,H,D
36.84976,-95.422376,026,034,628,6189,2026-04-06,1654,L8,H,D
36.849774,-95.421703,026,034,630,6189,2026-04-06,1654,L8,H,D
36.849774,-95.421703,026,035,1970,919,2026-04-06,1654,L8,H,D
36.849781,-95.421367,026,034,631,6189,2026-04-06,1654,L8,H,D
36.849781,-95.421367,026,035,1971,919,2026-04-06,1654,L8,H,D
36.84999,-95.424401,026,034,622,6188,2026-04-06,1654,L8,H,D
36.84999,-95.424401,026,035,1962,918,2026-04-06,1654,L8,H,D
36.849996,-95.424065,026,035,1963,918,2026-04-06,1654,L8,H,D
36.849996,-95.424065,026,034,623,6188,2026-04-06,1654,L8,H,D
36.850024,-95.42272,026,035,1967,918,2026-04-06,1654,L8,H,D
36.850024,-95.42272,026,034,627,6188,2026-04-06,1654,L8,H,D
36.850031,-95.422384,026,035,1968,918,2026-04-06,1654,L8,M,D
36.850031,-95.422384,026,034,628,6188,2026-04-06,1654,L8,M,D
36.850044,-95.421712,026,034,630,6188,2026-04-06,1654,L8,H,D
36.850044,-95.421712,026,035,1970,918,2026-04-06,1654,L8,H,D
36.850051,-95.421376,026,034,631,6188,2026-04-06,1654,L8,H,D
36.850051,-95.421376,026,035,1971,918,2026-04-06,1654,L8,H,D
36.850198,-95.427436,026,035,1953,917,2026-04-06,1654,L8,M,D
36.850198,-95.427436,026,034,613,6187,2026-04-06,1654,L8,M,D
36.850205,-95.4271,026,034,614,6187,2026-04-06,1654,L8,M,D
36.850205,-95.4271,026,035,1954,917,2026-04-06,1654,L8,M,D
36.850219,-95.426427,026,034,616,6187,2026-04-06,1654,L8,M,D
36.850219,-95.426427,026,035,1956,917,2026-04-06,1654,L8,H,D
36.850225,-95.426091,026,035,1957,917,2026-04-06,1654,L8,H,D
36.850225,-95.426091,026,034,617,6187,2026-04-06,1654,L8,M,D
36.85026,-95.42441,026,035,1962,917,2026-04-06,1654,L8,M,D
36.85026,-95.42441,026,034,622,6187,2026-04-06,1654,L8,M,D
36.850267,-95.424074,026,035,1963,917,2026-04-06,1654,L8,H,D
36.850267,-95.424074,026,034,623,6187,2026-04-06,1654,L8,H,D
36.850273,-95.423738,026,034,624,6187,2026-04-06,1654,L8,H,D
36.850273,-95.423738,026,035,1964,917,2026-04-06,1654,L8,H,D
36.850315,-95.42172,026,035,1970,917,2026-04-06,1654,L8,H,D
36.850315,-95.42172,026,034,630,6187,2026-04-06,1654,L8,H,D
36.850321,-95.421384,026,034,631,6187,2026-04-06,1654,L8,H,D
36.850321,-95.421384,026,035,1971,917,2026-04-06,1654,L8,H,D
36.850461,-95.427781,026,035,1952,916,2026-04-06,1654,L8,L,D
36.850468,-95.427444,026,035,1953,916,2026-04-06,1654,L8,H,D
36.850468,-95.427444,026,034,613,6186,2026-04-06,1654,L8,H,D
36.850475,-95.427108,026,034,614,6186,2026-04-06,1654,L8,H,D
36.850475,-95.427108,026,035,1954,916,2026-04-06,1654,L8,H,D
36.850482,-95.426772,026,035,1955,916,2026-04-06,1654,L8,M,D
36.850482,-95.426772,026,034,615,6186,2026-04-06,1654,L8,M,D
36.850489,-95.426436,026,034,616,6186,2026-04-06,1654,L8,H,D
36.850489,-95.426436,026,035,1956,916,2026-04-06,1654,L8,H,D
36.850496,-95.4261,026,034,617,6186,2026-04-06,1654,L8,H,D
36.850496,-95.4261,026,035,1957,916,2026-04-06,1654,L8,H,D
36.850537,-95.424082,026,035,1963,916,2026-04-06,1654,L8,H,D
36.850537,-95.424082,026,034,623,6186,2026-04-06,1654,L8,H,D
36.850544,-95.423746,026,034,624,6186,2026-04-06,1654,L8,H,D
36.850544,-95.423746,026,035,1964,916,2026-04-06,1654,L8,H,D
36.850564,-95.422737,026,035,1967,916,2026-04-06,1654,L8,H,D
36.850564,-95.422737,026,034,627,6186,2026-04-06,1654,L8,H,D
36.850592,-95.421393,026,034,631,6186,2026-04-06,1654,L8,M,D
36.850592,-95.421393,026,035,1971,916,2026-04-06,1654,L8,M,D
36.850731,-95.427789,026,034,612,6185,2026-04-06,1654,L8,L,D
36.850731,-95.427789,026,035,1952,915,2026-04-06,1654,L8,L,D
36.850766,-95.426108,026,034,617,6185,2026-04-06,1654,L8,H,D
36.850766,-95.426108,026,035,1957,915,2026-04-06,1654,L8,M,D
36.850807,-95.424091,026,035,1963,915,2026-04-06,1654,L8,H,D
36.850807,-95.424091,026,034,623,6185,2026-04-06,1654,L8,H,D
36.850814,-95.423755,026,034,624,6185,2026-04-06,1654,L8,H,D
36.850814,-95.423755,026,035,1964,915,2026-04-06,1654,L8,H,D
36.850848,-95.422074,026,034,629,6185,2026-04-06,1654,L8,M,D
36.850848,-95.422074,026,035,1969,915,2026-04-06,1654,L8,M,D
36.851029,-95.426453,026,035,1956,914,2026-04-06,1654,L8,M,D
36.851029,-95.426453,026,034,616,6184,2026-04-06,1654,L8,M,D
36.851036,-95.426117,026,035,1957,914,2026-04-06,1654,L8,H,D
36.851036,-95.426117,026,034,617,6184,2026-04-06,1654,L8,H,D
36.851043,-95.42578,026,034,618,6184,2026-04-06,1654,L8,H,D
36.851043,-95.42578,026,035,1958,914,2026-04-06,1654,L8,H,D
36.851077,-95.424099,026,035,1963,914,2026-04-06,1654,L8,H,D
36.851077,-95.424099,026,034,623,6184,2026-04-06,1654,L8,H,D
36.851084,-95.423763,026,034,624,6184,2026-04-06,1654,L8,M,D
36.851084,-95.423763,026,035,1964,914,2026-04-06,1654,L8,M,D
36.851118,-95.422082,026,034,629,6184,2026-04-06,1654,L8,M,D
36.851118,-95.422082,026,035,1969,914,2026-04-06,1654,L8,M,D
36.851299,-95.426461,026,034,616,6183,2026-04-06,1654,L8,H,D
36.851299,-95.426461,026,035,1956,913,2026-04-06,1654,L8,H,D
36.851306,-95.426125,026,035,1957,913,2026-04-06,1654,L8,H,D
36.851306,-95.426125,026,034,617,6183,2026-04-06,1654,L8,H,D
36.851313,-95.425789,026,034,618,6183,2026-04-06,1654,L8,H,D
36.851313,-95.425789,026,035,1958,913,2026-04-06,1654,L8,H,D
36.85132,-95.425453,026,034,619,6183,2026-04-06,1654,L8,H,D
36.85132,-95.425453,026,035,1959,913,2026-04-06,1654,L8,H,D
36.851347,-95.424108,026,034,623,6183,2026-04-06,1654,L8,H,D
36.851347,-95.424108,026,035,1963,913,2026-04-06,1654,L8,H,D
36.851354,-95.423772,026,034,624,6183,2026-04-06,1654,L8,H,D
36.851354,-95.423772,026,035,1964,913,2026-04-06,1654,L8,H,D
36.851361,-95.423435,026,034,625,6183,2026-04-06,1654,L8,H,D
36.851361,-95.423435,026,035,1965,913,2026-04-06,1654,L8,H,D
36.851368,-95.423099,026,034,626,6183,2026-04-06,1654,L8,H,D
36.851368,-95.423099,026,035,1966,913,2026-04-06,1654,L8,H,D
36.851375,-95.422763,026,035,1967,913,2026-04-06,1654,L8,H,D
36.851375,-95.422763,026,034,627,6183,2026-04-06,1654,L8,H,D
36.851382,-95.422427,026,034,628,6183,2026-04-06,1654,L8,H,D
36.851382,-95.422427,026,035,1968,913,2026-04-06,1654,L8,H,D
36.851569,-95.42647,026,034,616,6182,2026-04-06,1654,L8,M,D
36.851569,-95.42647,026,035,1956,912,2026-04-06,1654,L8,M,D
36.851576,-95.426134,026,035,1957,912,2026-04-06,1654,L8,H,D
36.851576,-95.426134,026,034,617,6182,2026-04-06,1654,L8,H,D
36.851583,-95.425798,026,034,618,6182,2026-04-06,1654,L8,H,D
36.851583,-95.425798,026,035,1958,912,2026-04-06,1654,L8,H,D
36.85159,-95.425461,026,035,1959,912,2026-04-06,1654,L8,H,D
36.85159,-95.425461,026,034,619,6182,2026-04-06,1654,L8,H,D
36.851597,-95.425125,026,035,1960,912,2026-04-06,1654,L8,H,D
36.851597,-95.425125,026,034,620,6182,2026-04-06,1654,L8,H,D
36.851604,-95.424789,026,035,1961,912,2026-04-06,1654,L8,H,D
36.851604,-95.424789,026,034,621,6182,2026-04-06,1654,L8,H,D
36.851611,-95.424453,026,034,622,6182,2026-04-06,1654,L8,H,D
36.851611,-95.424453,026,035,1962,912,2026-04-06,1654,L8,H,D
36.851624,-95.42378,026,034,624,6182,2026-04-06,1654,L8,H,D
36.851624,-95.42378,026,035,1964,912,2026-04-06,1654,L8,H,D
36.851631,-95.423444,026,034,625,6182,2026-04-06,1654,L8,H,D
36.851631,-95.423444,026,035,1965,912,2026-04-06,1654,L8,H,D
36.851638,-95.423108,026,035,1966,912,2026-04-06,1654,L8,H,D
36.851638,-95.423108,026,034,626,6182,2026-04-06,1654,L8,H,D
36.851645,-95.422772,026,034,627,6182,2026-04-06,1654,L8,H,D
36.851645,-95.422772,026,035,1967,912,2026-04-06,1654,L8,H,D
36.851652,-95.422435,026,035,1968,912,2026-04-06,1654,L8,H,D
36.851652,-95.422435,026,034,628,6182,2026-04-06,1654,L8,H,D
36.851659,-95.422099,026,035,1969,912,2026-04-06,1654,L8,L,D
36.851686,-95.420754,026,034,633,6182,2026-04-06,1654,L8,M,D
36.851686,-95.420754,026,035,1973,912,2026-04-06,1654,L8,M,D
36.851812,-95.427823,026,035,1952,911,2026-04-06,1654,L8,H,D
36.851812,-95.427823,026,034,612,6181,2026-04-06,1654,L8,H,D
36.851819,-95.427487,026,034,613,6181,2026-04-06,1654,L8,H,D
36.851819,-95.427487,026,035,1953,911,2026-04-06,1654,L8,H,D
36.851826,-95.427151,026,034,614,6181,2026-04-06,1654,L8,H,D
36.851826,-95.427151,026,035,1954,911,2026-04-06,1654,L8,H,D
36.851833,-95.426815,026,034,615,6181,2026-04-06,1654,L8,L,D
36.851833,-95.426815,026,035,1955,911,2026-04-06,1654,L8,L,D
36.851874,-95.424797,026,035,1961,911,2026-04-06,1654,L8,H,D
36.851874,-95.424797,026,034,621,6181,2026-04-06,1654,L8,H,D
36.851881,-95.424461,026,035,1962,911,2026-04-06,1654,L8,H,D
36.851881,-95.424461,026,034,622,6181,2026-04-06,1654,L8,H,D
36.851895,-95.423789,026,035,1964,911,2026-04-06,1654,L8,M,D
36.851895,-95.423789,026,034,624,6181,2026-04-06,1654,L8,H,D
36.851901,-95.423453,026,034,625,6181,2026-04-06,1654,L8,H,D
36.851901,-95.423453,026,035,1965,911,2026-04-06,1654,L8,L,D
36.851922,-95.422444,026,034,628,6181,2026-04-06,1654,L8,H,D
36.851922,-95.422444,026,035,1968,911,2026-04-06,1654,L8,H,D
36.851929,-95.422108,026,035,1969,911,2026-04-06,1654,L8,H,D
36.851929,-95.422108,026,034,629,6181,2026-04-06,1654,L8,H,D
36.851936,-95.421771,026,035,1970,911,2026-04-06,1654,L8,H,D
36.851936,-95.421771,026,034,630,6181,2026-04-06,1654,L8,H,D
36.851943,-95.421435,026,035,1971,911,2026-04-06,1654,L8,H,D
36.851943,-95.421435,026,034,631,6181,2026-04-06,1654,L8,H,D
36.851949,-95.421099,026,034,632,6181,2026-04-06,1654,L8,M,D
36.851949,-95.421099,026,035,1972,911,2026-04-06,1654,L8,M,D
36.851956,-95.420763,026,034,633,6181,2026-04-06,1654,L8,H,D
36.851956,-95.420763,026,035,1973,911,2026-04-06,1654,L8,H,D
36.852082,-95.427832,026,034,612,6180,2026-04-06,1654,L8,H,D
36.852082,-95.427832,026,035,1952,910,2026-04-06,1654,L8,M,D
36.852089,-95.427496,026,034,613,6180,2026-04-06,1654,L8,H,D
36.852124,-95.425815,026,034,618,6180,2026-04-06,1654,L8,L,D
36.852124,-95.425815,026,035,1958,910,2026-04-06,1654,L8,L,D
36.85213,-95.425478,026,035,1959,910,2026-04-06,1654,L8,H,D
36.85213,-95.425478,026,034,619,6180,2026-04-06,1654,L8,H,D
36.852137,-95.425142,026,034,620,6180,2026-04-06,1654,L8,H,D
36.852137,-95.425142,026,035,1960,910,2026-04-06,1654,L8,H,D
36.852144,-95.424806,026,034,621,6180,2026-04-06,1654,L8,L,D
36.852144,-95.424806,026,035,1961,910,2026-04-06,1654,L8,L,D
36.852199,-95.422116,026,034,629,6180,2026-04-06,1654,L8,H,D
36.852199,-95.422116,026,035,1969,910,2026-04-06,1654,L8,H,D
36.852206,-95.42178,026,034,630,6180,2026-04-06,1654,L8,H,D
36.852206,-95.42178,026,035,1970,910,2026-04-06,1654,L8,H,D
36.852213,-95.421444,026,034,631,6180,2026-04-06,1654,L8,H,D
36.852213,-95.421444,026,035,1971,910,2026-04-06,1654,L8,H,D
36.852408,-95.425151,026,035,1960,909,2026-04-06,1654,L8,L,D
36.852408,-95.425151,026,034,620,6179,2026-04-06,1654,L8,M,D
36.852414,-95.424814,026,035,1961,909,2026-04-06,1654,L8,M,D
36.852414,-95.424814,026,034,621,6179,2026-04-06,1654,L8,M,D
36.852421,-95.424478,026,034,622,6179,2026-04-06,1654,L8,M,D
36.852421,-95.424478,026,035,1962,909,2026-04-06,1654,L8,M,D
36.852428,-95.424142,026,035,1963,909,2026-04-06,1654,L8,L,D
36.852428,-95.424142,026,034,623,6179,2026-04-06,1654,L8,L,D
36.852657,-95.426168,026,034,617,6178,2026-04-06,1654,L8,L,D
36.852657,-95.426168,026,035,1957,908,2026-04-06,1654,L8,L,D
36.852705,-95.423814,026,035,1964,908,2026-04-06,1654,L8,L,D
36.852705,-95.423814,026,034,624,6178,2026-04-06,1654,L8,L,D
36.852712,-95.423478,026,034,625,6178,2026-04-06,1654,L8,H,D
36.852712,-95.423478,026,035,1965,908,2026-04-06,1654,L8,H,D
36.852746,-95.421797,026,034,630,6178,2026-04-06,1654,L8,H,D
36.852746,-95.421797,026,035,1970,908,2026-04-06,1654,L8,H,D
36.852907,-95.427185,026,035,1954,907,2026-04-06,1654,L8,H,D
36.852907,-95.427185,026,034,614,6177,2026-04-06,1654,L8,H,D
36.852914,-95.426849,026,035,1955,907,2026-04-06,1654,L8,H,D
36.852914,-95.426849,026,034,615,6177,2026-04-06,1654,L8,H,D
36.852934,-95.42584,026,035,1958,907,2026-04-06,1654,L8,M,D
36.852934,-95.42584,026,034,618,6177,2026-04-06,1654,L8,M,D
36.852982,-95.423487,026,034,625,6177,2026-04-06,1654,L8,H,D
36.852982,-95.423487,026,035,1965,907,2026-04-06,1654,L8,H,D
36.85301,-95.422142,026,035,1969,907,2026-04-06,1654,L8,H,D
36.85301,-95.422142,026,034,629,6177,2026-04-06,1654,L8,H,D
36.853017,-95.421806,026,035,1970,907,2026-04-06,1654,L8,H,D
36.853017,-95.421806,026,034,630,6177,2026-04-06,1654,L8,H,D
36.853023,-95.421469,026,035,1971,907,2026-04-06,1654,L8,H,D
36.853023,-95.421469,026,034,631,6177,2026-04-06,1654,L8,H,D
36.853177,-95.427194,026,034,614,6176,2026-04-06,1654,L8,M,D
36.853177,-95.427194,026,035,1954,906,2026-04-06,1654,L8,M,D
36.853246,-95.423831,026,035,1964,906,2026-04-06,1654,L8,L,D
36.853246,-95.423831,026,034,624,6176,2026-04-06,1654,L8,L,D
36.853252,-95.423495,026,034,625,6176,2026-04-06,1654,L8,H,D
36.853252,-95.423495,026,035,1965,906,2026-04-06,1654,L8,H,D
36.853259,-95.423159,026,035,1966,906,2026-04-06,1654,L8,H,D
36.853259,-95.423159,026,034,626,6176,2026-04-06,1654,L8,H,D
36.85328,-95.42215,026,035,1969,906,2026-04-06,1654,L8,H,D
36.85328,-95.42215,026,034,629,6176,2026-04-06,1654,L8,H,D
36.853287,-95.421814,026,034,630,6176,2026-04-06,1654,L8,H,D
36.853287,-95.421814,026,035,1970,906,2026-04-06,1654,L8,H,D
36.853294,-95.421478,026,035,1971,906,2026-04-06,1654,L8,M,D
36.853294,-95.421478,026,034,631,6176,2026-04-06,1654,L8,M,D
36.853516,-95.42384,026,034,624,6175,2026-04-06,1654,L8,H,D
36.853516,-95.42384,026,035,1964,905,2026-04-06,1654,L8,M,D
36.853523,-95.423504,026,035,1965,905,2026-04-06,1654,L8,H,D
36.853523,-95.423504,026,034,625,6175,2026-04-06,1654,L8,H,D
36.853529,-95.423168,026,034,626,6175,2026-04-06,1654,L8,H,D
36.853529,-95.423168,026,035,1966,905,2026-04-06,1654,L8,H,D
36.853536,-95.422831,026,035,1967,905,2026-04-06,1654,L8,H,D
36.853536,-95.422831,026,034,627,6175,2026-04-06,1654,L8,H,D
36.85355,-95.422159,026,035,1969,905,2026-04-06,1654,L8,H,D
36.85355,-95.422159,026,034,629,6175,2026-04-06,1654,L8,H,D
36.853557,-95.421823,026,034,630,6175,2026-04-06,1654,L8,H,D
36.853557,-95.421823,026,035,1970,905,2026-04-06,1654,L8,H,D
36.853564,-95.421486,026,034,631,6175,2026-04-06,1654,L8,M,D
36.853564,-95.421486,026,035,1971,905,2026-04-06,1654,L8,M,D
36.853793,-95.423512,026,034,625,6174,2026-04-06,1654,L8,H,D
36.853793,-95.423512,026,035,1965,904,2026-04-06,1654,L8,H,D
36.8538,-95.423176,026,034,626,6174,2026-04-06,1654,L8,H,D
36.8538,-95.423176,026,035,1966,904,2026-04-06,1654,L8,H,D
36.853827,-95.421831,026,034,630,6174,2026-04-06,1654,L8,H,D
36.853827,-95.421831,026,035,1970,904,2026-04-06,1654,L8,H,D
36.853834,-95.421495,026,035,1971,904,2026-04-06,1654,L8,H,D
36.853834,-95.421495,026,034,631,6174,2026-04-06,1654,L8,H,D
36.854036,-95.424866,026,035,1961,903,2026-04-06,1654,L8,H,D
36.854036,-95.424866,026,034,621,6173,2026-04-06,1654,L8,H,D
36.854042,-95.42453,026,034,622,6173,2026-04-06,1654,L8,H,D
36.854042,-95.42453,026,035,1962,903,2026-04-06,1654,L8,H,D
36.854049,-95.424193,026,035,1963,903,2026-04-06,1654,L8,H,D
36.854049,-95.424193,026,034,623,6173,2026-04-06,1654,L8,H,D
36.854056,-95.423857,026,034,624,6173,2026-04-06,1654,L8,H,D
36.854056,-95.423857,026,035,1964,903,2026-04-06,1654,L8,H,D
36.854063,-95.423521,026,035,1965,903,2026-04-06,1654,L8,H,D
36.854063,-95.423521,026,034,625,6173,2026-04-06,1654,L8,H,D
36.85407,-95.423185,026,035,1966,903,2026-04-06,1654,L8,H,D
36.85407,-95.423185,026,034,626,6173,2026-04-06,1654,L8,H,D
36.854104,-95.421503,026,034,631,6173,2026-04-06,1654,L8,H,D
36.854104,-95.421503,026,035,1971,903,2026-04-06,1654,L8,H,D
36.854265,-95.426892,026,035,1955,902,2026-04-06,1654,L8,M,D
36.854265,-95.426892,026,034,615,6172,2026-04-06,1654,L8,M,D
36.854306,-95.424874,026,034,621,6172,2026-04-06,1654,L8,H,D
36.854306,-95.424874,026,035,1961,902,2026-04-06,1654,L8,M,D
36.854313,-95.424538,026,035,1962,902,2026-04-06,1654,L8,H,D
36.854313,-95.424538,026,034,622,6172,2026-04-06,1654,L8,H,D
36.85432,-95.424202,026,034,623,6172,2026-04-06,1654,L8,H,D
36.85432,-95.424202,026,035,1963,902,2026-04-06,1654,L8,H,D
36.854326,-95.423866,026,034,624,6172,2026-04-06,1654,L8,H,D
36.854326,-95.423866,026,035,1964,902,2026-04-06,1654,L8,H,D
36.854333,-95.423529,026,034,625,6172,2026-04-06,1654,L8,H,D
36.854333,-95.423529,026,035,1965,902,2026-04-06,1654,L8,H,D
36.854374,-95.421512,026,034,631,6172,2026-04-06,1654,L8,H,D
36.854374,-95.421512,026,035,1971,902,2026-04-06,1654,L8,M,D
36.854381,-95.421176,026,034,632,6172,2026-04-06,1654,L8,L,D
36.854381,-95.421176,026,035,1972,902,2026-04-06,1654,L8,L,D
36.854535,-95.4269,026,034,615,6171,2026-04-06,1654,L8,M,D
36.854535,-95.4269,026,035,1955,901,2026-04-06,1654,L8,M,D
36.854555,-95.425891,026,035,1958,901,2026-04-06,1654,L8,H,D
36.854555,-95.425891,026,034,618,6171,2026-04-06,1654,L8,H,D
36.854562,-95.425555,026,034,619,6171,2026-04-06,1654,L8,H,D
36.854562,-95.425555,026,035,1959,901,2026-04-06,1654,L8,H,D
36.854569,-95.425219,026,034,620,6171,2026-04-06,1654,L8,H,D
36.854569,-95.425219,026,035,1960,901,2026-04-06,1654,L8,H,D
36.854576,-95.424883,026,035,1961,901,2026-04-06,1654,L8,H,D
36.854576,-95.424883,026,034,621,6171,2026-04-06,1654,L8,H,D
36.854583,-95.424547,026,034,622,6171,2026-04-06,1654,L8,H,D
36.854583,-95.424547,026,035,1962,901,2026-04-06,1654,L8,H,D
36.85459,-95.42421,026,035,1963,901,2026-04-06,1654,L8,H,D
36.85459,-95.42421,026,034,623,6171,2026-04-06,1654,L8,H,D
36.854658,-95.420848,026,035,1973,901,2026-04-06,1654,L8,M,D
36.854658,-95.420848,026,034,633,6171,2026-04-06,1654,L8,M,D
36.854819,-95.426236,026,035,1957,900,2026-04-06,1654,L8,H,D
36.854819,-95.426236,026,034,617,6170,2026-04-06,1654,L8,H,D
36.854826,-95.4259,026,035,1958,900,2026-04-06,1654,L8,H,D
36.854826,-95.4259,026,034,618,6170,2026-04-06,1654,L8,H,D
36.854839,-95.425228,026,035,1960,900,2026-04-06,1654,L8,H,D
36.854839,-95.425228,026,034,620,6170,2026-04-06,1654,L8,H,D
36.854846,-95.424891,026,035,1961,900,2026-04-06,1654,L8,H,D
36.854846,-95.424891,026,034,621,6170,2026-04-06,1654,L8,H,D
36.854928,-95.420857,026,034,633,6170,2026-04-06,1654,L8,L,D
36.855612,-94.908441,026,035,3496,932,2026-04-06,1654,L8,L,D
36.855612,-94.908441,026,034,2156,6202,2026-04-06,1654,L8,L,D
36.857311,-93.640491,026,034,5924,6246,2026-04-06,1654,L8,H,D
36.857581,-93.640493,026,034,5924,6245,2026-04-06,1654,L8,H,D
36.857658,-95.419597,026,035,1977,890,2026-04-06,1654,L8,M,D
36.857658,-95.419597,026,034,637,6160,2026-04-06,1654,L8,M,D
36.857928,-95.419605,026,035,1977,889,2026-04-06,1654,L8,H,D
36.857928,-95.419605,026,034,637,6159,2026-04-06,1654,L8,H,D
36.857935,-95.419269,026,035,1978,889,2026-04-06,1654,L8,L,D
36.857935,-95.419269,026,034,638,6159,2026-04-06,1654,L8,L,D
36.858198,-95.419614,026,035,1977,888,2026-04-06,1654,L8,H,D
36.858198,-95.419614,026,034,637,6158,2026-04-06,1654,L8,H,D
36.858468,-95.419622,026,035,1977,887,2026-04-06,1654,L8,H,D
36.858468,-95.419622,026,034,637,6157,2026-04-06,1654,L8,H,D
36.858739,-95.419631,026,035,1977,886,2026-04-06,1654,L8,H,D
36.858739,-95.419631,026,034,637,6156,2026-04-06,1654,L8,H,D
36.858745,-95.419295,026,035,1978,886,2026-04-06,1654,L8,H,D
36.858745,-95.419295,026,034,638,6156,2026-04-06,1654,L8,H,D
36.859009,-95.41964,026,034,637,6155,2026-04-06,1654,L8,H,D
36.859009,-95.41964,026,035,1977,885,2026-04-06,1654,L8,H,D
36.859016,-95.419303,026,034,638,6155,2026-04-06,1654,L8,H,D
36.859016,-95.419303,026,035,1978,885,2026-04-06,1654,L8,H,D
36.859279,-95.419648,026,035,1977,884,2026-04-06,1654,L8,H,D
36.859279,-95.419648,026,034,637,6154,2026-04-06,1654,L8,H,D
36.859286,-95.419312,026,035,1978,884,2026-04-06,1654,L8,H,D
36.859286,-95.419312,026,034,638,6154,2026-04-06,1654,L8,H,D
36.859549,-95.419657,026,035,1977,883,2026-04-06,1654,L8,H,D
36.859549,-95.419657,026,034,637,6153,2026-04-06,1654,L8,H,D
36.859556,-95.41932,026,035,1978,883,2026-04-06,1654,L8,H,D
36.859556,-95.41932,026,034,638,6153,2026-04-06,1654,L8,H,D
36.859819,-95.419665,026,035,1977,882,2026-04-06,1654,L8,H,D
36.859819,-95.419665,026,034,637,6152,2026-04-06,1654,L8,H,D
36.859826,-95.419329,026,034,638,6152,2026-04-06,1654,L8,H,D
36.859826,-95.419329,026,035,1978,882,2026-04-06,1654,L8,H,D
36.86009,-95.419674,026,034,637,6151,2026-04-06,1654,L8,H,D
36.86009,-95.419674,026,035,1977,881,2026-04-06,1654,L8,H,D
36.860096,-95.419337,026,034,638,6151,2026-04-06,1654,L8,M,D
36.86036,-95.419682,026,034,637,6150,2026-04-06,1654,L8,H,D
36.86036,-95.419682,026,035,1977,880,2026-04-06,1654,L8,H,D
36.86063,-95.419691,026,034,637,6149,2026-04-06,1654,L8,H,D
36.86063,-95.419691,026,035,1977,879,2026-04-06,1654,L8,H,D
36.8609,-95.419699,026,034,637,6148,2026-04-06,1654,L8,H,D
36.8609,-95.419699,026,035,1977,878,2026-04-06,1654,L8,H,D
36.860907,-95.419363,026,035,1978,878,2026-04-06,1654,L8,M,D
36.860907,-95.419363,026,034,638,6148,2026-04-06,1654,L8,M,D
36.86117,-95.419708,026,034,637,6147,2026-04-06,1654,L8,H,D
36.86117,-95.419708,026,035,1977,877,2026-04-06,1654,L8,H,D
36.861177,-95.419371,026,034,638,6147,2026-04-06,1654,L8,M,D
36.861177,-95.419371,026,035,1978,877,2026-04-06,1654,L8,M,D
36.861441,-95.419716,026,035,1977,876,2026-04-06,1654,L8,H,D
36.861441,-95.419716,026,034,637,6146,2026-04-06,1654,L8,H,D
36.861447,-95.41938,026,035,1978,876,2026-04-06,1654,L8,M,D
36.861447,-95.41938,026,034,638,6146,2026-04-06,1654,L8,M,D
36.861711,-95.419725,026,035,1977,875,2026-04-06,1654,L8,H,D
36.861711,-95.419725,026,034,637,6145,2026-04-06,1654,L8,H,D
36.861718,-95.419388,026,034,638,6145,2026-04-06,1654,L8,M,D
36.861718,-95.419388,026,035,1978,875,2026-04-06,1654,L8,M,D
36.861981,-95.419733,026,035,1977,874,2026-04-06,1654,L8,H,D
36.861981,-95.419733,026,034,637,6144,2026-04-06,1654,L8,H,D
36.861988,-95.419397,026,035,1978,874,2026-04-06,1654,L8,H,D
36.861988,-95.419397,026,034,638,6144,2026-04-06,1654,L8,H,D
36.862251,-95.419742,026,034,637,6143,2026-04-06,1654,L8,H,D
36.862251,-95.419742,026,035,1977,873,2026-04-06,1654,L8,H,D
36.862258,-95.419406,026,034,638,6143,2026-04-06,1654,L8,H,D
36.862258,-95.419406,026,035,1978,873,2026-04-06,1654,L8,H,D
36.862412,-95.425131,026,034,621,6142,2026-04-06,1654,L8,H,D
36.862412,-95.425131,026,035,1961,872,2026-04-06,1654,L8,H,D
36.862419,-95.424794,026,035,1962,872,2026-04-06,1654,L8,H,D
36.862419,-95.424794,026,034,622,6142,2026-04-06,1654,L8,H,D
36.862425,-95.424458,026,034,623,6142,2026-04-06,1654,L8,H,D
36.862425,-95.424458,026,035,1963,872,2026-04-06,1654,L8,H,D
36.862528,-95.419414,026,034,638,6142,2026-04-06,1654,L8,H,D
36.862528,-95.419414,026,035,1978,872,2026-04-06,1654,L8,H,D
36.862689,-95.424803,026,035,1962,871,2026-04-06,1654,L8,M,D
36.862689,-95.424803,026,034,622,6141,2026-04-06,1654,L8,M,D
36.862696,-95.424467,026,035,1963,871,2026-04-06,1654,L8,H,D
36.862696,-95.424467,026,034,623,6141,2026-04-06,1654,L8,H,D
36.862702,-95.42413,026,035,1964,871,2026-04-06,1654,L8,H,D
36.862702,-95.42413,026,034,624,6141,2026-04-06,1654,L8,H,D
36.862798,-95.419423,026,035,1978,871,2026-04-06,1654,L8,M,D
36.862798,-95.419423,026,034,638,6141,2026-04-06,1654,L8,M,D
36.862973,-95.424139,026,035,1964,870,2026-04-06,1654,L8,H,D
36.862973,-95.424139,026,034,624,6140,2026-04-06,1654,L8,H,D
36.86298,-95.423803,026,035,1965,870,2026-04-06,1654,L8,H,D
36.86298,-95.423803,026,034,625,6140,2026-04-06,1654,L8,H,D
36.863028,-95.421449,026,035,1972,870,2026-04-06,1654,L8,H,D
36.863028,-95.421449,026,034,632,6140,2026-04-06,1654,L8,H,D
36.863034,-95.421112,026,034,633,6140,2026-04-06,1654,L8,H,D
36.863034,-95.421112,026,035,1973,870,2026-04-06,1654,L8,H,D
36.863069,-95.419431,026,035,1978,870,2026-04-06,1654,L8,M,D
36.863069,-95.419431,026,034,638,6140,2026-04-06,1654,L8,M,D
36.863243,-95.424147,026,035,1964,869,2026-04-06,1654,L8,M,D
36.863243,-95.424147,026,034,624,6139,2026-04-06,1654,L8,M,D
36.86325,-95.423811,026,035,1965,869,2026-04-06,1654,L8,H,D
36.86325,-95.423811,026,034,625,6139,2026-04-06,1654,L8,H,D
36.863257,-95.423475,026,035,1966,869,2026-04-06,1654,L8,H,D
36.863257,-95.423475,026,034,626,6139,2026-04-06,1654,L8,H,D
36.863263,-95.423139,026,034,627,6139,2026-04-06,1654,L8,H,D
36.863263,-95.423139,026,035,1967,869,2026-04-06,1654,L8,H,D
36.86327,-95.422802,026,034,628,6139,2026-04-06,1654,L8,H,D
36.86327,-95.422802,026,035,1968,869,2026-04-06,1654,L8,H,D
36.863277,-95.422466,026,034,629,6139,2026-04-06,1654,L8,H,D
36.863277,-95.422466,026,035,1969,869,2026-04-06,1654,L8,H,D
36.863291,-95.421793,026,034,631,6139,2026-04-06,1654,L8,H,D
36.863291,-95.421793,026,035,1971,869,2026-04-06,1654,L8,H,D
36.863298,-95.421457,026,034,632,6139,2026-04-06,1654,L8,H,D
36.863298,-95.421457,026,035,1972,869,2026-04-06,1654,L8,H,D
36.863305,-95.421121,026,035,1973,869,2026-04-06,1654,L8,H,D
36.863305,-95.421121,026,034,633,6139,2026-04-06,1654,L8,H,D
36.863311,-95.420785,026,034,634,6139,2026-04-06,1654,L8,H,D
36.863311,-95.420785,026,035,1974,869,2026-04-06,1654,L8,H,D
36.863318,-95.420448,026,034,635,6139,2026-04-06,1654,L8,H,D
36.863318,-95.420448,026,035,1975,869,2026-04-06,1654,L8,H,D
36.863325,-95.420112,026,035,1976,869,2026-04-06,1654,L8,H,D
36.863325,-95.420112,026,034,636,6139,2026-04-06,1654,L8,H,D
36.863332,-95.419776,026,034,637,6139,2026-04-06,1654,L8,H,D
36.863332,-95.419776,026,035,1977,869,2026-04-06,1654,L8,H,D
36.863339,-95.41944,026,034,638,6139,2026-04-06,1654,L8,H,D
36.863339,-95.41944,026,035,1978,869,2026-04-06,1654,L8,H,D
36.863534,-95.423147,026,035,1967,868,2026-04-06,1654,L8,H,D
36.863534,-95.423147,026,034,627,6138,2026-04-06,1654,L8,H,D
36.863541,-95.422811,026,034,628,6138,2026-04-06,1654,L8,H,D
36.863541,-95.422811,026,035,1968,868,2026-04-06,1654,L8,H,D
36.863547,-95.422475,026,035,1969,868,2026-04-06,1654,L8,H,D
36.863547,-95.422475,026,034,629,6138,2026-04-06,1654,L8,H,D
36.863554,-95.422138,026,034,630,6138,2026-04-06,1654,L8,H,D
36.863554,-95.422138,026,035,1970,868,2026-04-06,1654,L8,H,D
36.863561,-95.421802,026,034,631,6138,2026-04-06,1654,L8,H,D
36.863561,-95.421802,026,035,1971,868,2026-04-06,1654,L8,H,D
36.863568,-95.421466,026,035,1972,868,2026-04-06,1654,L8,H,D
36.863568,-95.421466,026,034,632,6138,2026-04-06,1654,L8,H,D
36.863588,-95.420457,026,034,635,6138,2026-04-06,1654,L8,M,D
36.863588,-95.420457,026,035,1975,868,2026-04-06,1654,L8,M,D
36.863595,-95.420121,026,034,636,6138,2026-04-06,1654,L8,H,D
36.863595,-95.420121,026,035,1976,868,2026-04-06,1654,L8,H,D
36.863602,-95.419784,026,035,1977,868,2026-04-06,1654,L8,H,D
36.863602,-95.419784,026,034,637,6138,2026-04-06,1654,L8,H,D
36.863609,-95.419448,026,035,1978,868,2026-04-06,1654,L8,H,D
36.863609,-95.419448,026,034,638,6138,2026-04-06,1654,L8,H,D
36.863818,-95.422483,026,035,1969,867,2026-04-06,1654,L8,H,D
36.863818,-95.422483,026,034,629,6137,2026-04-06,1654,L8,H,D
36.863824,-95.422147,026,034,630,6137,2026-04-06,1654,L8,H,D
36.863824,-95.422147,026,035,1970,867,2026-04-06,1654,L8,H,D
36.863831,-95.421811,026,035,1971,867,2026-04-06,1654,L8,H,D
36.863831,-95.421811,026,034,631,6137,2026-04-06,1654,L8,H,D
36.87319,-94.309105,026,034,3938,6167,2026-04-06,1654,L8,H,D
36.873287,-94.223949,026,034,4191,6170,2026-04-06,1654,L8,L,D
36.880016,-94.278252,026,034,4030,6143,2026-04-06,1654,L8,L,D
36.880256,-94.784178,026,034,2527,6118,2026-04-06,1654,L8,H,D
36.880256,-94.784178,026,035,3867,848,2026-04-06,1654,L8,H,D
36.880527,-94.784184,026,034,2527,6117,2026-04-06,1654,L8,L,D
36.880527,-94.784184,026,035,3867,847,2026-04-06,1654,L8,L,D
36.881933,-94.96901,026,035,3318,831,2026-04-06,1654,L8,H,D
36.881933,-94.96901,026,034,1978,6101,2026-04-06,1654,L8,H,D
36.882204,-94.969017,026,034,1978,6100,2026-04-06,1654,L8,H,D
36.882204,-94.969017,026,035,3318,830,2026-04-06,1654,L8,H,D
36.882209,-94.96868,026,035,3319,830,2026-04-06,1654,L8,H,D
36.882209,-94.96868,026,034,1979,6100,2026-04-06,1654,L8,H,D
36.882215,-94.968344,026,034,1980,6100,2026-04-06,1654,L8,L,D
36.882215,-94.968344,026,035,3320,830,2026-04-06,1654,L8,L,D
36.907599,-94.398254,026,034,3675,6036,2026-04-06,1654,L8,H,D
36.90787,-94.398259,026,034,3675,6035,2026-04-06,1654,L8,H,D
36.925128,-93.651836,026,034,5892,5995,2026-04-06,1654,L8,H,D
36.92513,-93.651499,026,034,5893,5995,2026-04-06,1654,L8,H,D
36.925398,-93.651839,026,034,5892,5994,2026-04-06,1654,L8,H,D
36.9254,-93.651502,026,034,5893,5994,2026-04-06,1654,L8,H,D
36.931639,-93.740486,026,034,5629,5969,2026-04-06,1654,L8,H,D
36.93218,-94.280807,026,034,4025,5950,2026-04-06,1654,L8,H,D
36.932731,-94.279806,026,034,4028,5948,2026-04-06,1654,L8,H,D
36.932735,-94.279469,026,034,4029,5948,2026-04-06,1654,L8,H,D
36.952792,-93.526724,026,034,6264,5895,2026-04-06,1654,L8,H,D
36.952793,-93.526387,026,034,6265,5895,2026-04-06,1654,L8,H,D
36.953064,-93.526389,026,034,6265,5894,2026-04-06,1654,L8,H,D
36.959447,-95.29041,026,035,2370,523,2026-04-06,1654,L8,H,D
36.959447,-95.29041,026,034,1030,5793,2026-04-06,1654,L8,H,D
36.959987,-95.290426,026,034,1030,5791,2026-04-06,1654,L8,H,D
36.959987,-95.290426,026,035,2370,521,2026-04-06,1654,L8,H,D
36.960251,-95.290771,026,034,1029,5790,2026-04-06,1654,L8,H,D
36.960251,-95.290771,026,035,2369,520,2026-04-06,1654,L8,H,D
36.960258,-95.290434,026,034,1030,5790,2026-04-06,1654,L8,H,D
36.960258,-95.290434,026,035,2370,520,2026-04-06,1654,L8,H,D
36.960521,-95.290779,026,034,1029,5789,2026-04-06,1654,L8,H,D
36.960521,-95.290779,026,035,2369,519,2026-04-06,1654,L8,H,D
36.960528,-95.290442,026,035,2370,519,2026-04-06,1654,L8,M,D
36.960528,-95.290442,026,034,1030,5789,2026-04-06,1654,L8,M,D
36.960612,-95.286065,026,035,2383,519,2026-04-06,1654,L8,L,D
36.960612,-95.286065,026,034,1043,5789,2026-04-06,1654,L8,L,D
36.960791,-95.290787,026,035,2369,518,2026-04-06,1654,L8,M,D
36.960791,-95.290787,026,034,1029,5788,2026-04-06,1654,L8,H,D
36.960798,-95.29045,026,035,2370,518,2026-04-06,1654,L8,M,D
36.960798,-95.29045,026,034,1030,5788,2026-04-06,1654,L8,M,D
36.960876,-95.286409,026,034,1042,5788,2026-04-06,1654,L8,M,D
36.960876,-95.286409,026,035,2382,518,2026-04-06,1654,L8,M,D
36.960882,-95.286073,026,034,1043,5788,2026-04-06,1654,L8,M,D
36.960882,-95.286073,026,035,2383,518,2026-04-06,1654,L8,M,D
36.961062,-95.290795,026,035,2369,517,2026-04-06,1654,L8,L,D
36.961062,-95.290795,026,034,1029,5787,2026-04-06,1654,L8,M,D
36.961068,-95.290458,026,034,1030,5787,2026-04-06,1654,L8,H,D
36.961068,-95.290458,026,035,2370,517,2026-04-06,1654,L8,H,D
36.96114,-95.286754,026,034,1041,5787,2026-04-06,1654,L8,M,D
36.961338,-95.290466,026,035,2370,516,2026-04-06,1654,L8,H,D
36.961338,-95.290466,026,034,1030,5786,2026-04-06,1654,L8,H,D
36.961403,-95.287099,026,035,2380,516,2026-04-06,1654,L8,M,D
36.961403,-95.287099,026,034,1040,5786,2026-04-06,1654,L8,M,D
36.961879,-95.290483,026,035,2370,514,2026-04-06,1654,L8,H,D
36.961879,-95.290483,026,034,1030,5784,2026-04-06,1654,L8,H,D
36.961885,-95.290146,026,034,1031,5784,2026-04-06,1654,L8,L,D
36.961885,-95.290146,026,035,2371,514,2026-04-06,1654,L8,H,D
36.962426,-95.290162,026,034,1031,5782,2026-04-06,1654,L8,H,D
36.962426,-95.290162,026,035,2371,512,2026-04-06,1654,L8,H,D
36.962966,-95.290178,026,034,1031,5780,2026-04-06,1654,L8,H,D
36.962966,-95.290178,026,035,2371,510,2026-04-06,1654,L8,M,D
36.963604,-95.285143,026,034,1046,5778,2026-04-06,1654,L8,L,D
36.963604,-95.285143,026,035,2386,508,2026-04-06,1654,L8,L,D
36.96361,-95.284807,026,035,2387,508,2026-04-06,1654,L8,M,D
36.96361,-95.284807,026,034,1047,5778,2026-04-06,1654,L8,M,D
36.963842,-95.286835,026,035,2381,507,2026-04-06,1654,L8,H,D
36.963842,-95.286835,026,034,1041,5777,2026-04-06,1654,L8,H,D
36.963848,-95.286498,026,035,2382,507,2026-04-06,1654,L8,M,D
36.963848,-95.286498,026,034,1042,5777,2026-04-06,1654,L8,M,D
36.964112,-95.286843,026,034,1041,5776,2026-04-06,1654,L8,H,D
36.964112,-95.286843,026,035,2381,506,2026-04-06,1654,L8,H,D
36.964118,-95.286506,026,035,2382,506,2026-04-06,1654,L8,H,D
36.964118,-95.286506,026,034,1042,5776,2026-04-06,1654,L8,H,D
36.964382,-95.286851,026,034,1041,5775,2026-04-06,1654,L8,H,D
36.964382,-95.286851,026,035,2381,505,2026-04-06,1654,L8,H,D
36.964389,-95.286514,026,034,1042,5775,2026-04-06,1654,L8,H,D
36.964389,-95.286514,026,035,2382,505,2026-04-06,1654,L8,H,D
36.964652,-95.286859,026,035,2381,504,2026-04-06,1654,L8,H,D
36.964652,-95.286859,026,034,1041,5774,2026-04-06,1654,L8,H,D
36.964659,-95.286523,026,034,1042,5774,2026-04-06,1654,L8,H,D
36.964659,-95.286523,026,035,2382,504,2026-04-06,1654,L8,H,D
36.964916,-95.287204,026,034,1040,5773,2026-04-06,1654,L8,L,D
36.964923,-95.286867,026,034,1041,5773,2026-04-06,1654,L8,H,D
36.964923,-95.286867,026,035,2381,503,2026-04-06,1654,L8,H,D
36.964929,-95.286531,026,035,2382,503,2026-04-06,1654,L8,H,D
36.964929,-95.286531,026,034,1042,5773,2026-04-06,1654,L8,H,D
36.965193,-95.286875,026,035,2381,502,2026-04-06,1654,L8,H,D
36.965193,-95.286875,026,034,1041,5772,2026-04-06,1654,L8,H,D
36.965199,-95.286539,026,035,2382,502,2026-04-06,1654,L8,H,D
36.965199,-95.286539,026,034,1042,5772,2026-04-06,1654,L8,H,D
36.971405,-95.215961,026,034,1252,5754,2026-04-06,1654,L8,L,D
36.971405,-95.215961,026,035,2592,484,2026-04-06,1654,L8,L,D
36.972984,-95.372026,026,035,2129,467,2026-04-06,1654,L8,L,D
36.97449,-94.479352,026,034,3438,5785,2026-04-06,1654,L8,L,D
36.97476,-94.479358,026,034,3438,5784,2026-04-06,1654,L8,H,D
36.97648,-93.550819,026,034,6193,5807,2026-04-06,1654,L8,H,D
36.976482,-93.550482,026,034,6194,5807,2026-04-06,1654,L8,H,D
36.983716,-94.132346,026,034,4468,5765,2026-04-06,1654,L8,L,D
36.984622,-94.469099,026,034,3469,5748,2026-04-06,1654,L8,H,D
36.984626,-94.468762,026,034,3470,5748,2026-04-06,1654,L8,H,D
36.984893,-94.469105,026,034,3469,5747,2026-04-06,1654,L8,H,D
36.984897,-94.468768,026,034,3470,5747,2026-04-06,1654,L8,L,D
36.987334,-94.573984,026,034,3158,5733,2026-04-06,1654,L8,H,D
36.987338,-94.573647,026,034,3159,5733,2026-04-06,1654,L8,L,D
36.987537,-93.907894,026,034,5134,5758,2026-04-06,1654,L8,H,D
37.022424,-94.858652,026,034,2316,5588,2026-04-06,1654,L8,H,D
37.022694,-94.858658,026,034,2316,5587,2026-04-06,1654,L8,H,D
37.022965,-94.858665,026,034,2316,5586,2026-04-06,1654,L8,H,D
37.023288,-94.855301,026,034,2326,5585,2026-04-06,1654,L8,H,D
37.03053,-94.558686,026,034,3206,5574,2026-04-06,1654,L8,M,D
37.030534,-94.558349,026,034,3207,5574,2026-04-06,1654,L8,H,D
37.030805,-94.558354,026,034,3207,5573,2026-04-06,1654,L8,H,D
37.042839,-94.951234,026,034,2043,5507,2026-04-06,1654,L8,H,D
37.061798,-94.415588,026,034,3632,5465,2026-04-06,1654,L8,H,D
37.067348,-93.971611,026,034,4948,5461,2026-04-06,1654,L8,H,D
37.067618,-93.971615,026,034,4948,5460,2026-04-06,1654,L8,L,D
37.068265,-94.323923,026,034,3904,5445,2026-04-06,1654,L8,H,D
37.071408,-94.308792,026,034,3949,5434,2026-04-06,1654,L8,L,D
37.071678,-94.308797,026,034,3949,5433,2026-04-06,1654,L8,H,D
37.076949,-94.776629,026,034,2563,5391,2026-04-06,1654,L8,L,D
37.077219,-94.776635,026,034,2563,5390,2026-04-06,1654,L8,H,D
37.077815,-94.772937,026,034,2574,5388,2026-04-06,1654,L8,H,D
37.080491,-93.368296,026,034,6736,5425,2026-04-06,1654,L8,L,D
37.08378,-94.265128,026,034,4079,5390,2026-04-06,1654,L8,H,D
37.08405,-94.265132,026,034,4079,5389,2026-04-06,1654,L8,L,D
37.093227,-95.348433,026,034,870,5294,2026-04-06,1654,L8,L,D
37.093497,-95.348441,026,034,870,5293,2026-04-06,1654,L8,M,D
37.094316,-93.35756,026,034,6768,5374,2026-04-06,1654,L8,H,D
37.094334,-95.347117,026,034,874,5290,2026-04-06,1654,L8,L,D
37.094586,-93.357561,026,034,6768,5373,2026-04-06,1654,L8,H,D
37.101516,-94.547986,026,034,3242,5312,2026-04-06,1654,L8,H,D
37.107264,-94.5005,026,034,3383,5293,2026-04-06,1654,L8,H,D
37.107268,-94.500162,026,034,3384,5293,2026-04-06,1654,L8,L,D
37.107538,-94.500168,026,034,3384,5292,2026-04-06,1654,L8,H,D
37.109909,-94.547144,026,034,3245,5281,2026-04-06,1654,L8,H,D
37.109913,-94.546807,026,034,3246,5281,2026-04-06,1654,L8,H,D
37.110179,-94.54715,026,034,3245,5280,2026-04-06,1654,L8,H,D
37.110184,-94.546812,026,034,3246,5280,2026-04-06,1654,L8,H,D
37.111652,-93.347849,026,034,6797,5310,2026-04-06,1654,L8,H,D
37.112536,-95.410133,026,034,689,5218,2026-04-06,1654,L8,H,D
37.112543,-95.409795,026,034,690,5218,2026-04-06,1654,L8,H,D
37.11255,-95.409458,026,034,691,5218,2026-04-06,1654,L8,H,D
37.112806,-95.410141,026,034,689,5217,2026-04-06,1654,L8,H,D
37.112813,-95.409804,026,034,690,5217,2026-04-06,1654,L8,H,D
37.11282,-95.409466,026,034,691,5217,2026-04-06,1654,L8,H,D
37.112827,-95.409129,026,034,692,5217,2026-04-06,1654,L8,H,D
37.117745,-94.526707,026,034,3306,5253,2026-04-06,1654,L8,L,D
37.11775,-94.526369,026,034,3307,5253,2026-04-06,1654,L8,H,D
37.133684,-93.393548,026,034,6662,5228,2026-04-06,1654,L8,H,D
37.133954,-93.393549,026,034,6662,5227,2026-04-06,1654,L8,H,D
37.133955,-93.393211,026,034,6663,5227,2026-04-06,1654,L8,L,D
37.134877,-94.717193,026,034,2743,5180,2026-04-06,1654,L8,L,D
37.135148,-94.717199,026,034,2743,5179,2026-04-06,1654,L8,H,D
37.137172,-94.421382,026,034,3619,5186,2026-04-06,1654,L8,H,D
37.141238,-93.644566,026,034,5919,5196,2026-04-06,1654,L8,H,D
37.145222,-95.232169,026,034,1219,5110,2026-04-06,1654,L8,H,D
37.149445,-94.719549,026,034,2737,5126,2026-04-06,1654,L8,H,D
37.149449,-94.719211,026,034,2738,5126,2026-04-06,1654,L8,H,D
37.14972,-94.719217,026,034,2738,5125,2026-04-06,1654,L8,H,D
37.151297,-94.722293,026,034,2729,5119,2026-04-06,1654,L8,H,D
37.151302,-94.721955,026,034,2730,5119,2026-04-06,1654,L8,H,D
37.151307,-94.721618,026,034,2731,5119,2026-04-06,1654,L8,M,D
37.151312,-94.72128,026,034,2732,5119,2026-04-06,1654,L8,H,D
37.151317,-94.720942,026,034,2733,5119,2026-04-06,1654,L8,H,D
37.151322,-94.720605,026,034,2734,5119,2026-04-06,1654,L8,H,D
37.151327,-94.720267,026,034,2735,5119,2026-04-06,1654,L8,H,D
37.151573,-94.721962,026,034,2730,5118,2026-04-06,1654,L8,H,D
37.151578,-94.721624,026,034,2731,5118,2026-04-06,1654,L8,H,D
37.151582,-94.721286,026,034,2732,5118,2026-04-06,1654,L8,H,D
37.151587,-94.720949,026,034,2733,5118,2026-04-06,1654,L8,H,D
37.151592,-94.720611,026,034,2734,5118,2026-04-06,1654,L8,H,D
37.151848,-94.72163,026,034,2731,5117,2026-04-06,1654,L8,H,D
37.151853,-94.721292,026,034,2732,5117,2026-04-06,1654,L8,H,D
37.151858,-94.720955,026,034,2733,5117,2026-04-06,1654,L8,L,D
37.165021,-95.313493,026,034,980,5031,2026-04-06,1654,L8,L,D
37.165284,-95.313839,026,034,979,5030,2026-04-06,1654,L8,H,D
37.165291,-95.313501,026,034,980,5030,2026-04-06,1654,L8,H,D
37.165554,-95.313847,026,034,979,5029,2026-04-06,1654,L8,H,D
37.165863,-94.396241,026,034,3695,5081,2026-04-06,1654,L8,H,D
37.166547,-94.237448,026,034,4165,5085,2026-04-06,1654,L8,L,D
37.166817,-94.237453,026,034,4165,5084,2026-04-06,1654,L8,L,D
37.178229,-93.603987,026,034,6040,5060,2026-04-06,1654,L8,H,D
37.178231,-93.603649,026,034,6041,5060,2026-04-06,1654,L8,H,D
37.178501,-93.603652,026,034,6041,5059,2026-04-06,1654,L8,H,D
37.18148,-94.30731,026,034,3959,5027,2026-04-06,1654,L8,L,D
37.18175,-94.307315,026,034,3959,5026,2026-04-06,1654,L8,H,D
37.181754,-94.306977,026,034,3960,5026,2026-04-06,1654,L8,L,D
37.194378,-93.436792,026,034,6535,5003,2026-04-06,1654,L8,H,D
37.194379,-93.436454,026,034,6536,5003,2026-04-06,1654,L8,H,D
37.194647,-93.437132,026,034,6534,5002,2026-04-06,1654,L8,H,D
37.194648,-93.436794,026,034,6535,5002,2026-04-06,1654,L8,H,D
37.194649,-93.436456,026,034,6536,5002,2026-04-06,1654,L8,H,D
37.194651,-93.436118,026,034,6537,5002,2026-04-06,1654,L8,H,D
37.194919,-93.436795,026,034,6535,5001,2026-04-06,1654,L8,H,D
37.19492,-93.436457,026,034,6536,5001,2026-04-06,1654,L8,H,D
37.205753,-93.836126,026,034,5354,4953,2026-04-06,1654,L8,L,D
37.210355,-95.317919,026,034,971,4863,2026-04-06,1654,L8,H,D
37.210625,-95.317927,026,034,971,4862,2026-04-06,1654,L8,H,D
37.210896,-95.317936,026,034,971,4861,2026-04-06,1654,L8,H,D
37.210902,-95.317598,026,034,972,4861,2026-04-06,1654,L8,H,D
37.21422,-93.480524,026,034,6406,4929,2026-04-06,1654,L8,L,D
37.21572,-95.2214,026,034,1257,4850,2026-04-06,1654,L8,L,D
37.21599,-95.221407,026,034,1257,4849,2026-04-06,1654,L8,L,D
37.21859,-93.395679,026,034,6657,4914,2026-04-06,1654,L8,H,D
37.21886,-93.39568,026,034,6657,4913,2026-04-06,1654,L8,H,D
37.221198,-94.234621,026,034,4176,4883,2026-04-06,1654,L8,L,D
37.22505,-93.695665,026,034,5770,4885,2026-04-06,1654,L8,H,D
37.240875,-94.54001,026,034,3274,4797,2026-04-06,1654,L8,L,D
37.258752,-94.695984,026,034,2814,4723,2026-04-06,1654,L8,L,D
37.277061,-93.631171,026,034,5962,4694,2026-04-06,1654,L8,L,D
37.27984,-94.38447,026,034,3736,4660,2026-04-06,1654,L8,L,D
37.293492,-95.297119,026,034,1040,4557,2026-04-06,1654,L8,H,D
37.293498,-95.296781,026,034,1041,4557,2026-04-06,1654,L8,H,D
37.293762,-95.297127,026,034,1040,4556,2026-04-06,1654,L8,H,D
37.325769,-95.177239,026,034,1397,4446,2026-04-06,1654,L8,H,D
37.325867,-94.469285,026,034,3488,4486,2026-04-06,1654,L8,L,D
37.325871,-94.468946,026,034,3489,4486,2026-04-06,1654,L8,M,D
37.32604,-95.177247,026,034,1397,4445,2026-04-06,1654,L8,H,D
37.326137,-94.46929,026,034,3488,4485,2026-04-06,1654,L8,M,D
37.326141,-94.468952,026,034,3489,4485,2026-04-06,1654,L8,H,D
37.332801,-95.177104,026,034,1398,4420,2026-04-06,1654,L8,H,D
37.332808,-95.176765,026,034,1399,4420,2026-04-06,1654,L8,L,D
37.334403,-93.372918,026,034,6726,4486,2026-04-06,1654,L8,H,D
37.339412,-94.510187,026,034,3368,4434,2026-04-06,1654,L8,L,D
37.339425,-94.509171,026,034,3371,4434,2026-04-06,1654,L8,H,D
37.339429,-94.508833,026,034,3372,4434,2026-04-06,1654,L8,L,D
37.339674,-94.510869,026,034,3366,4433,2026-04-06,1654,L8,M,D
37.339691,-94.509515,026,034,3370,4433,2026-04-06,1654,L8,H,D
37.339695,-94.509177,026,034,3371,4433,2026-04-06,1654,L8,L,D
37.353583,-93.455666,026,034,6482,4414,2026-04-06,1654,L8,L,D
37.358542,-93.711123,026,034,5728,4391,2026-04-06,1654,L8,L,D
37.358544,-93.710784,026,034,5729,4391,2026-04-06,1654,L8,H,D
37.358813,-93.711125,026,034,5728,4390,2026-04-06,1654,L8,L,D
37.359079,-93.711805,026,034,5726,4389,2026-04-06,1654,L8,L,D
37.359081,-93.711467,026,034,5727,4389,2026-04-06,1654,L8,M,D
37.359747,-93.469932,026,034,6440,4391,2026-04-06,1654,L8,M,D
37.369279,-93.767127,026,034,5563,4350,2026-04-06,1654,L8,M,D
37.369281,-93.766788,026,034,5564,4350,2026-04-06,1654,L8,L,D
37.369284,-93.76645,026,034,5565,4350,2026-04-06,1654,L8,M,D
37.369286,-93.766111,026,034,5566,4350,2026-04-06,1654,L8,H,D
37.369288,-93.765772,026,034,5567,4350,2026-04-06,1654,L8,H,D
37.369554,-93.766452,026,034,5565,4349,2026-04-06,1654,L8,H,D
37.369556,-93.766114,026,034,5566,4349,2026-04-06,1654,L8,H,D
37.369558,-93.765775,026,034,5567,4349,2026-04-06,1654,L8,H,D
37.369561,-93.765436,026,034,5568,4349,2026-04-06,1654,L8,M,D
37.371196,-93.76342,026,034,5574,4343,2026-04-06,1654,L8,M,D
37.372904,-94.470202,026,034,3488,4312,2026-04-06,1654,L8,H,D
37.372908,-94.469863,026,034,3489,4312,2026-04-06,1654,L8,L,D
37.373174,-94.470207,026,034,3488,4311,2026-04-06,1654,L8,H,D
37.373178,-94.469869,026,034,3489,4311,2026-04-06,1654,L8,H,D
37.37341,-93.432407,026,034,6551,4341,2026-04-06,1654,L8,M,D
37.373681,-93.432408,026,034,6551,4340,2026-04-06,1654,L8,H,D
37.373682,-93.43207,026,034,6552,4340,2026-04-06,1654,L8,H,D
37.376769,-93.400236,026,034,6646,4329,2026-04-06,1654,L8,H,D
37.37677,-93.399897,026,034,6647,4329,2026-04-06,1654,L8,H,D
37.37704,-93.399898,026,034,6647,4328,2026-04-06,1654,L8,H,D
37.396348,-93.571162,026,034,6142,4254,2026-04-06,1654,L8,H,D
37.407339,-93.735312,026,034,5658,4210,2026-04-06,1654,L8,L,D
37.407609,-93.735315,026,034,5658,4209,2026-04-06,1654,L8,L,D
37.407906,-94.740015,026,034,2694,4169,2026-04-06,1654,L8,H,D
37.407911,-94.739676,026,034,2695,4169,2026-04-06,1654,L8,L,D
37.414544,-95.27268,026,034,1123,4111,2026-04-06,1654,L8,L,D
37.414551,-95.272341,026,034,1124,4111,2026-04-06,1654,L8,H,D
37.414557,-95.272003,026,034,1125,4111,2026-04-06,1654,L8,H,D
37.414821,-95.272349,026,034,1124,4110,2026-04-06,1654,L8,L,D
37.414827,-95.272011,026,034,1125,4110,2026-04-06,1654,L8,L,D
37.415104,-95.27168,026,034,1126,4109,2026-04-06,1654,L8,H,D
37.415374,-95.271688,026,034,1126,4108,2026-04-06,1654,L8,L,D
37.415381,-95.27135,026,034,1127,4108,2026-04-06,1654,L8,H,D
37.424662,-94.665478,026,034,2915,4111,2026-04-06,1654,L8,L,D
37.424932,-94.665484,026,034,2915,4110,2026-04-06,1654,L8,H,D
37.428218,-95.163592,026,034,1446,4068,2026-04-06,1654,L8,H,D
37.428298,-95.159187,026,034,1459,4068,2026-04-06,1654,L8,M,D
37.428304,-95.158849,026,034,1460,4068,2026-04-06,1654,L8,H,D
37.42831,-95.15851,026,034,1461,4068,2026-04-06,1654,L8,H,D
37.428482,-95.163939,026,034,1445,4067,2026-04-06,1654,L8,M,D
37.428488,-95.1636,026,034,1446,4067,2026-04-06,1654,L8,H,D
37.428513,-95.162245,026,034,1450,4067,2026-04-06,1654,L8,H,D
37.428519,-95.161906,026,034,1451,4067,2026-04-06,1654,L8,H,D
37.428568,-95.159195,026,034,1459,4067,2026-04-06,1654,L8,H,D
37.428575,-95.158856,026,034,1460,4067,2026-04-06,1654,L8,H,D
37.428581,-95.158517,026,034,1461,4067,2026-04-06,1654,L8,H,D
37.441842,-94.575996,026,034,3180,4052,2026-04-06,1654,L8,M,D
37.441846,-94.575657,026,034,3181,4052,2026-04-06,1654,L8,H,D
37.44204,-94.581426,026,034,3164,4051,2026-04-06,1654,L8,L,D
37.442112,-94.576002,026,034,3180,4051,2026-04-06,1654,L8,M,D
37.442117,-94.575663,026,034,3181,4051,2026-04-06,1654,L8,M,D
37.442121,-94.575324,026,034,3182,4051,2026-04-06,1654,L8,H,D
37.442126,-94.574985,026,034,3183,4051,2026-04-06,1654,L8,H,D
37.44213,-94.574646,026,034,3184,4051,2026-04-06,1654,L8,M,D
37.44231,-94.581432,026,034,3164,4050,2026-04-06,1654,L8,M,D
37.442387,-94.575668,026,034,3181,4050,2026-04-06,1654,L8,H,D
37.442391,-94.575329,026,034,3182,4050,2026-04-06,1654,L8,H,D
37.442396,-94.57499,026,034,3183,4050,2026-04-06,1654,L8,H,D
37.4424,-94.574651,026,034,3184,4050,2026-04-06,1654,L8,M,D
37.442662,-94.575335,026,034,3182,4049,2026-04-06,1654,L8,H,D
37.442666,-94.574996,026,034,3183,4049,2026-04-06,1654,L8,H,D
37.442671,-94.574657,026,034,3184,4049,2026-04-06,1654,L8,H,D
37.442941,-94.574663,026,034,3184,4048,2026-04-06,1654,L8,H,D
37.442946,-94.574324,026,034,3185,4048,2026-04-06,1654,L8,H,D
37.443211,-94.574668,026,034,3184,4047,2026-04-06,1654,L8,H,D
37.443216,-94.574329,026,034,3185,4047,2026-04-06,1654,L8,H,D
37.443459,-94.576369,026,034,3179,4046,2026-04-06,1654,L8,H,D
37.443464,-94.57603,026,034,3180,4046,2026-04-06,1654,L8,H,D
37.443468,-94.575691,026,034,3181,4046,2026-04-06,1654,L8,H,D
37.443482,-94.574674,026,034,3184,4046,2026-04-06,1654,L8,H,D
37.443729,-94.576375,026,034,3179,4045,2026-04-06,1654,L8,H,D
37.443734,-94.576036,026,034,3180,4045,2026-04-06,1654,L8,H,D
37.443738,-94.575697,026,034,3181,4045,2026-04-06,1654,L8,H,D
37.443752,-94.57468,026,034,3184,4045,2026-04-06,1654,L8,H,D
37.443991,-94.577058,026,034,3177,4044,2026-04-06,1654,L8,M,D
37.443995,-94.576719,026,034,3178,4044,2026-04-06,1654,L8,H,D
37.444,-94.57638,026,034,3179,4044,2026-04-06,1654,L8,H,D
37.444004,-94.576041,026,034,3180,4044,2026-04-06,1654,L8,H,D
37.444009,-94.575702,026,034,3181,4044,2026-04-06,1654,L8,H,D
37.444022,-94.574685,026,034,3184,4044,2026-04-06,1654,L8,H,D
37.444027,-94.574346,026,034,3185,4044,2026-04-06,1654,L8,H,D
37.444247,-94.578081,026,034,3174,4043,2026-04-06,1654,L8,M,D
37.444252,-94.577742,026,034,3175,4043,2026-04-06,1654,L8,H,D
37.444256,-94.577403,026,034,3176,4043,2026-04-06,1654,L8,H,D
37.444261,-94.577064,026,034,3177,4043,2026-04-06,1654,L8,H,D
37.444265,-94.576725,026,034,3178,4043,2026-04-06,1654,L8,H,D
37.44427,-94.576386,026,034,3179,4043,2026-04-06,1654,L8,H,D
37.444288,-94.57503,026,034,3183,4043,2026-04-06,1654,L8,H,D
37.444293,-94.574691,026,034,3184,4043,2026-04-06,1654,L8,H,D
37.444297,-94.574352,026,034,3185,4043,2026-04-06,1654,L8,H,D
37.444513,-94.578426,026,034,3173,4042,2026-04-06,1654,L8,H,D
37.444518,-94.578087,026,034,3174,4042,2026-04-06,1654,L8,H,D
37.444522,-94.577748,026,034,3175,4042,2026-04-06,1654,L8,H,D
37.444527,-94.577409,026,034,3176,4042,2026-04-06,1654,L8,H,D
37.444531,-94.57707,026,034,3177,4042,2026-04-06,1654,L8,H,D
37.444558,-94.575036,026,034,3183,4042,2026-04-06,1654,L8,H,D
37.444563,-94.574697,026,034,3184,4042,2026-04-06,1654,L8,H,D
37.444702,-94.584534,026,034,3155,4041,2026-04-06,1654,L8,M,D
37.444738,-94.581822,026,034,3163,4041,2026-04-06,1654,L8,H,D
37.444743,-94.581483,026,034,3164,4041,2026-04-06,1654,L8,H,D
37.444747,-94.581144,026,034,3165,4041,2026-04-06,1654,L8,H,D
37.444752,-94.580805,026,034,3166,4041,2026-04-06,1654,L8,H,D
37.444765,-94.579788,026,034,3169,4041,2026-04-06,1654,L8,M,D
37.44477,-94.579449,026,034,3170,4041,2026-04-06,1654,L8,H,D
37.444774,-94.57911,026,034,3171,4041,2026-04-06,1654,L8,H,D
37.444779,-94.578771,026,034,3172,4041,2026-04-06,1654,L8,H,D
37.444783,-94.578432,026,034,3173,4041,2026-04-06,1654,L8,H,D
37.444788,-94.578093,026,034,3174,4041,2026-04-06,1654,L8,H,D
37.444824,-94.57538,026,034,3182,4041,2026-04-06,1654,L8,H,D
37.444829,-94.575041,026,034,3183,4041,2026-04-06,1654,L8,H,D
37.444972,-94.58454,026,034,3155,4040,2026-04-06,1654,L8,M,D
37.444977,-94.584201,026,034,3156,4040,2026-04-06,1654,L8,M,D
37.445013,-94.581488,026,034,3164,4040,2026-04-06,1654,L8,H,D
37.445017,-94.581149,026,034,3165,4040,2026-04-06,1654,L8,H,D
37.445022,-94.58081,026,034,3166,4040,2026-04-06,1654,L8,H,D
37.445027,-94.580471,026,034,3167,4040,2026-04-06,1654,L8,H,D
37.445031,-94.580132,026,034,3168,4040,2026-04-06,1654,L8,H,D
37.445036,-94.579793,026,034,3169,4040,2026-04-06,1654,L8,H,D
37.44504,-94.579454,026,034,3170,4040,2026-04-06,1654,L8,H,D
37.445045,-94.579115,026,034,3171,4040,2026-04-06,1654,L8,H,D
37.445049,-94.578776,026,034,3172,4040,2026-04-06,1654,L8,H,D
37.445054,-94.578437,026,034,3173,4040,2026-04-06,1654,L8,H,D
37.445094,-94.575386,026,034,3182,4040,2026-04-06,1654,L8,H,D
37.445099,-94.575047,026,034,3183,4040,2026-04-06,1654,L8,H,D
37.445292,-94.580816,026,034,3166,4039,2026-04-06,1654,L8,H,D
37.445369,-94.575053,026,034,3183,4039,2026-04-06,1654,L8,M,D
37.445545,-94.582178,026,034,3162,4038,2026-04-06,1654,L8,H,D
37.445549,-94.581839,026,034,3163,4038,2026-04-06,1654,L8,H,D
37.44581,-94.582523,026,034,3161,4037,2026-04-06,1654,L8,M,D
37.445815,-94.582184,026,034,3162,4037,2026-04-06,1654,L8,H,D
37.445819,-94.581845,026,034,3163,4037,2026-04-06,1654,L8,H,D
37.446053,-94.584563,026,034,3155,4036,2026-04-06,1654,L8,M,D
37.446058,-94.584223,026,034,3156,4036,2026-04-06,1654,L8,M,D
37.446076,-94.582867,026,034,3160,4036,2026-04-06,1654,L8,M,D
37.446081,-94.582528,026,034,3161,4036,2026-04-06,1654,L8,H,D
37.446085,-94.582189,026,034,3162,4036,2026-04-06,1654,L8,H,D
37.44609,-94.58185,026,034,3163,4036,2026-04-06,1654,L8,H,D
37.446324,-94.584568,026,034,3155,4035,2026-04-06,1654,L8,H,D
37.446328,-94.584229,026,034,3156,4035,2026-04-06,1654,L8,H,D
37.446351,-94.582534,026,034,3161,4035,2026-04-06,1654,L8,H,D
37.446355,-94.582195,026,034,3162,4035,2026-04-06,1654,L8,H,D
37.477368,-94.547565,026,034,3266,3922,2026-04-06,1654,L8,H,D
37.477372,-94.547226,026,034,3267,3922,2026-04-06,1654,L8,H,D
37.477377,-94.546886,026,034,3268,3922,2026-04-06,1654,L8,H,D
37.477381,-94.546547,026,034,3269,3922,2026-04-06,1654,L8,H,D
37.477385,-94.546208,026,034,3270,3922,2026-04-06,1654,L8,H,D
37.47739,-94.545869,026,034,3271,3922,2026-04-06,1654,L8,H,D
37.477394,-94.54553,026,034,3272,3922,2026-04-06,1654,L8,H,D
37.477399,-94.545191,026,034,3273,3922,2026-04-06,1654,L8,H,D
37.477647,-94.546892,026,034,3268,3921,2026-04-06,1654,L8,L,D
37.485306,-93.368916,026,034,6740,3928,2026-04-06,1654,L8,H,D
37.485576,-93.368918,026,034,6740,3927,2026-04-06,1654,L8,M,D
37.527608,-95.169177,026,034,1438,3700,2026-04-06,1654,L8,M,D
37.538881,-94.713854,026,034,2780,3686,2026-04-06,1654,L8,H,D
37.539152,-94.713861,026,034,2780,3685,2026-04-06,1654,L8,H,D
37.563911,-94.525238,026,034,3337,3603,2026-04-06,1654,L8,L,D
37.567266,-93.507241,026,034,6334,3623,2026-04-06,1654,L8,L,D
37.571346,-93.615981,026,034,6014,3606,2026-04-06,1654,L8,H,D
37.571348,-93.615641,026,034,6015,3606,2026-04-06,1654,L8,H,D
37.571616,-93.615983,026,034,6014,3605,2026-04-06,1654,L8,H,D
37.571618,-93.615643,026,034,6015,3605,2026-04-06,1654,L8,H,D
37.59181,-94.049749,026,034,4738,3519,2026-04-06,1654,L8,L,D
37.593718,-94.048077,026,034,4743,3512,2026-04-06,1654,L8,L,D
37.593721,-94.047737,026,034,4744,3512,2026-04-06,1654,L8,H,D
37.593724,-94.047397,026,034,4745,3512,2026-04-06,1654,L8,L,D
37.594135,-93.412611,026,034,6613,3525,2026-04-06,1654,L8,L,D
37.594405,-93.412613,026,034,6613,3524,2026-04-06,1654,L8,H,D
37.594406,-93.412273,026,034,6614,3524,2026-04-06,1654,L8,H,D
37.594713,-94.116394,026,034,4542,3506,2026-04-06,1654,L8,H,D
37.594942,-94.120815,026,034,4529,3505,2026-04-06,1654,L8,H,D
37.594945,-94.120475,026,034,4530,3505,2026-04-06,1654,L8,H,D
37.594984,-94.116398,026,034,4542,3505,2026-04-06,1654,L8,H,D
37.594987,-94.116058,026,034,4543,3505,2026-04-06,1654,L8,L,D
37.595216,-94.12048,026,034,4530,3504,2026-04-06,1654,L8,H,D
37.595219,-94.12014,026,034,4531,3504,2026-04-06,1654,L8,H,D
37.595241,-94.117761,026,034,4538,3504,2026-04-06,1654,L8,H,D
37.595489,-94.120144,026,034,4531,3503,2026-04-06,1654,L8,H,D
37.595512,-94.117765,026,034,4538,3503,2026-04-06,1654,L8,H,D
37.595515,-94.117426,026,034,4539,3503,2026-04-06,1654,L8,H,D
37.595547,-94.114028,026,034,4549,3503,2026-04-06,1654,L8,L,D
37.595817,-94.114032,026,034,4549,3502,2026-04-06,1654,L8,L,D
37.595821,-94.113692,026,034,4550,3502,2026-04-06,1654,L8,H,D
37.596052,-94.117773,026,034,4538,3501,2026-04-06,1654,L8,M,D
37.596056,-94.117434,026,034,4539,3501,2026-04-06,1654,L8,L,D
37.596091,-94.113696,026,034,4550,3501,2026-04-06,1654,L8,H,D
37.596094,-94.113356,026,034,4551,3501,2026-04-06,1654,L8,H,D
37.596323,-94.117778,026,034,4538,3500,2026-04-06,1654,L8,H,D
37.596326,-94.117438,026,034,4539,3500,2026-04-06,1654,L8,H,D
37.596361,-94.1137,026,034,4550,3500,2026-04-06,1654,L8,H,D
37.596365,-94.11336,026,034,4551,3500,2026-04-06,1654,L8,H,D
37.596632,-94.113704,026,034,4550,3499,2026-04-06,1654,L8,H,D
37.596635,-94.113364,026,034,4551,3499,2026-04-06,1654,L8,H,D
37.596902,-94.113708,026,034,4550,3498,2026-04-06,1654,L8,H,D
37.596905,-94.113368,026,034,4551,3498,2026-04-06,1654,L8,H,D
37.597169,-94.114052,026,034,4549,3497,2026-04-06,1654,L8,H,D
37.597172,-94.113712,026,034,4550,3497,2026-04-06,1654,L8,H,D
37.597176,-94.113372,026,034,4551,3497,2026-04-06,1654,L8,H,D
37.597179,-94.113033,026,034,4552,3497,2026-04-06,1654,L8,L,D
37.597443,-94.113716,026,034,4550,3496,2026-04-06,1654,L8,H,D
37.597446,-94.113377,026,034,4551,3496,2026-04-06,1654,L8,H,D
37.597449,-94.113037,026,034,4552,3496,2026-04-06,1654,L8,H,D
37.597452,-94.112697,026,034,4553,3496,2026-04-06,1654,L8,H,D
37.597456,-94.112357,026,034,4554,3496,2026-04-06,1654,L8,H,D
37.597723,-94.112701,026,034,4553,3495,2026-04-06,1654,L8,L,D
37.597726,-94.112361,026,034,4554,3495,2026-04-06,1654,L8,H,D
37.614591,-93.438898,026,034,6536,3449,2026-04-06,1654,L8,H,D
37.614592,-93.438559,026,034,6537,3449,2026-04-06,1654,L8,H,D
37.614861,-93.4389,026,034,6536,3448,2026-04-06,1654,L8,L,D
37.614862,-93.43856,026,034,6537,3448,2026-04-06,1654,L8,H,D
37.619468,-94.731339,026,034,2734,3387,2026-04-06,1654,L8,M,D
37.619488,-94.72998,026,034,2738,3387,2026-04-06,1654,L8,H,D
37.619758,-94.729986,026,034,2738,3386,2026-04-06,1654,L8,H,D
37.620274,-94.731697,026,034,2733,3384,2026-04-06,1654,L8,H,D
37.620569,-94.730005,026,034,2738,3383,2026-04-06,1654,L8,H,D
37.620574,-94.729665,026,034,2739,3383,2026-04-06,1654,L8,L,D
37.620839,-94.730011,026,034,2738,3382,2026-04-06,1654,L8,H,D
37.627,-94.386465,026,034,3749,3376,2026-04-06,1654,L8,L,D
37.645828,-93.472408,026,034,6438,3333,2026-04-06,1654,L8,L,D
37.646677,-95.319518,026,034,1006,3249,2026-04-06,1654,L8,M,D
37.64696,-95.318847,026,034,1008,3248,2026-04-06,1654,L8,M,D
37.646967,-95.318507,026,034,1009,3248,2026-04-06,1654,L8,M,D
37.646974,-95.318167,026,034,1010,3248,2026-04-06,1654,L8,M,D
37.64698,-95.317828,026,034,1011,3248,2026-04-06,1654,L8,M,D
37.646987,-95.317488,026,034,1012,3248,2026-04-06,1654,L8,H,D
37.646994,-95.317148,026,034,1013,3248,2026-04-06,1654,L8,H,D
37.647,-95.316808,026,034,1014,3248,2026-04-06,1654,L8,M,D
37.647237,-95.318516,026,034,1009,3247,2026-04-06,1654,L8,M,D
37.647244,-95.318176,026,034,1010,3247,2026-04-06,1654,L8,H,D
37.64725,-95.317836,026,034,1011,3247,2026-04-06,1654,L8,H,D
37.647257,-95.317496,026,034,1012,3247,2026-04-06,1654,L8,H,D
37.647501,-95.318864,026,034,1008,3246,2026-04-06,1654,L8,M,D
37.647521,-95.317844,026,034,1011,3246,2026-04-06,1654,L8,H,D
37.647527,-95.317505,026,034,1012,3246,2026-04-06,1654,L8,H,D
37.647764,-95.319212,026,034,1007,3245,2026-04-06,1654,L8,M,D
37.648028,-95.31956,026,034,1006,3244,2026-04-06,1654,L8,M,D
37.649445,-95.316204,026,034,1016,3239,2026-04-06,1654,L8,H,D
37.658532,-94.777137,026,034,2602,3240,2026-04-06,1654,L8,H,D
37.658802,-94.777143,026,034,2602,3239,2026-04-06,1654,L8,M,D
37.659072,-94.77715,026,034,2602,3238,2026-04-06,1654,L8,H,D
37.659342,-94.777156,026,034,2602,3237,2026-04-06,1654,L8,H,D
37.67008,-93.790963,026,034,5502,3237,2026-04-06,1654,L8,H,D
37.67035,-93.790966,026,034,5502,3236,2026-04-06,1654,L8,H,D
37.675955,-95.143898,026,034,1525,3153,2026-04-06,1654,L8,H,D
37.675961,-95.143558,026,034,1526,3153,2026-04-06,1654,L8,H,D
37.676225,-95.143906,026,034,1525,3152,2026-04-06,1654,L8,H,D
37.676231,-95.143566,026,034,1526,3152,2026-04-06,1654,L8,H,D
37.695867,-93.532277,026,034,6263,3147,2026-04-06,1654,L8,H,D
37.696138,-93.532279,026,034,6263,3146,2026-04-06,1654,L8,H,D
37.747733,-93.322541,026,034,6880,2958,2026-04-06,1654,L8,H,D
37.747734,-93.3222,026,034,6881,2958,2026-04-06,1654,L8,L,D
37.747986,-93.328672,026,034,6862,2957,2026-04-06,1654,L8,H,D
37.747987,-93.328331,026,034,6863,2957,2026-04-06,1654,L8,H,D
37.761828,-95.089165,026,034,1693,2839,2026-04-06,1654,L8,L,D
37.761875,-95.101766,026,034,1656,2838,2026-04-06,1654,L8,M,D
37.761881,-95.101426,026,034,1657,2838,2026-04-06,1654,L8,L,D
37.762157,-95.101093,026,034,1658,2837,2026-04-06,1654,L8,M,D
37.762651,-95.088507,026,034,1695,2836,2026-04-06,1654,L8,L,D
37.762915,-95.088855,026,034,1694,2835,2026-04-06,1654,L8,H,D
37.762921,-95.088514,026,034,1695,2835,2026-04-06,1654,L8,H,D
37.762927,-95.088174,026,034,1696,2835,2026-04-06,1654,L8,M,D
37.762955,-95.101797,026,034,1656,2834,2026-04-06,1654,L8,L,D
37.763159,-95.105548,026,034,1645,2833,2026-04-06,1654,L8,H,D
37.763166,-94.881466,026,034,2303,2847,2026-04-06,1654,L8,M,D
37.763192,-95.088522,026,034,1695,2834,2026-04-06,1654,L8,H,D
37.763226,-95.101804,026,034,1656,2833,2026-04-06,1654,L8,H,D
37.763431,-94.881813,026,034,2302,2846,2026-04-06,1654,L8,H,D
37.763435,-95.105216,026,034,1646,2832,2026-04-06,1654,L8,H,D
37.763436,-94.881472,026,034,2303,2846,2026-04-06,1654,L8,H,D
37.763441,-95.104875,026,034,1647,2832,2026-04-06,1654,L8,H,D
37.763442,-94.881132,026,034,2304,2846,2026-04-06,1654,L8,H,D
37.763447,-94.880792,026,034,2305,2846,2026-04-06,1654,L8,H,D
37.763496,-95.101812,026,034,1656,2832,2026-04-06,1654,L8,H,D
37.763502,-95.101471,026,034,1657,2832,2026-04-06,1654,L8,H,D
37.763699,-95.105564,026,034,1645,2831,2026-04-06,1654,L8,H,D
37.763701,-94.88182,026,034,2302,2845,2026-04-06,1654,L8,H,D
37.763705,-95.105223,026,034,1646,2831,2026-04-06,1654,L8,H,D
37.763706,-94.881479,026,034,2303,2845,2026-04-06,1654,L8,H,D
37.763711,-95.104883,026,034,1647,2831,2026-04-06,1654,L8,H,D
37.763712,-94.881139,026,034,2304,2845,2026-04-06,1654,L8,H,D
37.763717,-94.880798,026,034,2305,2845,2026-04-06,1654,L8,H,D
37.763766,-95.101819,026,034,1656,2831,2026-04-06,1654,L8,H,D
37.763772,-95.101479,026,034,1657,2831,2026-04-06,1654,L8,H,D
37.763969,-95.105571,026,034,1645,2830,2026-04-06,1654,L8,M,D
37.763977,-94.881486,026,034,2303,2844,2026-04-06,1654,L8,H,D
37.763982,-94.881146,026,034,2304,2844,2026-04-06,1654,L8,H,D
37.763987,-94.880805,026,034,2305,2844,2026-04-06,1654,L8,H,D
37.764002,-95.088545,026,034,1695,2831,2026-04-06,1654,L8,M,D
37.764036,-95.101827,026,034,1656,2830,2026-04-06,1654,L8,M,D
37.764272,-95.088552,026,034,1695,2830,2026-04-06,1654,L8,M,D
37.764307,-95.101835,026,034,1656,2829,2026-04-06,1654,L8,H,D
37.764313,-95.101494,026,034,1657,2829,2026-04-06,1654,L8,H,D
37.764319,-95.101154,026,034,1658,2829,2026-04-06,1654,L8,L,D
37.764577,-95.101842,026,034,1656,2828,2026-04-06,1654,L8,M,D
37.764583,-95.101502,026,034,1657,2828,2026-04-06,1654,L8,H,D
37.764589,-95.101162,026,034,1658,2828,2026-04-06,1654,L8,H,D
37.764595,-95.100821,026,034,1659,2828,2026-04-06,1654,L8,H,D
37.764792,-95.104914,026,034,1647,2827,2026-04-06,1654,L8,M,D
37.764853,-95.10151,026,034,1657,2827,2026-04-06,1654,L8,H,D
37.764859,-95.101169,026,034,1658,2827,2026-04-06,1654,L8,H,D
37.764865,-95.100829,026,034,1659,2827,2026-04-06,1654,L8,H,D
37.765069,-95.104581,026,034,1648,2826,2026-04-06,1654,L8,M,D
37.765123,-95.101517,026,034,1657,2826,2026-04-06,1654,L8,H,D
37.765129,-95.101177,026,034,1658,2826,2026-04-06,1654,L8,H,D
37.765135,-95.100837,026,034,1659,2826,2026-04-06,1654,L8,H,D
37.765321,-95.10561,026,034,1645,2825,2026-04-06,1654,L8,H,D
37.765327,-95.105269,026,034,1646,2825,2026-04-06,1654,L8,H,D
37.765333,-95.104929,026,034,1647,2825,2026-04-06,1654,L8,M,D
37.765339,-95.104588,026,034,1648,2825,2026-04-06,1654,L8,M,D
37.765387,-95.101865,026,034,1656,2825,2026-04-06,1654,L8,H,D
37.765394,-95.101525,026,034,1657,2825,2026-04-06,1654,L8,H,D
37.7654,-95.101185,026,034,1658,2825,2026-04-06,1654,L8,H,D
37.765609,-95.104596,026,034,1648,2824,2026-04-06,1654,L8,H,D
37.765615,-95.104256,026,034,1649,2824,2026-04-06,1654,L8,M,D
37.765658,-95.101873,026,034,1656,2824,2026-04-06,1654,L8,H,D
37.765664,-95.101533,026,034,1657,2824,2026-04-06,1654,L8,H,D
37.76567,-95.101192,026,034,1658,2824,2026-04-06,1654,L8,H,D
37.76591,-95.102902,026,034,1653,2823,2026-04-06,1654,L8,H,D
37.765916,-95.102561,026,034,1654,2823,2026-04-06,1654,L8,H,D
37.765922,-95.102221,026,034,1655,2823,2026-04-06,1654,L8,H,D
37.765928,-95.101881,026,034,1656,2823,2026-04-06,1654,L8,H,D
37.765934,-95.10154,026,034,1657,2823,2026-04-06,1654,L8,H,D
37.767251,-95.088296,026,034,1696,2819,2026-04-06,1654,L8,L,D
37.767255,-95.103281,026,034,1652,2818,2026-04-06,1654,L8,H,D
37.767509,-95.088984,026,034,1694,2818,2026-04-06,1654,L8,H,D
37.767515,-95.088644,026,034,1695,2818,2026-04-06,1654,L8,M,D
37.767519,-95.103629,026,034,1651,2817,2026-04-06,1654,L8,H,D
37.767525,-95.103288,026,034,1652,2817,2026-04-06,1654,L8,H,D
37.767783,-95.103977,026,034,1650,2816,2026-04-06,1654,L8,H,D
37.767789,-95.103636,026,034,1651,2816,2026-04-06,1654,L8,H,D
37.767795,-95.103296,026,034,1652,2816,2026-04-06,1654,L8,H,D
37.768047,-95.104325,026,034,1649,2815,2026-04-06,1654,L8,H,D
37.768053,-95.103984,026,034,1650,2815,2026-04-06,1654,L8,H,D
37.768287,-95.106034,026,034,1644,2814,2026-04-06,1654,L8,M,D
37.768293,-95.105694,026,034,1645,2814,2026-04-06,1654,L8,H,D
37.768299,-95.105354,026,034,1646,2814,2026-04-06,1654,L8,M,D
37.768305,-95.105013,026,034,1647,2814,2026-04-06,1654,L8,M,D
37.768348,-95.10263,026,034,1654,2814,2026-04-06,1654,L8,M,D
37.768354,-95.10229,026,034,1655,2814,2026-04-06,1654,L8,H,D
37.768581,-95.10468,026,034,1648,2813,2026-04-06,1654,L8,M,D
37.768624,-95.102298,026,034,1655,2813,2026-04-06,1654,L8,H,D
37.76863,-95.101957,026,034,1656,2813,2026-04-06,1654,L8,M,D
37.768894,-95.102305,026,034,1655,2812,2026-04-06,1654,L8,H,D
37.7689,-95.101965,026,034,1656,2812,2026-04-06,1654,L8,H,D
37.769164,-95.102313,026,034,1655,2811,2026-04-06,1654,L8,H,D
37.76917,-95.101973,026,034,1656,2811,2026-04-06,1654,L8,H,D
37.769429,-95.102661,026,034,1654,2810,2026-04-06,1654,L8,H,D
37.769435,-95.102321,026,034,1655,2810,2026-04-06,1654,L8,H,D
37.769693,-95.103009,026,034,1653,2809,2026-04-06,1654,L8,H,D
37.769699,-95.102669,026,034,1654,2809,2026-04-06,1654,L8,H,D
37.769963,-95.103017,026,034,1653,2808,2026-04-06,1654,L8,H,D
37.770227,-95.103365,026,034,1652,2807,2026-04-06,1654,L8,H,D
37.770233,-95.103024,026,034,1653,2807,2026-04-06,1654,L8,H,D
37.770491,-95.103713,026,034,1651,2806,2026-04-06,1654,L8,H,D
37.770497,-95.103372,026,034,1652,2806,2026-04-06,1654,L8,H,D
37.770755,-95.104061,026,034,1650,2805,2026-04-06,1654,L8,M,D
37.770761,-95.10372,026,034,1651,2805,2026-04-06,1654,L8,H,D
37.771025,-95.104069,026,034,1650,2804,2026-04-06,1654,L8,H,D
37.771032,-95.103728,026,034,1651,2804,2026-04-06,1654,L8,H,D
37.771296,-95.104076,026,034,1650,2803,2026-04-06,1654,L8,H,D
37.771302,-95.103736,026,034,1651,2803,2026-04-06,1654,L8,H,D
37.771566,-95.104084,026,034,1650,2802,2026-04-06,1654,L8,H,D
37.771836,-95.104092,026,034,1650,2801,2026-04-06,1654,L8,H,D
37.7721,-95.10444,026,034,1649,2800,2026-04-06,1654,L8,H,D
37.772106,-95.104099,026,034,1650,2800,2026-04-06,1654,L8,H,D
37.77237,-95.104447,026,034,1649,2799,2026-04-06,1654,L8,M,D
37.772641,-95.104455,026,034,1649,2798,2026-04-06,1654,L8,H,D
37.772905,-95.104803,026,034,1648,2797,2026-04-06,1654,L8,H,D
37.772911,-95.104463,026,034,1649,2797,2026-04-06,1654,L8,M,D
37.773087,-95.09459,026,034,1678,2797,2026-04-06,1654,L8,M,D
37.774161,-94.782967,026,034,2593,2812,2026-04-06,1654,L8,H,D
37.774166,-94.782627,026,034,2594,2812,2026-04-06,1654,L8,H,D
37.774431,-94.782974,026,034,2593,2811,2026-04-06,1654,L8,H,D
37.774436,-94.782633,026,034,2594,2811,2026-04-06,1654,L8,H,D
37.774696,-94.783321,026,034,2592,2810,2026-04-06,1654,L8,M,D
37.774701,-94.78298,026,034,2593,2810,2026-04-06,1654,L8,H,D
37.774763,-95.091572,026,034,1687,2791,2026-04-06,1654,L8,M,D
37.774845,-93.85101,026,034,5329,2848,2026-04-06,1654,L8,H,D
37.774966,-94.783327,026,034,2592,2809,2026-04-06,1654,L8,H,D
37.774971,-94.782987,026,034,2593,2809,2026-04-06,1654,L8,H,D
37.775115,-93.851014,026,034,5329,2847,2026-04-06,1654,L8,H,D
37.775118,-93.850673,026,034,5330,2847,2026-04-06,1654,L8,H,D
37.775236,-94.783334,026,034,2592,2808,2026-04-06,1654,L8,H,D
37.775242,-94.782993,026,034,2593,2808,2026-04-06,1654,L8,M,D
37.778499,-93.343456,026,034,6819,2844,2026-04-06,1654,L8,L,D
37.778769,-93.343457,026,034,6819,2843,2026-04-06,1654,L8,H,D
37.782675,-94.053124,026,034,4736,2813,2026-04-06,1654,L8,H,D
37.784804,-93.312481,026,034,6910,2821,2026-04-06,1654,L8,L,D
37.785075,-93.312482,026,034,6910,2820,2026-04-06,1654,L8,H,D
37.785344,-93.312824,026,034,6909,2819,2026-04-06,1654,L8,H,D
37.785345,-93.312483,026,034,6910,2819,2026-04-06,1654,L8,M,D
37.785614,-93.312825,026,034,6909,2818,2026-04-06,1654,L8,H,D
37.785615,-93.312484,026,034,6910,2818,2026-04-06,1654,L8,H,D
37.786156,-93.312487,026,034,6910,2816,2026-04-06,1654,L8,H,D
37.788049,-93.312495,026,034,6910,2809,2026-04-06,1654,L8,L,D
37.788319,-93.312496,026,034,6910,2808,2026-04-06,1654,L8,L,D
37.789343,-94.76221,026,034,2655,2757,2026-04-06,1654,L8,H,D
37.790885,-95.019804,026,034,1899,2736,2026-04-06,1654,L8,H,D
37.790891,-95.019463,026,034,1900,2736,2026-04-06,1654,L8,H,D
37.793997,-95.011712,026,034,1923,2725,2026-04-06,1654,L8,M,D
37.794267,-95.011719,026,034,1923,2724,2026-04-06,1654,L8,H,D
37.797182,-95.015205,026,034,1913,2713,2026-04-06,1654,L8,M,D
37.797193,-95.014524,026,034,1915,2713,2026-04-06,1654,L8,H,D
37.797205,-95.013843,026,034,1917,2713,2026-04-06,1654,L8,M,D
37.797217,-95.013162,026,034,1919,2713,2026-04-06,1654,L8,M,D
37.797222,-95.012821,026,034,1920,2713,2026-04-06,1654,L8,H,D
37.797452,-95.015213,026,034,1913,2712,2026-04-06,1654,L8,M,D
37.797463,-95.014532,026,034,1915,2712,2026-04-06,1654,L8,M,D
37.797469,-95.014191,026,034,1916,2712,2026-04-06,1654,L8,M,D
37.797493,-95.012829,026,034,1920,2712,2026-04-06,1654,L8,H,D
37.797734,-95.014539,026,034,1915,2711,2026-04-06,1654,L8,M,D
37.797763,-95.012836,026,034,1920,2711,2026-04-06,1654,L8,M,D
37.799824,-94.335171,026,034,3909,2739,2026-04-06,1654,L8,H,D
37.812278,-94.937237,026,034,2143,2662,2026-04-06,1654,L8,M,D
37.812284,-94.936896,026,034,2144,2662,2026-04-06,1654,L8,M,D
37.812548,-94.937244,026,034,2143,2661,2026-04-06,1654,L8,H,D
37.812554,-94.936903,026,034,2144,2661,2026-04-06,1654,L8,H,D
37.819924,-94.327012,026,034,3934,2665,2026-04-06,1654,L8,H,D
37.819928,-94.326671,026,034,3935,2665,2026-04-06,1654,L8,H,D
37.820199,-94.326676,026,034,3935,2664,2026-04-06,1654,L8,H,D
37.820465,-94.327021,026,034,3934,2663,2026-04-06,1654,L8,L,D
37.820469,-94.32668,026,034,3935,2663,2026-04-06,1654,L8,H,D
37.820473,-94.32634,026,034,3936,2663,2026-04-06,1654,L8,L,D
37.820735,-94.327026,026,034,3934,2662,2026-04-06,1654,L8,H,D
37.820739,-94.326685,026,034,3935,2662,2026-04-06,1654,L8,H,D
37.821006,-94.327031,026,034,3934,2661,2026-04-06,1654,L8,H,D
37.82101,-94.32669,026,034,3935,2661,2026-04-06,1654,L8,H,D
37.821013,-94.326349,026,034,3936,2661,2026-04-06,1654,L8,H,D
37.821276,-94.327036,026,034,3934,2660,2026-04-06,1654,L8,H,D
37.82128,-94.326695,026,034,3935,2660,2026-04-06,1654,L8,H,D
37.821284,-94.326354,026,034,3936,2660,2026-04-06,1654,L8,H,D
37.821546,-94.327041,026,034,3934,2659,2026-04-06,1654,L8,H,D
37.82155,-94.3267,026,034,3935,2659,2026-04-06,1654,L8,H,D
37.821554,-94.326359,026,034,3936,2659,2026-04-06,1654,L8,H,D
37.827701,-93.428908,026,034,6569,2661,2026-04-06,1654,L8,L,D
37.828678,-94.107979,026,034,4577,2641,2026-04-06,1654,L8,L,D
37.828942,-94.108665,026,034,4575,2640,2026-04-06,1654,L8,L,D
37.828945,-94.108324,026,034,4576,2640,2026-04-06,1654,L8,M,D
37.828948,-94.107983,026,034,4577,2640,2026-04-06,1654,L8,H,D
37.830612,-94.839206,026,034,2432,2600,2026-04-06,1654,L8,L,D
37.830618,-94.838865,026,034,2433,2600,2026-04-06,1654,L8,L,D
37.830623,-94.838524,026,034,2434,2600,2026-04-06,1654,L8,L,D
37.830628,-94.838183,026,034,2435,2600,2026-04-06,1654,L8,H,D
37.830634,-94.837843,026,034,2436,2600,2026-04-06,1654,L8,H,D
37.830639,-94.837502,026,034,2437,2600,2026-04-06,1654,L8,H,D
37.830872,-94.839894,026,034,2430,2599,2026-04-06,1654,L8,M,D
37.830877,-94.839553,026,034,2431,2599,2026-04-06,1654,L8,H,D
37.830883,-94.839212,026,034,2432,2599,2026-04-06,1654,L8,H,D
37.830888,-94.838872,026,034,2433,2599,2026-04-06,1654,L8,H,D
37.830893,-94.838531,026,034,2434,2599,2026-04-06,1654,L8,H,D
37.830899,-94.83819,026,034,2435,2599,2026-04-06,1654,L8,H,D
37.830904,-94.837849,026,034,2436,2599,2026-04-06,1654,L8,H,D
37.830909,-94.837509,026,034,2437,2599,2026-04-06,1654,L8,H,D
37.830915,-94.837168,026,034,2438,2599,2026-04-06,1654,L8,H,D
37.831142,-94.8399,026,034,2430,2598,2026-04-06,1654,L8,H,D
37.831148,-94.83956,026,034,2431,2598,2026-04-06,1654,L8,H,D
37.831169,-94.838197,026,034,2435,2598,2026-04-06,1654,L8,H,D
37.831174,-94.837856,026,034,2436,2598,2026-04-06,1654,L8,H,D
37.83118,-94.837515,026,034,2437,2598,2026-04-06,1654,L8,H,D
37.831407,-94.840248,026,034,2429,2597,2026-04-06,1654,L8,M,D
37.831413,-94.839907,026,034,2430,2597,2026-04-06,1654,L8,H,D
37.831439,-94.838203,026,034,2435,2597,2026-04-06,1654,L8,H,D
37.831444,-94.837863,026,034,2436,2597,2026-04-06,1654,L8,H,D
37.83145,-94.837522,026,034,2437,2597,2026-04-06,1654,L8,M,D
37.831667,-94.840936,026,034,2427,2596,2026-04-06,1654,L8,H,D
37.831672,-94.840595,026,034,2428,2596,2026-04-06,1654,L8,H,D
37.831677,-94.840255,026,034,2429,2596,2026-04-06,1654,L8,H,D
37.831683,-94.839914,026,034,2430,2596,2026-04-06,1654,L8,H,D
37.831693,-94.839232,026,034,2432,2596,2026-04-06,1654,L8,H,D
37.831699,-94.838892,026,034,2433,2596,2026-04-06,1654,L8,H,D
37.831704,-94.838551,026,034,2434,2596,2026-04-06,1654,L8,M,D
37.831937,-94.840943,026,034,2427,2595,2026-04-06,1654,L8,H,D
37.831942,-94.840602,026,034,2428,2595,2026-04-06,1654,L8,H,D
37.831948,-94.840261,026,034,2429,2595,2026-04-06,1654,L8,H,D
37.831953,-94.839921,026,034,2430,2595,2026-04-06,1654,L8,M,D
37.831969,-94.838898,026,034,2433,2595,2026-04-06,1654,L8,M,D
37.83199,-94.837535,026,034,2437,2595,2026-04-06,1654,L8,M,D
37.832213,-94.840609,026,034,2428,2594,2026-04-06,1654,L8,H,D
37.832218,-94.840268,026,034,2429,2594,2026-04-06,1654,L8,M,D
37.832483,-94.840616,026,034,2428,2593,2026-04-06,1654,L8,H,D
37.832488,-94.840275,026,034,2429,2593,2026-04-06,1654,L8,H,D
37.832494,-94.839934,026,034,2430,2593,2026-04-06,1654,L8,H,D
37.832748,-94.840963,026,034,2427,2592,2026-04-06,1654,L8,H,D
37.832753,-94.840622,026,034,2428,2592,2026-04-06,1654,L8,H,D
37.832759,-94.840281,026,034,2429,2592,2026-04-06,1654,L8,H,D
37.832764,-94.839941,026,034,2430,2592,2026-04-06,1654,L8,H,D
37.833018,-94.84097,026,034,2427,2591,2026-04-06,1654,L8,H,D
37.833023,-94.840629,026,034,2428,2591,2026-04-06,1654,L8,H,D
37.833029,-94.840288,026,034,2429,2591,2026-04-06,1654,L8,H,D
37.833034,-94.839947,026,034,2430,2591,2026-04-06,1654,L8,H,D
37.833288,-94.840976,026,034,2427,2590,2026-04-06,1654,L8,M,D
37.833304,-94.839954,026,034,2430,2590,2026-04-06,1654,L8,H,D
37.833575,-94.839961,026,034,2430,2589,2026-04-06,1654,L8,H,D
37.83358,-94.83962,026,034,2431,2589,2026-04-06,1654,L8,H,D
37.83384,-94.840308,026,034,2429,2588,2026-04-06,1654,L8,M,D
37.833845,-94.839968,026,034,2430,2588,2026-04-06,1654,L8,H,D
37.833856,-94.839286,026,034,2432,2588,2026-04-06,1654,L8,M,D
37.833861,-94.838945,026,034,2433,2588,2026-04-06,1654,L8,M,D
37.837086,-93.372707,026,034,6734,2627,2026-04-06,1654,L8,H,D
37.837356,-93.372708,026,034,6734,2626,2026-04-06,1654,L8,L,D
37.840781,-93.310671,026,034,6916,2614,2026-04-06,1654,L8,H,D
37.846175,-94.439999,026,034,3604,2563,2026-04-06,1654,L8,L,D
37.860326,-93.917813,026,034,5136,2530,2026-04-06,1654,L8,H,D
37.860329,-93.917472,026,034,5137,2530,2026-04-06,1654,L8,H,D
37.860597,-93.917817,026,034,5136,2529,2026-04-06,1654,L8,M,D
37.860599,-93.917476,026,034,5137,2529,2026-04-06,1654,L8,H,D
37.860846,-93.920548,026,034,5128,2528,2026-04-06,1654,L8,H,D
37.860848,-93.920207,026,034,5129,2528,2026-04-06,1654,L8,H,D
37.888872,-94.02973,026,034,4809,2421,2026-04-06,1654,L8,H,D
37.898542,-93.612555,026,034,6032,2396,2026-04-06,1654,L8,H,D
37.900005,-95.248982,026,034,1236,2317,2026-04-06,1654,L8,H,D
37.902943,-94.685073,026,034,2889,2341,2026-04-06,1654,L8,H,D
37.902948,-94.684732,026,034,2890,2341,2026-04-06,1654,L8,H,D
37.902953,-94.684391,026,034,2891,2341,2026-04-06,1654,L8,M,D
37.903031,-94.678934,026,034,2907,2341,2026-04-06,1654,L8,M,D
37.903036,-94.678592,026,034,2908,2341,2026-04-06,1654,L8,M,D
37.903204,-94.685762,026,034,2887,2340,2026-04-06,1654,L8,M,D
37.903209,-94.685421,026,034,2888,2340,2026-04-06,1654,L8,H,D
37.903214,-94.68508,026,034,2889,2340,2026-04-06,1654,L8,H,D
37.903219,-94.684738,026,034,2890,2340,2026-04-06,1654,L8,H,D
37.903224,-94.684397,026,034,2891,2340,2026-04-06,1654,L8,H,D
37.903297,-94.679281,026,034,2906,2340,2026-04-06,1654,L8,M,D
37.903302,-94.67894,026,034,2907,2340,2026-04-06,1654,L8,H,D
37.903306,-94.678599,026,034,2908,2340,2026-04-06,1654,L8,H,D
37.903311,-94.678258,026,034,2909,2340,2026-04-06,1654,L8,M,D
37.903479,-94.685427,026,034,2888,2339,2026-04-06,1654,L8,H,D
37.903484,-94.685086,026,034,2889,2339,2026-04-06,1654,L8,H,D
37.903489,-94.684745,026,034,2890,2339,2026-04-06,1654,L8,H,D
37.903494,-94.684403,026,034,2891,2339,2026-04-06,1654,L8,H,D
37.903572,-94.678946,026,034,2907,2339,2026-04-06,1654,L8,M,D
37.903577,-94.678605,026,034,2908,2339,2026-04-06,1654,L8,M,D
37.903754,-94.685092,026,034,2889,2338,2026-04-06,1654,L8,H,D
37.903759,-94.684751,026,034,2890,2338,2026-04-06,1654,L8,H,D
37.903764,-94.68441,026,034,2891,2338,2026-04-06,1654,L8,H,D
37.904029,-94.684757,026,034,2890,2337,2026-04-06,1654,L8,H,D
37.904034,-94.684416,026,034,2891,2337,2026-04-06,1654,L8,H,D
37.904039,-94.684075,026,034,2892,2337,2026-04-06,1654,L8,H,D
37.904305,-94.684422,026,034,2891,2336,2026-04-06,1654,L8,H,D
37.90431,-94.684081,026,034,2892,2336,2026-04-06,1654,L8,H,D
37.904575,-94.684428,026,034,2891,2335,2026-04-06,1654,L8,M,D
37.90458,-94.684087,026,034,2892,2335,2026-04-06,1654,L8,M,D
37.904633,-94.680335,026,034,2903,2335,2026-04-06,1654,L8,M,D
37.904643,-94.679653,026,034,2905,2335,2026-04-06,1654,L8,M,D
37.904904,-94.680341,026,034,2903,2334,2026-04-06,1654,L8,H,D
37.904913,-94.679659,026,034,2905,2334,2026-04-06,1654,L8,H,D
37.905174,-94.680347,026,034,2903,2333,2026-04-06,1654,L8,M,D
37.905179,-94.680006,026,034,2904,2333,2026-04-06,1654,L8,H,D
37.905184,-94.679665,026,034,2905,2333,2026-04-06,1654,L8,M,D
37.905444,-94.680353,026,034,2903,2332,2026-04-06,1654,L8,H,D
37.905449,-94.680012,026,034,2904,2332,2026-04-06,1654,L8,H,D
37.905454,-94.679671,026,034,2905,2332,2026-04-06,1654,L8,H,D
37.905715,-94.680359,026,034,2903,2331,2026-04-06,1654,L8,M,D
37.905719,-94.680018,026,034,2904,2331,2026-04-06,1654,L8,H,D
37.905724,-94.679677,026,034,2905,2331,2026-04-06,1654,L8,H,D
37.905729,-94.679336,026,034,2906,2331,2026-04-06,1654,L8,M,D
37.906348,-93.359064,026,034,6775,2371,2026-04-06,1654,L8,H,D
37.906348,-93.359064,026,033,5435,7641,2026-04-06,1654,L8,H,D
37.906349,-93.358723,026,033,5436,7641,2026-04-06,1654,L8,H,D
37.906349,-93.358723,026,034,6776,2371,2026-04-06,1654,L8,H,D
37.906619,-93.359066,026,034,6775,2370,2026-04-06,1654,L8,H,D
37.906619,-93.359066,026,033,5435,7640,2026-04-06,1654,L8,H,D
37.90662,-93.358725,026,033,5436,7640,2026-04-06,1654,L8,H,D
37.90662,-93.358725,026,034,6776,2370,2026-04-06,1654,L8,H,D
37.906889,-93.359067,026,033,5435,7639,2026-04-06,1654,L8,L,D
37.910048,-95.100516,026,034,1672,2290,2026-04-06,1654,L8,H,D
37.910318,-95.100524,026,034,1672,2289,2026-04-06,1654,L8,M,D
37.934073,-93.992809,026,034,4919,2255,2026-04-06,1654,L8,H,D
37.946622,-94.971145,026,034,2054,2163,2026-04-06,1654,L8,H,D
37.946627,-94.970803,026,034,2055,2163,2026-04-06,1654,L8,H,D
37.946892,-94.971152,026,034,2054,2162,2026-04-06,1654,L8,H,D
37.946897,-94.970811,026,034,2055,2162,2026-04-06,1654,L8,H,D
37.946903,-94.970469,026,034,2056,2162,2026-04-06,1654,L8,H,D
37.947173,-94.970476,026,034,2056,2161,2026-04-06,1654,L8,M,D
37.947438,-94.970825,026,034,2055,2160,2026-04-06,1654,L8,L,D
37.947444,-94.970484,026,034,2056,2160,2026-04-06,1654,L8,M,D
37.947978,-94.970839,026,034,2055,2158,2026-04-06,1654,L8,L,D
37.948755,-94.972909,026,034,2049,2155,2026-04-06,1654,L8,H,D
37.94876,-94.972567,026,034,2050,2155,2026-04-06,1654,L8,H,D
37.948766,-94.972226,026,034,2051,2155,2026-04-06,1654,L8,H,D
37.948772,-94.971885,026,034,2052,2155,2026-04-06,1654,L8,H,D
37.949019,-94.973257,026,034,2048,2154,2026-04-06,1654,L8,H,D
37.949025,-94.972916,026,034,2049,2154,2026-04-06,1654,L8,H,D
37.949031,-94.972575,026,034,2050,2154,2026-04-06,1654,L8,H,D
37.949036,-94.972233,026,034,2051,2154,2026-04-06,1654,L8,H,D
37.949042,-94.971892,026,034,2052,2154,2026-04-06,1654,L8,H,D
37.949284,-94.973606,026,034,2047,2153,2026-04-06,1654,L8,H,D
37.949289,-94.973264,026,034,2048,2153,2026-04-06,1654,L8,H,D
37.949295,-94.972923,026,034,2049,2153,2026-04-06,1654,L8,H,D
37.949301,-94.972582,026,034,2050,2153,2026-04-06,1654,L8,H,D
37.949307,-94.972241,026,034,2051,2153,2026-04-06,1654,L8,H,D
37.949312,-94.971899,026,034,2052,2153,2026-04-06,1654,L8,H,D
37.94956,-94.973272,026,034,2048,2152,2026-04-06,1654,L8,H,D
37.949565,-94.97293,026,034,2049,2152,2026-04-06,1654,L8,H,D
37.949571,-94.972589,026,034,2050,2152,2026-04-06,1654,L8,H,D
37.949577,-94.972248,026,034,2051,2152,2026-04-06,1654,L8,H,D
37.94983,-94.973279,026,034,2048,2151,2026-04-06,1654,L8,H,D
37.949836,-94.972938,026,034,2049,2151,2026-04-06,1654,L8,H,D
37.949841,-94.972596,026,034,2050,2151,2026-04-06,1654,L8,H,D
37.949847,-94.972255,026,034,2051,2151,2026-04-06,1654,L8,H,D
37.949853,-94.971914,026,034,2052,2151,2026-04-06,1654,L8,M,D
37.9501,-94.973286,026,034,2048,2150,2026-04-06,1654,L8,H,D
37.950106,-94.972945,026,034,2049,2150,2026-04-06,1654,L8,H,D
37.950112,-94.972603,026,034,2050,2150,2026-04-06,1654,L8,H,D
37.950117,-94.972262,026,034,2051,2150,2026-04-06,1654,L8,H,D
37.95037,-94.973293,026,034,2048,2149,2026-04-06,1654,L8,M,D
37.950376,-94.972952,026,034,2049,2149,2026-04-06,1654,L8,H,D
37.950382,-94.972611,026,034,2050,2149,2026-04-06,1654,L8,H,D
37.950388,-94.972269,026,034,2051,2149,2026-04-06,1654,L8,H,D
37.950646,-94.972959,026,034,2049,2148,2026-04-06,1654,L8,H,D
37.950652,-94.972618,026,034,2050,2148,2026-04-06,1654,L8,H,D
37.950658,-94.972277,026,034,2051,2148,2026-04-06,1654,L8,H,D
37.950951,-94.970919,026,034,2055,2147,2026-04-06,1654,L8,H,D
37.952538,-94.97301,026,034,2049,2141,2026-04-06,1654,L8,M,D
37.952808,-94.973017,026,034,2049,2140,2026-04-06,1654,L8,H,D
37.952814,-94.972676,026,034,2050,2140,2026-04-06,1654,L8,H,D
37.953073,-94.973366,026,034,2048,2139,2026-04-06,1654,L8,M,D
37.953078,-94.973024,026,034,2049,2139,2026-04-06,1654,L8,H,D
37.953084,-94.972683,026,034,2050,2139,2026-04-06,1654,L8,H,D
37.95309,-94.972342,026,034,2051,2139,2026-04-06,1654,L8,H,D
37.953349,-94.973032,026,034,2049,2138,2026-04-06,1654,L8,H,D
37.953354,-94.97269,026,034,2050,2138,2026-04-06,1654,L8,H,D
37.95336,-94.972349,026,034,2051,2138,2026-04-06,1654,L8,H,D
37.953619,-94.973039,026,034,2049,2137,2026-04-06,1654,L8,H,D
37.953625,-94.972697,026,034,2050,2137,2026-04-06,1654,L8,H,D
37.95363,-94.972356,026,034,2051,2137,2026-04-06,1654,L8,H,D
37.953895,-94.972705,026,034,2050,2136,2026-04-06,1654,L8,H,D
37.953901,-94.972363,026,034,2051,2136,2026-04-06,1654,L8,H,D
37.953906,-94.972022,026,034,2052,2136,2026-04-06,1654,L8,H,D
37.953912,-94.971681,026,034,2053,2136,2026-04-06,1654,L8,H,D
37.954165,-94.972712,026,034,2050,2135,2026-04-06,1654,L8,M,D
37.954171,-94.972371,026,034,2051,2135,2026-04-06,1654,L8,H,D
37.954176,-94.972029,026,034,2052,2135,2026-04-06,1654,L8,H,D
37.954182,-94.971688,026,034,2053,2135,2026-04-06,1654,L8,H,D
37.970096,-93.129507,026,033,6108,7407,2026-04-06,1654,L8,H,D
37.970096,-93.129507,026,034,7448,2137,2026-04-06,1654,L8,H,D
37.970096,-93.129166,026,033,6109,7407,2026-04-06,1654,L8,H,D
37.970096,-93.129166,026,034,7449,2137,2026-04-06,1654,L8,H,D
37.970097,-93.128824,026,034,7450,2137,2026-04-06,1654,L8,H,D
37.970097,-93.128824,026,033,6110,7407,2026-04-06,1654,L8,H,D
37.970366,-93.129508,026,033,6108,7406,2026-04-06,1654,L8,H,D
37.970366,-93.129508,026,034,7448,2136,2026-04-06,1654,L8,H,D
37.970636,-93.12985,026,034,7447,2135,2026-04-06,1654,L8,M,D
37.970636,-93.12985,026,033,6107,7405,2026-04-06,1654,L8,H,D
37.972803,-93.126779,026,034,7456,2127,2026-04-06,1654,L8,M,D
37.972803,-93.126779,026,033,6116,7397,2026-04-06,1654,L8,M,D
37.972803,-93.126438,026,034,7457,2127,2026-04-06,1654,L8,H,D
37.972803,-93.126438,026,033,6117,7397,2026-04-06,1654,L8,H,D
37.972803,-93.126096,026,034,7458,2127,2026-04-06,1654,L8,M,D
37.972803,-93.126096,026,033,6118,7397,2026-04-06,1654,L8,M,D
37.972804,-93.125755,026,033,6119,7397,2026-04-06,1654,L8,H,D
37.972804,-93.125755,026,034,7459,2127,2026-04-06,1654,L8,H,D
37.972804,-93.125413,026,033,6120,7397,2026-04-06,1654,L8,H,D
37.972804,-93.125413,026,034,7460,2127,2026-04-06,1654,L8,H,D
37.972804,-93.125072,026,033,6121,7397,2026-04-06,1654,L8,H,D
37.972804,-93.125072,026,034,7461,2127,2026-04-06,1654,L8,H,D
37.972805,-93.12473,026,034,7462,2127,2026-04-06,1654,L8,H,D
37.972805,-93.12473,026,033,6122,7397,2026-04-06,1654,L8,H,D
37.973073,-93.126438,026,034,7457,2126,2026-04-06,1654,L8,M,D
37.973073,-93.126438,026,033,6117,7396,2026-04-06,1654,L8,M,D
37.973074,-93.126097,026,034,7458,2126,2026-04-06,1654,L8,H,D
37.973074,-93.126097,026,033,6118,7396,2026-04-06,1654,L8,H,D
37.973074,-93.125755,026,033,6119,7396,2026-04-06,1654,L8,M,D
37.973074,-93.125755,026,034,7459,2126,2026-04-06,1654,L8,M,D
37.973075,-93.125072,026,034,7461,2126,2026-04-06,1654,L8,M,D
37.973075,-93.125072,026,033,6121,7396,2026-04-06,1654,L8,M,D
37.973075,-93.12473,026,033,6122,7396,2026-04-06,1654,L8,H,D
37.973075,-93.12473,026,034,7462,2126,2026-04-06,1654,L8,H,D
38.042243,-94.457847,026,034,3563,1837,2026-04-06,1654,L8,M,D
38.042247,-94.457506,026,034,3564,1837,2026-04-06,1654,L8,H,D
38.042251,-94.457164,026,034,3565,1837,2026-04-06,1654,L8,M,D
38.042268,-94.455797,026,034,3569,1837,2026-04-06,1654,L8,H,D
38.042488,-94.459903,026,034,3557,1836,2026-04-06,1654,L8,M,D
38.042513,-94.457853,026,034,3563,1836,2026-04-06,1654,L8,M,D
38.042522,-94.457169,026,034,3565,1836,2026-04-06,1654,L8,M,D
38.042534,-94.456144,026,034,3568,1836,2026-04-06,1654,L8,M,D
38.042538,-94.455802,026,034,3569,1836,2026-04-06,1654,L8,H,D
38.04299,-94.46299,026,034,3548,1834,2026-04-06,1654,L8,M,D
38.044067,-94.463353,026,034,3547,1830,2026-04-06,1654,L8,H,D
38.044071,-94.463012,026,034,3548,1830,2026-04-06,1654,L8,H,D
38.044075,-94.46267,026,034,3549,1830,2026-04-06,1654,L8,H,D
38.044341,-94.463017,026,034,3548,1829,2026-04-06,1654,L8,H,D
38.044346,-94.462675,026,034,3549,1829,2026-04-06,1654,L8,H,D
38.04435,-94.462334,026,034,3550,1829,2026-04-06,1654,L8,M,D
38.044607,-94.463364,026,034,3547,1828,2026-04-06,1654,L8,H,D
38.044612,-94.463022,026,034,3548,1828,2026-04-06,1654,L8,H,D
38.044616,-94.462681,026,034,3549,1828,2026-04-06,1654,L8,H,D
38.04462,-94.462339,026,034,3550,1828,2026-04-06,1654,L8,H,D
38.044878,-94.46337,026,034,3547,1827,2026-04-06,1654,L8,H,D
38.044882,-94.463028,026,034,3548,1827,2026-04-06,1654,L8,H,D
38.044886,-94.462686,026,034,3549,1827,2026-04-06,1654,L8,H,D
38.044891,-94.462344,026,034,3550,1827,2026-04-06,1654,L8,H,D
38.044937,-94.458585,026,034,3561,1827,2026-04-06,1654,L8,H,D
38.044941,-94.458243,026,034,3562,1827,2026-04-06,1654,L8,H,D
38.045148,-94.463375,026,034,3547,1826,2026-04-06,1654,L8,H,D
38.045152,-94.463033,026,034,3548,1826,2026-04-06,1654,L8,H,D
38.045157,-94.462691,026,034,3549,1826,2026-04-06,1654,L8,H,D
38.045208,-94.45859,026,034,3561,1826,2026-04-06,1654,L8,H,D
38.045212,-94.458248,026,034,3562,1826,2026-04-06,1654,L8,H,D
38.045216,-94.457906,026,034,3563,1826,2026-04-06,1654,L8,M,D
38.045418,-94.46338,026,034,3547,1825,2026-04-06,1654,L8,H,D
38.045423,-94.463039,026,034,3548,1825,2026-04-06,1654,L8,H,D
38.045427,-94.462697,026,034,3549,1825,2026-04-06,1654,L8,H,D
38.045689,-94.463386,026,034,3547,1824,2026-04-06,1654,L8,H,D
38.045693,-94.463044,026,034,3548,1824,2026-04-06,1654,L8,H,D
38.045697,-94.462702,026,034,3549,1824,2026-04-06,1654,L8,H,D
38.045959,-94.463391,026,034,3547,1823,2026-04-06,1654,L8,H,D
38.045963,-94.463049,026,034,3548,1823,2026-04-06,1654,L8,H,D
38.045967,-94.462708,026,034,3549,1823,2026-04-06,1654,L8,H,D
38.046229,-94.463397,026,034,3547,1822,2026-04-06,1654,L8,H,D
38.046233,-94.463055,026,034,3548,1822,2026-04-06,1654,L8,H,D
38.046238,-94.462713,026,034,3549,1822,2026-04-06,1654,L8,H,D
38.046504,-94.46306,026,034,3548,1821,2026-04-06,1654,L8,H,D
38.046508,-94.462718,026,034,3549,1821,2026-04-06,1654,L8,H,D
38.068137,-95.073571,026,034,1764,1707,2026-04-06,1654,L8,L,D
38.068935,-95.074277,026,034,1762,1704,2026-04-06,1654,L8,H,D
38.068942,-95.073935,026,034,1763,1704,2026-04-06,1654,L8,L,D
38.069206,-95.074285,026,034,1762,1703,2026-04-06,1654,L8,H,D
38.069212,-95.073943,026,034,1763,1703,2026-04-06,1654,L8,H,D
38.069482,-95.073951,026,034,1763,1702,2026-04-06,1654,L8,L,D
38.069752,-95.073958,026,034,1763,1701,2026-04-06,1654,L8,H,D
38.069758,-95.073616,026,034,1764,1701,2026-04-06,1654,L8,H,D
38.106313,-94.877234,026,034,2341,1578,2026-04-06,1654,L8,M,D
38.106318,-94.876892,026,034,2342,1578,2026-04-06,1654,L8,H,D
38.106583,-94.877241,026,034,2341,1577,2026-04-06,1654,L8,H,D
38.106589,-94.876899,026,034,2342,1577,2026-04-06,1654,L8,H,D
38.106594,-94.876557,026,034,2343,1577,2026-04-06,1654,L8,H,D
38.1066,-94.876215,026,034,2344,1577,2026-04-06,1654,L8,H,D
38.106853,-94.877248,026,034,2341,1576,2026-04-06,1654,L8,H,D
38.106859,-94.876906,026,034,2342,1576,2026-04-06,1654,L8,H,D
38.106864,-94.876564,026,034,2343,1576,2026-04-06,1654,L8,H,D
38.10687,-94.876222,026,034,2344,1576,2026-04-06,1654,L8,H,D
38.107216,-94.871441,026,034,2358,1575,2026-04-06,1654,L8,H,D
38.10747,-94.872474,026,034,2355,1574,2026-04-06,1654,L8,H,D
38.107476,-94.872131,026,034,2356,1574,2026-04-06,1654,L8,M,D
38.107732,-94.362656,026,034,3845,1599,2026-04-06,1654,L8,H,D
38.107732,-94.362656,026,033,2505,6869,2026-04-06,1654,L8,H,D
38.107736,-94.362313,026,033,2506,6869,2026-04-06,1654,L8,H,D
38.107736,-94.362313,026,034,3846,1599,2026-04-06,1654,L8,H,D
38.10774,-94.361971,026,033,2507,6869,2026-04-06,1654,L8,H,D
38.10774,-94.361971,026,034,3847,1599,2026-04-06,1654,L8,H,D
38.107741,-94.87248,026,034,2355,1573,2026-04-06,1654,L8,H,D
38.107746,-94.872138,026,034,2356,1573,2026-04-06,1654,L8,H,D
38.108006,-94.362319,026,033,2506,6868,2026-04-06,1654,L8,H,D
38.108006,-94.362319,026,034,3846,1598,2026-04-06,1654,L8,H,D
38.10801,-94.361976,026,034,3847,1598,2026-04-06,1654,L8,L,D
38.10801,-94.361976,026,033,2507,6868,2026-04-06,1654,L8,L,D
38.108011,-94.872487,026,034,2355,1572,2026-04-06,1654,L8,H,D
38.108016,-94.872145,026,034,2356,1572,2026-04-06,1654,L8,M,D
38.10827,-94.873178,026,034,2353,1571,2026-04-06,1654,L8,M,D
38.108276,-94.872836,026,034,2354,1571,2026-04-06,1654,L8,H,D
38.108281,-94.872494,026,034,2355,1571,2026-04-06,1654,L8,H,D
38.108546,-94.872843,026,034,2354,1570,2026-04-06,1654,L8,M,D
38.108568,-94.871475,026,034,2358,1570,2026-04-06,1654,L8,M,D
38.110412,-94.973487,026,034,2060,1557,2026-04-06,1654,L8,M,D
38.110959,-94.973159,026,034,2061,1555,2026-04-06,1654,L8,M,D
38.110964,-94.972817,026,034,2062,1555,2026-04-06,1654,L8,M,D
38.111033,-94.984795,026,034,2027,1554,2026-04-06,1654,L8,H,D
38.111234,-94.972825,026,034,2062,1554,2026-04-06,1654,L8,H,D
38.11124,-94.972483,026,034,2063,1554,2026-04-06,1654,L8,H,D
38.111291,-94.985486,026,034,2025,1553,2026-04-06,1654,L8,H,D
38.111297,-94.985144,026,034,2026,1553,2026-04-06,1654,L8,H,D
38.111303,-94.984802,026,034,2027,1553,2026-04-06,1654,L8,H,D
38.111505,-94.972832,026,034,2062,1553,2026-04-06,1654,L8,H,D
38.11151,-94.97249,026,034,2063,1553,2026-04-06,1654,L8,H,D
38.111556,-94.985836,026,034,2024,1552,2026-04-06,1654,L8,H,D
38.111562,-94.985494,026,034,2025,1552,2026-04-06,1654,L8,H,D
38.111567,-94.985152,026,034,2026,1552,2026-04-06,1654,L8,H,D
38.111573,-94.98481,026,034,2027,1552,2026-04-06,1654,L8,H,D
38.111781,-94.972497,026,034,2063,1552,2026-04-06,1654,L8,H,D
38.111786,-94.972155,026,034,2064,1552,2026-04-06,1654,L8,H,D
38.11182,-94.986185,026,034,2023,1551,2026-04-06,1654,L8,L,D
38.111826,-94.985843,026,034,2024,1551,2026-04-06,1654,L8,H,D
38.111843,-94.984817,026,034,2027,1551,2026-04-06,1654,L8,H,D
38.111849,-94.984475,026,034,2028,1551,2026-04-06,1654,L8,H,D
38.112057,-94.972162,026,034,2064,1551,2026-04-06,1654,L8,H,D
38.112062,-94.97182,026,034,2065,1551,2026-04-06,1654,L8,H,D
38.112114,-94.984824,026,034,2027,1550,2026-04-06,1654,L8,H,D
38.112119,-94.984482,026,034,2028,1550,2026-04-06,1654,L8,H,D
38.112125,-94.98414,026,034,2029,1550,2026-04-06,1654,L8,H,D
38.112333,-94.971828,026,034,2065,1550,2026-04-06,1654,L8,H,D
38.112338,-94.971486,026,034,2066,1550,2026-04-06,1654,L8,H,D
38.11239,-94.98449,026,034,2028,1549,2026-04-06,1654,L8,H,D
38.112395,-94.984147,026,034,2029,1549,2026-04-06,1654,L8,H,D
38.112609,-94.971493,026,034,2066,1549,2026-04-06,1654,L8,H,D
38.112614,-94.971151,026,034,2067,1549,2026-04-06,1654,L8,M,D
38.112666,-94.984155,026,034,2029,1548,2026-04-06,1654,L8,H,D
38.112879,-94.9715,026,034,2066,1548,2026-04-06,1654,L8,H,D
38.112885,-94.971158,026,034,2067,1548,2026-04-06,1654,L8,H,D
38.113155,-94.971165,026,034,2067,1547,2026-04-06,1654,L8,H,D
38.11316,-94.970823,026,034,2068,1547,2026-04-06,1654,L8,H,D
38.113206,-94.984169,026,034,2029,1546,2026-04-06,1654,L8,H,D
38.113212,-94.983827,026,034,2030,1546,2026-04-06,1654,L8,H,D
38.113431,-94.970831,026,034,2068,1546,2026-04-06,1654,L8,H,D
38.113447,-94.985887,026,034,2024,1545,2026-04-06,1654,L8,M,D
38.113471,-94.984519,026,034,2028,1545,2026-04-06,1654,L8,M,D
38.113476,-94.984177,026,034,2029,1545,2026-04-06,1654,L8,H,D
38.113482,-94.983835,026,034,2030,1545,2026-04-06,1654,L8,H,D
38.113701,-94.970838,026,034,2068,1545,2026-04-06,1654,L8,H,D
38.113707,-94.970496,026,034,2069,1545,2026-04-06,1654,L8,H,D
38.113741,-94.984526,026,034,2028,1544,2026-04-06,1654,L8,M,D
38.113747,-94.984184,026,034,2029,1544,2026-04-06,1654,L8,M,D
38.113977,-94.970503,026,034,2069,1544,2026-04-06,1654,L8,H,D
38.114034,-94.983165,026,034,2032,1543,2026-04-06,1654,L8,M,D
38.114281,-94.984541,026,034,2028,1542,2026-04-06,1654,L8,M,D
38.114304,-94.983173,026,034,2032,1542,2026-04-06,1654,L8,M,D
38.11431,-94.982831,026,034,2033,1542,2026-04-06,1654,L8,H,D
38.114551,-94.984548,026,034,2028,1541,2026-04-06,1654,L8,M,D
38.114575,-94.98318,026,034,2032,1541,2026-04-06,1654,L8,M,D
38.11458,-94.982838,026,034,2033,1541,2026-04-06,1654,L8,H,D
38.114845,-94.983187,026,034,2032,1540,2026-04-06,1654,L8,H,D
38.115115,-94.983195,026,034,2032,1539,2026-04-06,1654,L8,H,D
38.115379,-94.983544,026,034,2031,1538,2026-04-06,1654,L8,M,D
38.115385,-94.983202,026,034,2032,1538,2026-04-06,1654,L8,H,D
38.11565,-94.983551,026,034,2031,1537,2026-04-06,1654,L8,M,D
38.115655,-94.983209,026,034,2032,1537,2026-04-06,1654,L8,H,D
38.11592,-94.983559,026,034,2031,1536,2026-04-06,1654,L8,H,D
38.115926,-94.983216,026,034,2032,1536,2026-04-06,1654,L8,H,D
38.116184,-94.983908,026,034,2030,1535,2026-04-06,1654,L8,M,D
38.11619,-94.983566,026,034,2031,1535,2026-04-06,1654,L8,M,D
38.116196,-94.983224,026,034,2032,1535,2026-04-06,1654,L8,H,D
38.116202,-94.982882,026,034,2033,1535,2026-04-06,1654,L8,H,D
38.116409,-94.970569,026,034,2069,1535,2026-04-06,1654,L8,H,D
38.116415,-94.970227,026,034,2070,1535,2026-04-06,1654,L8,H,D
38.116466,-94.983231,026,034,2032,1534,2026-04-06,1654,L8,M,D
38.116472,-94.982889,026,034,2033,1534,2026-04-06,1654,L8,H,D
38.116685,-94.970234,026,034,2070,1534,2026-04-06,1654,L8,H,D
38.11669,-94.985975,026,034,2024,1533,2026-04-06,1654,L8,M,D
38.116736,-94.983238,026,034,2032,1533,2026-04-06,1654,L8,H,D
38.116955,-94.970241,026,034,2070,1533,2026-04-06,1654,L8,H,D
38.117007,-94.983246,026,034,2032,1532,2026-04-06,1654,L8,H,D
38.117271,-94.983595,026,034,2031,1531,2026-04-06,1654,L8,H,D
38.117277,-94.983253,026,034,2032,1531,2026-04-06,1654,L8,H,D
38.117489,-94.986681,026,034,2022,1530,2026-04-06,1654,L8,L,D
38.117518,-94.984971,026,034,2027,1530,2026-04-06,1654,L8,M,D
38.117535,-94.983944,026,034,2030,1530,2026-04-06,1654,L8,M,D
38.117541,-94.983602,026,034,2031,1530,2026-04-06,1654,L8,H,D
38.11773,-94.988398,026,034,2017,1529,2026-04-06,1654,L8,M,D
38.117736,-94.988056,026,034,2018,1529,2026-04-06,1654,L8,H,D
38.117742,-94.987714,026,034,2019,1529,2026-04-06,1654,L8,H,D
38.117748,-94.987372,026,034,2020,1529,2026-04-06,1654,L8,H,D
38.117754,-94.98703,026,034,2021,1529,2026-04-06,1654,L8,H,D
38.117759,-94.986688,026,034,2022,1529,2026-04-06,1654,L8,H,D
38.117765,-94.986346,026,034,2023,1529,2026-04-06,1654,L8,H,D
38.117771,-94.986004,026,034,2024,1529,2026-04-06,1654,L8,H,D
38.117777,-94.985662,026,034,2025,1529,2026-04-06,1654,L8,H,D
38.117782,-94.98532,026,034,2026,1529,2026-04-06,1654,L8,H,D
38.117788,-94.984978,026,034,2027,1529,2026-04-06,1654,L8,H,D
38.117794,-94.984636,026,034,2028,1529,2026-04-06,1654,L8,H,D
38.1178,-94.984294,026,034,2029,1529,2026-04-06,1654,L8,H,D
38.117806,-94.983952,026,034,2030,1529,2026-04-06,1654,L8,H,D
38.11791,-94.026436,026,034,4828,1574,2026-04-06,1654,L8,H,D
38.11791,-94.026436,026,033,3488,6844,2026-04-06,1654,L8,H,D
38.118041,-94.986011,026,034,2024,1528,2026-04-06,1654,L8,H,D
38.118047,-94.985669,026,034,2025,1528,2026-04-06,1654,L8,H,D
38.118053,-94.985327,026,034,2026,1528,2026-04-06,1654,L8,H,D
38.118058,-94.984985,026,034,2027,1528,2026-04-06,1654,L8,H,D
38.118064,-94.984643,026,034,2028,1528,2026-04-06,1654,L8,H,D
38.118177,-94.026782,026,034,4827,1573,2026-04-06,1654,L8,H,D
38.118177,-94.026782,026,033,3487,6843,2026-04-06,1654,L8,H,D
38.11818,-94.02644,026,034,4828,1573,2026-04-06,1654,L8,H,D
38.11818,-94.02644,026,033,3488,6843,2026-04-06,1654,L8,H,D
38.11845,-94.026443,026,033,3488,6842,2026-04-06,1654,L8,H,D
38.11845,-94.026443,026,034,4828,1572,2026-04-06,1654,L8,H,D
38.120678,-94.580897,026,034,3208,1541,2026-04-06,1654,L8,H,D
38.122618,-94.987162,026,034,2021,1511,2026-04-06,1654,L8,H,D
38.122623,-94.98682,026,034,2022,1511,2026-04-06,1654,L8,H,D
38.122629,-94.986478,026,034,2023,1511,2026-04-06,1654,L8,H,D
38.122882,-94.987511,026,034,2020,1510,2026-04-06,1654,L8,H,D
38.122888,-94.987169,026,034,2021,1510,2026-04-06,1654,L8,H,D
38.122894,-94.986827,026,034,2022,1510,2026-04-06,1654,L8,H,D
38.122899,-94.986485,026,034,2023,1510,2026-04-06,1654,L8,H,D
38.122905,-94.986143,026,034,2024,1510,2026-04-06,1654,L8,H,D
38.123152,-94.987519,026,034,2020,1509,2026-04-06,1654,L8,H,D
38.123158,-94.987177,026,034,2021,1509,2026-04-06,1654,L8,H,D
38.123164,-94.986835,026,034,2022,1509,2026-04-06,1654,L8,H,D
38.12317,-94.986492,026,034,2023,1509,2026-04-06,1654,L8,H,D
38.123175,-94.98615,026,034,2024,1509,2026-04-06,1654,L8,H,D
38.123411,-94.98821,026,034,2018,1508,2026-04-06,1654,L8,H,D
38.123417,-94.987868,026,034,2019,1508,2026-04-06,1654,L8,H,D
38.123422,-94.987526,026,034,2020,1508,2026-04-06,1654,L8,H,D
38.12344,-94.9865,026,034,2023,1508,2026-04-06,1654,L8,H,D
38.123446,-94.986158,026,034,2024,1508,2026-04-06,1654,L8,H,D
38.123681,-94.988217,026,034,2018,1507,2026-04-06,1654,L8,H,D
38.123687,-94.987875,026,034,2019,1507,2026-04-06,1654,L8,H,D
38.123704,-94.986849,026,034,2022,1507,2026-04-06,1654,L8,H,D
38.12371,-94.986507,026,034,2023,1507,2026-04-06,1654,L8,H,D
38.123716,-94.986165,026,034,2024,1507,2026-04-06,1654,L8,H,D
38.123945,-94.988567,026,034,2017,1506,2026-04-06,1654,L8,H,D
38.123951,-94.988225,026,034,2018,1506,2026-04-06,1654,L8,H,D
38.123957,-94.987883,026,034,2019,1506,2026-04-06,1654,L8,H,D
38.123974,-94.986857,026,034,2022,1506,2026-04-06,1654,L8,H,D
38.12398,-94.986514,026,034,2023,1506,2026-04-06,1654,L8,H,D
38.123986,-94.986172,026,034,2024,1506,2026-04-06,1654,L8,H,D
38.124216,-94.988574,026,034,2017,1505,2026-04-06,1654,L8,H,D
38.124221,-94.988232,026,034,2018,1505,2026-04-06,1654,L8,H,D
38.124245,-94.986864,026,034,2022,1505,2026-04-06,1654,L8,H,D
38.12425,-94.986522,026,034,2023,1505,2026-04-06,1654,L8,H,D
38.124256,-94.98618,026,034,2024,1505,2026-04-06,1654,L8,H,D
38.124466,-93.582265,026,034,6126,1561,2026-04-06,1654,L8,M,D
38.124466,-93.582265,026,033,4786,6831,2026-04-06,1654,L8,M,D
38.124467,-93.581923,026,033,4787,6831,2026-04-06,1654,L8,H,D
38.124467,-93.581923,026,034,6127,1561,2026-04-06,1654,L8,H,D
38.124469,-93.58158,026,033,4788,6831,2026-04-06,1654,L8,H,D
38.124469,-93.58158,026,034,6128,1561,2026-04-06,1654,L8,H,D
38.124486,-94.988582,026,034,2017,1504,2026-04-06,1654,L8,M,D
38.124509,-94.987213,026,034,2021,1504,2026-04-06,1654,L8,H,D
38.124515,-94.986871,026,034,2022,1504,2026-04-06,1654,L8,H,D
38.124521,-94.986529,026,034,2023,1504,2026-04-06,1654,L8,H,D
38.124526,-94.986187,026,034,2024,1504,2026-04-06,1654,L8,H,D
38.124532,-94.985845,026,034,2025,1504,2026-04-06,1654,L8,H,D
38.124785,-94.986878,026,034,2022,1503,2026-04-06,1654,L8,H,D
38.124791,-94.986536,026,034,2023,1503,2026-04-06,1654,L8,H,D
38.124797,-94.986194,026,034,2024,1503,2026-04-06,1654,L8,H,D
38.124802,-94.985852,026,034,2025,1503,2026-04-06,1654,L8,H,D
38.124808,-94.98551,026,034,2026,1503,2026-04-06,1654,L8,M,D
38.125061,-94.986544,026,034,2023,1502,2026-04-06,1654,L8,M,D
38.128639,-94.631381,026,034,3061,1509,2026-04-06,1654,L8,H,D
38.128644,-94.631039,026,034,3062,1509,2026-04-06,1654,L8,H,D
38.12891,-94.631387,026,034,3061,1508,2026-04-06,1654,L8,M,D
38.128914,-94.631045,026,034,3062,1508,2026-04-06,1654,L8,M,D
38.132869,-95.243449,026,034,1273,1456,2026-04-06,1654,L8,H,D
38.132876,-95.243107,026,034,1274,1456,2026-04-06,1654,L8,M,D
38.132882,-95.242765,026,034,1275,1456,2026-04-06,1654,L8,L,D
38.133139,-95.243458,026,034,1273,1455,2026-04-06,1654,L8,H,D
38.133423,-95.242782,026,034,1275,1454,2026-04-06,1654,L8,M,D
38.133693,-95.24279,026,034,1275,1453,2026-04-06,1654,L8,M,D
38.133699,-95.242448,026,034,1276,1453,2026-04-06,1654,L8,M,D
38.133956,-95.24314,026,034,1274,1452,2026-04-06,1654,L8,M,D
38.13422,-95.243491,026,034,1273,1451,2026-04-06,1654,L8,H,D
38.134227,-95.243149,026,034,1274,1451,2026-04-06,1654,L8,H,D
38.134233,-95.242807,026,034,1275,1451,2026-04-06,1654,L8,M,D
38.134484,-95.243841,026,034,1272,1450,2026-04-06,1654,L8,H,D
38.13449,-95.243499,026,034,1273,1450,2026-04-06,1654,L8,H,D
38.134497,-95.243157,026,034,1274,1450,2026-04-06,1654,L8,H,D
38.134503,-95.242815,026,034,1275,1450,2026-04-06,1654,L8,H,D
38.134754,-95.243849,026,034,1272,1449,2026-04-06,1654,L8,H,D
38.13476,-95.243507,026,034,1273,1449,2026-04-06,1654,L8,H,D
38.134767,-95.243165,026,034,1274,1449,2026-04-06,1654,L8,H,D
38.134774,-95.242823,026,034,1275,1449,2026-04-06,1654,L8,H,D
38.134819,-94.128338,026,034,4531,1508,2026-04-06,1654,L8,H,D
38.134819,-94.128338,026,033,3191,6778,2026-04-06,1654,L8,H,D
38.134823,-94.127996,026,033,3192,6778,2026-04-06,1654,L8,H,D
38.134823,-94.127996,026,034,4532,1508,2026-04-06,1654,L8,H,D
38.137449,-95.244274,026,034,1271,1439,2026-04-06,1654,L8,H,D
38.137456,-95.243932,026,034,1272,1439,2026-04-06,1654,L8,M,D
38.137754,-95.050211,026,034,1838,1451,2026-04-06,1654,L8,M,D
38.138563,-95.242597,026,034,1276,1435,2026-04-06,1654,L8,M,D
38.138826,-95.242947,026,034,1275,1434,2026-04-06,1654,L8,M,D
38.138833,-95.242605,026,034,1276,1434,2026-04-06,1654,L8,M,D
38.138835,-95.050241,026,034,1838,1447,2026-04-06,1654,L8,H,D
38.138841,-95.049899,026,034,1839,1447,2026-04-06,1654,L8,M,D
38.139096,-95.242956,026,034,1275,1433,2026-04-06,1654,L8,M,D
38.139103,-95.242614,026,034,1276,1433,2026-04-06,1654,L8,M,D
38.139373,-95.242622,026,034,1276,1432,2026-04-06,1654,L8,M,D
38.139643,-95.24263,026,034,1276,1431,2026-04-06,1654,L8,M,D
38.139913,-95.242638,026,034,1276,1430,2026-04-06,1654,L8,M,D
38.172449,-95.150834,026,034,1547,1316,2026-04-06,1654,L8,M,D
38.172455,-95.150492,026,034,1548,1316,2026-04-06,1654,L8,H,D
38.172462,-95.15015,026,034,1549,1316,2026-04-06,1654,L8,M,D
38.172669,-95.15358,026,034,1539,1315,2026-04-06,1654,L8,M,D
38.172675,-95.153238,026,034,1540,1315,2026-04-06,1654,L8,M,D
38.172694,-95.152211,026,034,1543,1315,2026-04-06,1654,L8,M,D
38.172713,-95.151185,026,034,1546,1315,2026-04-06,1654,L8,M,D
38.172719,-95.150842,026,034,1547,1315,2026-04-06,1654,L8,H,D
38.172726,-95.1505,026,034,1548,1315,2026-04-06,1654,L8,H,D
38.172732,-95.150158,026,034,1549,1315,2026-04-06,1654,L8,H,D
38.172738,-95.149816,026,034,1550,1315,2026-04-06,1654,L8,H,D
38.172744,-95.149473,026,034,1551,1315,2026-04-06,1654,L8,H,D
38.172939,-95.153588,026,034,1539,1314,2026-04-06,1654,L8,M,D
38.172946,-95.153246,026,034,1540,1314,2026-04-06,1654,L8,M,D
38.172952,-95.152904,026,034,1541,1314,2026-04-06,1654,L8,M,D
38.172958,-95.152562,026,034,1542,1314,2026-04-06,1654,L8,M,D
38.172964,-95.152219,026,034,1543,1314,2026-04-06,1654,L8,M,D
38.172971,-95.151877,026,034,1544,1314,2026-04-06,1654,L8,M,D
38.172977,-95.151535,026,034,1545,1314,2026-04-06,1654,L8,H,D
38.172983,-95.151192,026,034,1546,1314,2026-04-06,1654,L8,H,D
38.17299,-95.15085,026,034,1547,1314,2026-04-06,1654,L8,H,D
38.172996,-95.150508,026,034,1548,1314,2026-04-06,1654,L8,H,D
38.173002,-95.150166,026,034,1549,1314,2026-04-06,1654,L8,H,D
38.173008,-95.149823,026,034,1550,1314,2026-04-06,1654,L8,H,D
38.173015,-95.149481,026,034,1551,1314,2026-04-06,1654,L8,H,D
38.173021,-95.149139,026,034,1552,1314,2026-04-06,1654,L8,H,D
38.173279,-95.149831,026,034,1550,1313,2026-04-06,1654,L8,H,D
38.173285,-95.149489,026,034,1551,1313,2026-04-06,1654,L8,H,D
38.173291,-95.149147,026,034,1552,1313,2026-04-06,1654,L8,M,D
38.173825,-95.149505,026,034,1551,1311,2026-04-06,1654,L8,H,D
38.173831,-95.149163,026,034,1552,1311,2026-04-06,1654,L8,H,D
38.247799,-95.017991,026,034,1941,1046,2026-04-06,1654,L8,M,D
38.247799,-95.017991,026,033,601,6316,2026-04-06,1654,L8,M,D
38.248598,-95.018699,026,034,1939,1043,2026-04-06,1654,L8,H,D
38.248598,-95.018699,026,033,599,6313,2026-04-06,1654,L8,H,D
38.248616,-95.017671,026,033,602,6313,2026-04-06,1654,L8,M,D
38.248616,-95.017671,026,034,1942,1043,2026-04-06,1654,L8,M,D
38.248622,-95.017328,026,033,603,6313,2026-04-06,1654,L8,H,D
38.248622,-95.017328,026,034,1943,1043,2026-04-06,1654,L8,H,D
38.248868,-95.018706,026,034,1939,1042,2026-04-06,1654,L8,H,D
38.248868,-95.018706,026,033,599,6312,2026-04-06,1654,L8,H,D
38.249138,-95.018714,026,033,599,6311,2026-04-06,1654,L8,H,D
38.249138,-95.018714,026,034,1939,1041,2026-04-06,1654,L8,H,D
38.249144,-95.018371,026,033,600,6311,2026-04-06,1654,L8,H,D
38.249144,-95.018371,026,034,1940,1041,2026-04-06,1654,L8,H,D
38.249415,-95.018379,026,033,600,6310,2026-04-06,1654,L8,H,D
38.249415,-95.018379,026,034,1940,1040,2026-04-06,1654,L8,H,D
38.24942,-95.018036,026,034,1941,1040,2026-04-06,1654,L8,H,D
38.24942,-95.018036,026,033,601,6310,2026-04-06,1654,L8,H,D
38.249426,-95.017693,026,034,1942,1040,2026-04-06,1654,L8,H,D
38.249426,-95.017693,026,033,602,6310,2026-04-06,1654,L8,H,D
38.249432,-95.017351,026,034,1943,1040,2026-04-06,1654,L8,H,D
38.249432,-95.017351,026,033,603,6310,2026-04-06,1654,L8,H,D
38.249691,-95.018043,026,033,601,6309,2026-04-06,1654,L8,M,D
38.249697,-95.017701,026,033,602,6309,2026-04-06,1654,L8,H,D
38.249697,-95.017701,026,034,1942,1039,2026-04-06,1654,L8,H,D
38.249702,-95.017358,026,033,603,6309,2026-04-06,1654,L8,H,D
38.249702,-95.017358,026,034,1943,1039,2026-04-06,1654,L8,H,D
38.249708,-95.017015,026,034,1944,1039,2026-04-06,1654,L8,H,D
38.249708,-95.017015,026,033,604,6309,2026-04-06,1654,L8,H,D
38.249979,-95.017023,026,033,604,6308,2026-04-06,1654,L8,H,D
38.249979,-95.017023,026,034,1944,1038,2026-04-06,1654,L8,H,D
38.249984,-95.01668,026,034,1945,1038,2026-04-06,1654,L8,H,D
38.249984,-95.01668,026,033,605,6308,2026-04-06,1654,L8,H,D
38.250249,-95.01703,026,033,604,6307,2026-04-06,1654,L8,H,D
38.250249,-95.01703,026,034,1944,1037,2026-04-06,1654,L8,H,D
38.250255,-95.016688,026,033,605,6307,2026-04-06,1654,L8,H,D
38.250255,-95.016688,026,034,1945,1037,2026-04-06,1654,L8,H,D
38.250261,-95.016345,026,034,1946,1037,2026-04-06,1654,L8,M,D
38.250261,-95.016345,026,033,606,6307,2026-04-06,1654,L8,M,D
38.250525,-95.016695,026,034,1945,1036,2026-04-06,1654,L8,H,D
38.250525,-95.016695,026,033,605,6306,2026-04-06,1654,L8,H,D
38.250531,-95.016353,026,034,1946,1036,2026-04-06,1654,L8,H,D
38.250531,-95.016353,026,033,606,6306,2026-04-06,1654,L8,H,D
38.250801,-95.01636,026,033,606,6305,2026-04-06,1654,L8,H,D
38.250801,-95.01636,026,034,1946,1035,2026-04-06,1654,L8,H,D
38.251071,-95.016367,026,033,606,6304,2026-04-06,1654,L8,H,D
38.251071,-95.016367,026,034,1946,1034,2026-04-06,1654,L8,H,D
38.259077,-94.367535,026,034,3839,1039,2026-04-06,1654,L8,M,D
38.259077,-94.367535,026,033,2499,6309,2026-04-06,1654,L8,M,D
38.264026,-93.272343,026,033,5693,6319,2026-04-06,1654,L8,M,D
38.264426,-94.145772,026,034,4486,1028,2026-04-06,1654,L8,H,D
38.264426,-94.145772,026,033,3146,6298,2026-04-06,1654,L8,H,D
38.264696,-94.145776,026,034,4486,1027,2026-04-06,1654,L8,L,D
38.264696,-94.145776,026,033,3146,6297,2026-04-06,1654,L8,H,D
38.295912,-93.28001,026,033,5671,6201,2026-04-06,1654,L8,H,D
38.34607,-95.161797,026,034,1530,673,2026-04-06,1654,L8,H,D
38.34607,-95.161797,026,033,190,5943,2026-04-06,1654,L8,H,D
38.346277,-95.090748,026,034,1737,677,2026-04-06,1654,L8,H,D
38.346277,-95.090748,026,033,397,5947,2026-04-06,1654,L8,H,D
38.346283,-95.090405,026,034,1738,677,2026-04-06,1654,L8,L,D
38.346283,-95.090405,026,033,398,5947,2026-04-06,1654,L8,L,D
38.34634,-95.161805,026,033,190,5942,2026-04-06,1654,L8,H,D
38.34634,-95.161805,026,034,1530,672,2026-04-06,1654,L8,H,D
38.381172,-94.570066,026,034,3256,578,2026-04-06,1654,L8,H,D
38.381172,-94.570066,026,033,1916,5848,2026-04-06,1654,L8,H,D
38.384948,-93.349396,026,033,5470,5871,2026-04-06,1654,L8,M,D
38.385219,-93.349397,026,033,5470,5870,2026-04-06,1654,L8,M,D
38.386585,-95.058593,026,033,494,5800,2026-04-06,1654,L8,H,D
38.386585,-95.058593,026,034,1834,530,2026-04-06,1654,L8,H,D
38.386855,-95.058601,026,033,494,5799,2026-04-06,1654,L8,H,D
38.386855,-95.058601,026,034,1834,529,2026-04-06,1654,L8,H,D
38.386861,-95.058257,026,034,1835,529,2026-04-06,1654,L8,H,D
38.386861,-95.058257,026,033,495,5799,2026-04-06,1654,L8,H,D
38.387113,-95.059295,026,033,492,5798,2026-04-06,1654,L8,M,D
38.387113,-95.059295,026,034,1832,528,2026-04-06,1654,L8,M,D
38.387119,-95.058952,026,033,493,5798,2026-04-06,1654,L8,H,D
38.387119,-95.058952,026,034,1833,528,2026-04-06,1654,L8,H,D
38.387125,-95.058608,026,034,1834,528,2026-04-06,1654,L8,H,D
38.387125,-95.058608,026,033,494,5798,2026-04-06,1654,L8,H,D
38.387131,-95.058265,026,033,495,5798,2026-04-06,1654,L8,M,D
38.387131,-95.058265,026,034,1835,528,2026-04-06,1654,L8,M,D
38.387312,-94.073513,026,033,3362,5846,2026-04-06,1654,L8,L,D
38.387383,-95.059303,026,033,492,5797,2026-04-06,1654,L8,H,D
38.387383,-95.059303,026,034,1832,527,2026-04-06,1654,L8,H,D
38.387389,-95.058959,026,034,1833,527,2026-04-06,1654,L8,H,D
38.387389,-95.058959,026,033,493,5797,2026-04-06,1654,L8,H,D
38.387395,-95.058616,026,033,494,5797,2026-04-06,1654,L8,H,D
38.387395,-95.058616,026,034,1834,527,2026-04-06,1654,L8,H,D
38.387648,-95.059654,026,034,1831,526,2026-04-06,1654,L8,M,D
38.387648,-95.059654,026,033,491,5796,2026-04-06,1654,L8,M,D
38.387654,-95.05931,026,033,492,5796,2026-04-06,1654,L8,H,D
38.387654,-95.05931,026,034,1832,526,2026-04-06,1654,L8,H,D
38.38766,-95.058967,026,033,493,5796,2026-04-06,1654,L8,H,D
38.38766,-95.058967,026,034,1833,526,2026-04-06,1654,L8,H,D
38.387666,-95.058624,026,033,494,5796,2026-04-06,1654,L8,H,D
38.387666,-95.058624,026,034,1834,526,2026-04-06,1654,L8,H,D
38.387912,-95.060005,026,034,1830,525,2026-04-06,1654,L8,H,D
38.387912,-95.060005,026,033,490,5795,2026-04-06,1654,L8,H,D
38.387918,-95.059661,026,034,1831,525,2026-04-06,1654,L8,H,D
38.387918,-95.059661,026,033,491,5795,2026-04-06,1654,L8,H,D
38.387924,-95.059318,026,034,1832,525,2026-04-06,1654,L8,H,D
38.387924,-95.059318,026,033,492,5795,2026-04-06,1654,L8,H,D
38.38793,-95.058975,026,034,1833,525,2026-04-06,1654,L8,H,D
38.38793,-95.058975,026,033,493,5795,2026-04-06,1654,L8,H,D
38.387936,-95.058631,026,033,494,5795,2026-04-06,1654,L8,H,D
38.387936,-95.058631,026,034,1834,525,2026-04-06,1654,L8,H,D
38.388182,-95.060012,026,034,1830,524,2026-04-06,1654,L8,H,D
38.388182,-95.060012,026,033,490,5794,2026-04-06,1654,L8,H,D
38.388188,-95.059669,026,034,1831,524,2026-04-06,1654,L8,H,D
38.388188,-95.059669,026,033,491,5794,2026-04-06,1654,L8,H,D
38.388194,-95.059326,026,034,1832,524,2026-04-06,1654,L8,H,D
38.388194,-95.059326,026,033,492,5794,2026-04-06,1654,L8,H,D
38.3882,-95.058982,026,033,493,5794,2026-04-06,1654,L8,H,D
38.3882,-95.058982,026,034,1833,524,2026-04-06,1654,L8,H,D
38.388206,-95.058639,026,034,1834,524,2026-04-06,1654,L8,H,D
38.388206,-95.058639,026,033,494,5794,2026-04-06,1654,L8,H,D
38.388446,-95.060363,026,033,489,5793,2026-04-06,1654,L8,H,D
38.388446,-95.060363,026,034,1829,523,2026-04-06,1654,L8,H,D
38.388452,-95.06002,026,033,490,5793,2026-04-06,1654,L8,H,D
38.388452,-95.06002,026,034,1830,523,2026-04-06,1654,L8,H,D
38.388458,-95.059677,026,033,491,5793,2026-04-06,1654,L8,H,D
38.388458,-95.059677,026,034,1831,523,2026-04-06,1654,L8,H,D
38.388464,-95.059333,026,034,1832,523,2026-04-06,1654,L8,H,D
38.388464,-95.059333,026,033,492,5793,2026-04-06,1654,L8,H,D
38.38847,-95.05899,026,034,1833,523,2026-04-06,1654,L8,H,D
38.38847,-95.05899,026,033,493,5793,2026-04-06,1654,L8,H,D
38.38871,-95.060714,026,033,488,5792,2026-04-06,1654,L8,M,D
38.38871,-95.060714,026,034,1828,522,2026-04-06,1654,L8,M,D
38.388716,-95.060371,026,033,489,5792,2026-04-06,1654,L8,H,D
38.388716,-95.060371,026,034,1829,522,2026-04-06,1654,L8,H,D
38.388722,-95.060028,026,034,1830,522,2026-04-06,1654,L8,H,D
38.388722,-95.060028,026,033,490,5792,2026-04-06,1654,L8,H,D
38.388728,-95.059684,026,034,1831,522,2026-04-06,1654,L8,H,D
38.388728,-95.059684,026,033,491,5792,2026-04-06,1654,L8,H,D
38.388734,-95.059341,026,033,492,5792,2026-04-06,1654,L8,H,D
38.388734,-95.059341,026,034,1832,522,2026-04-06,1654,L8,H,D
38.38898,-95.060722,026,033,488,5791,2026-04-06,1654,L8,H,D
38.38898,-95.060722,026,034,1828,521,2026-04-06,1654,L8,H,D
38.388986,-95.060378,026,033,489,5791,2026-04-06,1654,L8,H,D
38.388986,-95.060378,026,034,1829,521,2026-04-06,1654,L8,H,D
38.388993,-95.060035,026,034,1830,521,2026-04-06,1654,L8,H,D
38.388993,-95.060035,026,033,490,5791,2026-04-06,1654,L8,H,D
38.388999,-95.059692,026,033,491,5791,2026-04-06,1654,L8,H,D
38.388999,-95.059692,026,034,1831,521,2026-04-06,1654,L8,H,D
38.389011,-95.059005,026,034,1833,521,2026-04-06,1654,L8,M,D
38.389011,-95.059005,026,033,493,5791,2026-04-06,1654,L8,M,D
38.389023,-93.342888,026,033,5489,5856,2026-04-06,1654,L8,L,D
38.389245,-95.061073,026,034,1827,520,2026-04-06,1654,L8,H,D
38.389245,-95.061073,026,033,487,5790,2026-04-06,1654,L8,H,D
38.389251,-95.060729,026,033,488,5790,2026-04-06,1654,L8,H,D
38.389251,-95.060729,026,034,1828,520,2026-04-06,1654,L8,H,D
38.389263,-95.060043,026,033,490,5790,2026-04-06,1654,L8,H,D
38.389263,-95.060043,026,034,1830,520,2026-04-06,1654,L8,H,D
38.389269,-95.0597,026,034,1831,520,2026-04-06,1654,L8,H,D
38.389269,-95.0597,026,033,491,5790,2026-04-06,1654,L8,H,D
38.389509,-95.061424,026,033,486,5789,2026-04-06,1654,L8,M,D
38.389509,-95.061424,026,034,1826,519,2026-04-06,1654,L8,M,D
38.389515,-95.06108,026,033,487,5789,2026-04-06,1654,L8,M,D
38.389515,-95.06108,026,034,1827,519,2026-04-06,1654,L8,M,D
38.389539,-95.059707,026,034,1831,519,2026-04-06,1654,L8,M,D
38.389539,-95.059707,026,033,491,5789,2026-04-06,1654,L8,M,D
38.389779,-95.061431,026,033,486,5788,2026-04-06,1654,L8,M,D
38.389779,-95.061431,026,034,1826,518,2026-04-06,1654,L8,M,D
38.397635,-92.987346,026,033,6524,5826,2026-04-06,1654,L8,L,D
38.397905,-92.987346,026,033,6524,5825,2026-04-06,1654,L8,L,D
38.401937,-94.671518,026,033,1622,5766,2026-04-06,1654,L8,H,D
38.401937,-94.671518,026,034,2962,496,2026-04-06,1654,L8,H,D
38.401942,-94.671175,026,033,1623,5766,2026-04-06,1654,L8,H,D
38.401942,-94.671175,026,034,2963,496,2026-04-06,1654,L8,H,D
38.402748,-95.0618,026,033,486,5740,2026-04-06,1654,L8,H,D
38.402748,-95.0618,026,034,1826,470,2026-04-06,1654,L8,H,D
38.437107,-94.965854,026,034,2108,349,2026-04-06,1654,L8,L,D
38.437107,-94.965854,026,033,768,5619,2026-04-06,1654,L8,L,D
38.437113,-94.965511,026,034,2109,349,2026-04-06,1654,L8,M,D
38.437113,-94.965511,026,033,769,5619,2026-04-06,1654,L8,M,D
38.437375,-92.966714,026,033,6584,5679,2026-04-06,1654,L8,M,D
38.439762,-94.382969,026,033,2464,5640,2026-04-06,1654,L8,L,D
38.455759,-92.96533,026,033,6588,5611,2026-04-06,1654,L8,H,D
38.455759,-92.964986,026,033,6589,5611,2026-04-06,1654,L8,H,D
38.470271,-94.339879,026,033,2591,5529,2026-04-06,1654,L8,H,D
38.470538,-94.340227,026,033,2590,5528,2026-04-06,1654,L8,H,D
38.470541,-94.339884,026,033,2591,5528,2026-04-06,1654,L8,H,D
38.470545,-94.33954,026,033,2592,5528,2026-04-06,1654,L8,H,D
38.490595,-93.104977,026,033,6182,5482,2026-04-06,1654,L8,H,D
38.490595,-93.104633,026,033,6183,5482,2026-04-06,1654,L8,H,D
38.490863,-93.106698,026,033,6177,5481,2026-04-06,1654,L8,H,D
38.490864,-93.106354,026,033,6178,5481,2026-04-06,1654,L8,H,D
38.490865,-93.104978,026,033,6182,5481,2026-04-06,1654,L8,H,D
38.490865,-93.104634,026,033,6183,5481,2026-04-06,1654,L8,H,D
38.492217,-93.104636,026,033,6183,5476,2026-04-06,1654,L8,H,D
38.493301,-93.101885,026,033,6191,5472,2026-04-06,1654,L8,L,D
38.493301,-93.101541,026,033,6192,5472,2026-04-06,1654,L8,H,D
38.493572,-93.101542,026,033,6192,5471,2026-04-06,1654,L8,L,D
38.495774,-94.761746,026,033,1366,5414,2026-04-06,1654,L8,H,D
38.496507,-94.766924,026,033,1351,5411,2026-04-06,1654,L8,H,D
38.497385,-94.762473,026,033,1364,5408,2026-04-06,1654,L8,H,D
38.49739,-94.76213,026,033,1365,5408,2026-04-06,1654,L8,H,D
38.497567,-94.768326,026,033,1347,5407,2026-04-06,1654,L8,L,D
38.499974,-93.990208,026,033,3609,5432,2026-04-06,1654,L8,H,D
38.531195,-93.016579,026,033,6439,5332,2026-04-06,1654,L8,L,D
38.539594,-95.103906,026,033,375,5231,2026-04-06,1654,L8,M,D
38.539871,-95.10357,026,033,376,5230,2026-04-06,1654,L8,M,D
38.540147,-95.103234,026,033,377,5229,2026-04-06,1654,L8,H,D
38.540153,-95.10289,026,033,378,5229,2026-04-06,1654,L8,M,D
38.540367,-93.07097,026,033,6281,5298,2026-04-06,1654,L8,H,D
38.540367,-93.070626,026,033,6282,5298,2026-04-06,1654,L8,H,D
38.540637,-93.070971,026,033,6281,5297,2026-04-06,1654,L8,L,D
38.561821,-94.663509,026,033,1656,5175,2026-04-06,1654,L8,H,D
38.562092,-94.663516,026,033,1656,5174,2026-04-06,1654,L8,M,D
38.576846,-94.884944,026,033,1014,5107,2026-04-06,1654,L8,M,D
38.577117,-94.884951,026,033,1014,5106,2026-04-06,1654,L8,H,D
38.577122,-94.884607,026,033,1015,5106,2026-04-06,1654,L8,H,D
38.58078,-94.583013,026,033,1891,5109,2026-04-06,1654,L8,M,D
38.58105,-94.583019,026,033,1891,5108,2026-04-06,1654,L8,M,D
38.581185,-92.918771,026,033,6723,5147,2026-04-06,1654,L8,H,D
38.584159,-92.919457,026,033,6721,5136,2026-04-06,1654,L8,H,D
38.584159,-92.919113,026,033,6722,5136,2026-04-06,1654,L8,L,D
38.5923,-94.668346,026,033,1644,5062,2026-04-06,1654,L8,M,D
38.593081,-93.263936,026,033,5721,5102,2026-04-06,1654,L8,L,D
38.607103,-94.782725,026,033,1313,5001,2026-04-06,1654,L8,M,D
38.607628,-94.692818,026,033,1574,5004,2026-04-06,1654,L8,H,D
38.607663,-94.690407,026,033,1581,5004,2026-04-06,1654,L8,H,D
38.607933,-94.690413,026,033,1581,5003,2026-04-06,1654,L8,H,D
38.607938,-94.690069,026,033,1582,5003,2026-04-06,1654,L8,H,D
38.613476,-94.584076,026,033,1890,4988,2026-04-06,1654,L8,H,D
38.613747,-94.584082,026,033,1890,4987,2026-04-06,1654,L8,H,D
38.623244,-94.956799,026,033,809,4931,2026-04-06,1654,L8,H,D
38.62325,-94.956455,026,033,810,4931,2026-04-06,1654,L8,M,D
38.623514,-94.956807,026,033,809,4930,2026-04-06,1654,L8,H,D
38.62352,-94.956462,026,033,810,4930,2026-04-06,1654,L8,H,D
38.62374,-94.564659,026,033,1947,4951,2026-04-06,1654,L8,H,D
38.623784,-94.956814,026,033,809,4929,2026-04-06,1654,L8,H,D
38.62401,-94.564665,026,033,1947,4950,2026-04-06,1654,L8,H,D
38.624015,-94.564321,026,033,1948,4950,2026-04-06,1654,L8,H,D
38.62402,-94.563976,026,033,1949,4950,2026-04-06,1654,L8,H,D
38.624276,-94.565015,026,033,1946,4949,2026-04-06,1654,L8,M,D
38.624281,-94.564671,026,033,1947,4949,2026-04-06,1654,L8,H,D
38.624285,-94.564326,026,033,1948,4949,2026-04-06,1654,L8,H,D
38.62429,-94.563982,026,033,1949,4949,2026-04-06,1654,L8,H,D
38.624555,-94.564332,026,033,1948,4948,2026-04-06,1654,L8,H,D
38.62456,-94.563988,026,033,1949,4948,2026-04-06,1654,L8,H,D
38.624589,-94.957181,026,033,808,4926,2026-04-06,1654,L8,H,D
38.62459,-93.926095,026,033,3800,4973,2026-04-06,1654,L8,M,D
38.624826,-94.564338,026,033,1948,4947,2026-04-06,1654,L8,M,D
38.624859,-94.957188,026,033,808,4925,2026-04-06,1654,L8,H,D
38.624916,-93.38571,026,033,5368,4983,2026-04-06,1654,L8,L,D
38.624917,-93.385366,026,033,5369,4983,2026-04-06,1654,L8,H,D
38.626976,-94.300401,026,033,2714,4951,2026-04-06,1654,L8,M,D
38.631331,-94.974251,026,033,759,4900,2026-04-06,1654,L8,H,D
38.631336,-94.973906,026,033,760,4900,2026-04-06,1654,L8,H,D
38.631595,-94.974603,026,033,758,4899,2026-04-06,1654,L8,H,D
38.631601,-94.974258,026,033,759,4899,2026-04-06,1654,L8,H,D
38.631607,-94.973914,026,033,760,4899,2026-04-06,1654,L8,H,D
38.631871,-94.974266,026,033,759,4898,2026-04-06,1654,L8,H,D
38.634085,-94.803728,026,033,1254,4900,2026-04-06,1654,L8,L,D
38.63409,-94.803383,026,033,1255,4900,2026-04-06,1654,L8,H,D
38.64529,-95.07356,026,033,472,4842,2026-04-06,1654,L8,H,D
38.645297,-95.073216,026,033,473,4842,2026-04-06,1654,L8,H,D
38.645303,-95.072871,026,033,474,4842,2026-04-06,1654,L8,H,D
38.645309,-95.072527,026,033,475,4842,2026-04-06,1654,L8,H,D
38.645555,-95.073912,026,033,471,4841,2026-04-06,1654,L8,H,D
38.645561,-95.073568,026,033,472,4841,2026-04-06,1654,L8,H,D
38.645573,-95.072879,026,033,474,4841,2026-04-06,1654,L8,H,D
38.645579,-95.072534,026,033,475,4841,2026-04-06,1654,L8,H,D
38.645825,-95.07392,026,033,471,4840,2026-04-06,1654,L8,H,D
38.645831,-95.073576,026,033,472,4840,2026-04-06,1654,L8,H,D
38.645837,-95.073231,026,033,473,4840,2026-04-06,1654,L8,H,D
38.645843,-95.072887,026,033,474,4840,2026-04-06,1654,L8,H,D
38.646095,-95.073928,026,033,471,4839,2026-04-06,1654,L8,H,D
38.646101,-95.073583,026,033,472,4839,2026-04-06,1654,L8,H,D
38.646107,-95.073239,026,033,473,4839,2026-04-06,1654,L8,H,D
38.646113,-95.072894,026,033,474,4839,2026-04-06,1654,L8,H,D
38.646365,-95.073936,026,033,471,4838,2026-04-06,1654,L8,H,D
38.646371,-95.073591,026,033,472,4838,2026-04-06,1654,L8,H,D
38.646377,-95.073247,026,033,473,4838,2026-04-06,1654,L8,H,D
38.646383,-95.072902,026,033,474,4838,2026-04-06,1654,L8,L,D
38.646635,-95.073944,026,033,471,4837,2026-04-06,1654,L8,H,D
38.646641,-95.073599,026,033,472,4837,2026-04-06,1654,L8,H,D
38.65518,-94.637742,026,033,1737,4831,2026-04-06,1654,L8,L,D
38.661049,-93.697958,026,033,4463,4844,2026-04-06,1654,L8,H,D
38.662175,-93.734864,026,033,4356,4839,2026-04-06,1654,L8,L,D
38.662177,-93.734519,026,033,4357,4839,2026-04-06,1654,L8,M,D
38.666554,-94.36215,026,033,2537,4802,2026-04-06,1654,L8,M,D
38.666558,-94.361805,026,033,2538,4802,2026-04-06,1654,L8,H,D
38.666824,-94.362155,026,033,2537,4801,2026-04-06,1654,L8,H,D
38.666828,-94.36181,026,033,2538,4801,2026-04-06,1654,L8,H,D
38.666832,-94.361465,026,033,2539,4801,2026-04-06,1654,L8,H,D
38.667099,-94.361815,026,033,2538,4800,2026-04-06,1654,L8,H,D
38.669903,-94.628767,026,033,1764,4777,2026-04-06,1654,L8,H,D
38.670164,-94.629463,026,033,1762,4776,2026-04-06,1654,L8,M,D
38.670168,-94.629118,026,033,1763,4776,2026-04-06,1654,L8,H,D
38.670173,-94.628773,026,033,1764,4776,2026-04-06,1654,L8,H,D
38.670434,-94.629469,026,033,1762,4775,2026-04-06,1654,L8,H,D
38.670439,-94.629124,026,033,1763,4775,2026-04-06,1654,L8,H,D
38.670443,-94.628779,026,033,1764,4775,2026-04-06,1654,L8,H,D
38.691428,-93.145976,026,033,6064,4739,2026-04-06,1654,L8,M,D
38.721082,-93.695435,026,033,4472,4622,2026-04-06,1654,L8,L,D
38.729871,-94.762306,026,033,1381,4548,2026-04-06,1654,L8,L,D
38.755296,-94.234022,026,033,2913,4479,2026-04-06,1654,L8,H,D
38.755566,-94.234026,026,033,2913,4478,2026-04-06,1654,L8,H,D
38.756612,-93.375369,026,033,5400,4496,2026-04-06,1654,L8,H,D
38.756881,-93.375716,026,033,5399,4495,2026-04-06,1654,L8,H,D
38.756882,-93.375371,026,033,5400,4495,2026-04-06,1654,L8,H,D
38.7654,-94.299457,026,033,2724,4439,2026-04-06,1654,L8,L,D
38.770689,-94.532298,026,033,2050,4409,2026-04-06,1654,L8,M,D
38.770959,-94.532303,026,033,2050,4408,2026-04-06,1654,L8,H,D
38.776149,-94.004376,026,033,3579,4410,2026-04-06,1654,L8,H,D
38.776428,-94.003344,026,033,3582,4409,2026-04-06,1654,L8,H,D
38.7864,-94.529871,026,033,2058,4351,2026-04-06,1654,L8,L,D
38.793328,-94.516893,026,033,2096,4326,2026-04-06,1654,L8,H,D
38.820122,-93.140709,026,033,6080,4263,2026-04-06,1654,L8,H,D
38.830958,-93.574842,026,033,4824,4218,2026-04-06,1654,L8,H,D
38.830959,-93.574497,026,033,4825,4218,2026-04-06,1654,L8,H,D
38.831228,-93.574844,026,033,4824,4217,2026-04-06,1654,L8,H,D
38.83123,-93.574499,026,033,4825,4217,2026-04-06,1654,L8,H,D
38.833892,-92.845554,026,033,6934,4212,2026-04-06,1654,L8,H,D
38.833893,-92.845899,026,033,6933,4212,2026-04-06,1654,L8,H,D
38.834163,-92.845899,026,033,6933,4211,2026-04-06,1654,L8,H,D
38.845273,-93.133153,026,033,6102,4170,2026-04-06,1654,L8,H,D
38.845543,-93.133153,026,033,6102,4169,2026-04-06,1654,L8,H,D
38.854184,-93.679788,026,033,4521,4130,2026-04-06,1654,L8,L,D
38.854453,-93.680137,026,033,4520,4129,2026-04-06,1654,L8,H,D
38.886525,-93.963038,026,033,3703,4003,2026-04-06,1654,L8,L,D
38.886796,-93.963041,026,033,3703,4002,2026-04-06,1654,L8,M,D
38.904049,-94.302327,026,033,2723,3926,2026-04-06,1654,L8,H,D
38.907541,-94.177144,026,033,3085,3918,2026-04-06,1654,L8,L,D
38.948113,-94.062188,026,033,3419,3772,2026-04-06,1654,L8,L,D
38.956082,-94.017298,026,033,3549,3744,2026-04-06,1654,L8,M,D
38.95803,-94.285657,026,033,2774,3727,2026-04-06,1654,L8,H,D
38.958296,-94.286008,026,033,2773,3726,2026-04-06,1654,L8,H,D
38.9583,-94.285662,026,033,2774,3726,2026-04-06,1654,L8,H,D
38.978103,-94.547148,026,033,2020,3641,2026-04-06,1654,L8,L,D
38.980667,-94.108046,026,033,3288,3650,2026-04-06,1654,L8,M,D
38.983867,-93.64639,026,033,4621,3651,2026-04-06,1654,L8,H,D
38.984138,-93.646392,026,033,4621,3650,2026-04-06,1654,L8,H,D
38.998746,-93.404014,026,033,5321,3600,2026-04-06,1654,L8,H,D
38.999015,-93.404362,026,033,5320,3599,2026-04-06,1654,L8,H,D
38.999016,-93.404016,026,033,5321,3599,2026-04-06,1654,L8,H,D
39.021964,-94.142652,026,033,3190,3496,2026-04-06,1654,L8,H,D
39.021967,-94.142305,026,033,3191,3496,2026-04-06,1654,L8,H,D
39.022234,-94.142656,026,033,3190,3495,2026-04-06,1654,L8,H,D
39.022238,-94.14231,026,033,3191,3495,2026-04-06,1654,L8,H,D
39.022504,-94.142661,026,033,3190,3494,2026-04-06,1654,L8,M,D
39.022508,-94.142314,026,033,3191,3494,2026-04-06,1654,L8,M,D
39.023059,-94.141283,026,033,3194,3492,2026-04-06,1654,L8,H,D
39.023325,-94.141634,026,033,3193,3491,2026-04-06,1654,L8,H,D
39.023329,-94.141288,026,033,3194,3491,2026-04-06,1654,L8,H,D
39.023596,-94.141638,026,033,3193,3490,2026-04-06,1654,L8,H,D
39.023599,-94.141292,026,033,3194,3490,2026-04-06,1654,L8,H,D
39.023869,-94.141296,026,033,3194,3489,2026-04-06,1654,L8,H,D
39.032944,-92.738364,026,033,7242,3475,2026-04-06,1654,L8,L,D
39.067479,-94.633706,026,033,1776,3306,2026-04-06,1654,L8,M,D
39.067484,-94.63336,026,033,1777,3306,2026-04-06,1654,L8,H,D
39.067755,-94.633366,026,033,1777,3305,2026-04-06,1654,L8,H,D
39.070843,-94.9268,026,033,931,3277,2026-04-06,1654,L8,M,D
39.071113,-94.926807,026,033,931,3276,2026-04-06,1654,L8,H,D
39.095446,-93.865616,026,033,3992,3233,2026-04-06,1654,L8,M,D
39.098294,-93.725492,026,033,4396,3226,2026-04-06,1654,L8,L,D
39.118251,-94.936766,026,033,906,3101,2026-04-06,1654,L8,H,D
39.141124,-94.372985,026,033,2532,3046,2026-04-06,1654,L8,L,D
39.210731,-94.709987,026,033,1566,2772,2026-04-06,1654,L8,L,D
39.210736,-94.70964,026,033,1567,2772,2026-04-06,1654,L8,H,D
39.211152,-94.772192,026,033,1387,2767,2026-04-06,1654,L8,H,D
39.211158,-94.771845,026,033,1388,2767,2026-04-06,1654,L8,H,D
39.215496,-94.622538,026,033,1818,2759,2026-04-06,1654,L8,H,D
39.224398,-94.892419,026,033,1042,2711,2026-04-06,1654,L8,H,D
39.224403,-94.892071,026,033,1043,2711,2026-04-06,1654,L8,H,D
39.224668,-94.892426,026,033,1042,2710,2026-04-06,1654,L8,H,D
39.224674,-94.892079,026,033,1043,2710,2026-04-06,1654,L8,H,D
39.236086,-93.926782,026,033,3821,2711,2026-04-06,1654,L8,H,D
39.236089,-93.926434,026,033,3822,2711,2026-04-06,1654,L8,H,D
39.262458,-94.703246,026,033,1589,2581,2026-04-06,1654,L8,H,D
39.262463,-94.702899,026,033,1590,2581,2026-04-06,1654,L8,H,D
39.262728,-94.703253,026,033,1589,2580,2026-04-06,1654,L8,H,D
39.262733,-94.702905,026,033,1590,2580,2026-04-06,1654,L8,H,D
39.262998,-94.703259,026,033,1589,2579,2026-04-06,1654,L8,H,D
39.263004,-94.702912,026,033,1590,2579,2026-04-06,1654,L8,H,D
39.271398,-94.606786,026,033,1867,2553,2026-04-06,1654,L8,H,D
39.271403,-94.606439,026,033,1868,2553,2026-04-06,1654,L8,H,D
39.271668,-94.606792,026,033,1867,2552,2026-04-06,1654,L8,H,D
39.271673,-94.606445,026,033,1868,2552,2026-04-06,1654,L8,H,D
39.289802,-93.242528,026,033,5790,2525,2026-04-06,1654,L8,H,D
39.289802,-93.24218,026,033,5791,2525,2026-04-06,1654,L8,H,D
39.289803,-93.241832,026,033,5792,2525,2026-04-06,1654,L8,M,D
39.290073,-93.242181,026,033,5791,2524,2026-04-06,1654,L8,L,D
39.348367,-94.129846,026,033,3242,2289,2026-04-06,1654,L8,M,D
39.36536,-93.919086,026,033,3848,2233,2026-04-06,1654,L8,H,D
39.365362,-93.918738,026,033,3849,2233,2026-04-06,1654,L8,M,D
39.372211,-94.587851,026,033,1928,2181,2026-04-06,1654,L8,H,D
39.372481,-94.587857,026,033,1928,2180,2026-04-06,1654,L8,H,D
39.378699,-93.565376,026,033,4864,2192,2026-04-06,1654,L8,H,D
39.378969,-93.565378,026,033,4864,2191,2026-04-06,1654,L8,H,D
39.379251,-93.504076,026,033,5040,2191,2026-04-06,1654,L8,H,D
39.379252,-93.503728,026,033,5041,2191,2026-04-06,1654,L8,H,D
39.385357,-94.361039,026,033,2580,2143,2026-04-06,1654,L8,H,D
39.385628,-94.361045,026,033,2580,2142,2026-04-06,1654,L8,L,D
39.408265,-93.599067,026,033,4768,2082,2026-04-06,1654,L8,M,D
39.408267,-93.598718,026,033,4769,2082,2026-04-06,1654,L8,M,D
39.408269,-93.59837,026,033,4770,2082,2026-04-06,1654,L8,H,D
39.408532,-93.599766,026,033,4766,2081,2026-04-06,1654,L8,H,D
39.408534,-93.599418,026,033,4767,2081,2026-04-06,1654,L8,H,D
39.408536,-93.599069,026,033,4768,2081,2026-04-06,1654,L8,H,D
39.408538,-93.598721,026,033,4769,2081,2026-04-06,1654,L8,L,D
39.408799,-93.600465,026,033,4764,2080,2026-04-06,1654,L8,H,D
39.408801,-93.600117,026,033,4765,2080,2026-04-06,1654,L8,L,D
39.409067,-93.600816,026,033,4763,2079,2026-04-06,1654,L8,H,D
39.409069,-93.600468,026,033,4764,2079,2026-04-06,1654,L8,H,D
39.409336,-93.601167,026,033,4762,2078,2026-04-06,1654,L8,M,D
39.409338,-93.600818,026,033,4763,2078,2026-04-06,1654,L8,H,D
39.409606,-93.601169,026,033,4762,2077,2026-04-06,1654,L8,M,D
39.435802,-94.770203,026,033,1409,1936,2026-04-06,1654,L8,H,D
39.456678,-94.081732,026,033,3385,1890,2026-04-06,1654,L8,H,D
39.456682,-94.081383,026,033,3386,1890,2026-04-06,1654,L8,H,D
39.456952,-94.081387,026,033,3386,1889,2026-04-06,1654,L8,M,D
39.463176,-94.242943,026,033,2923,1860,2026-04-06,1654,L8,L,D
39.463446,-94.242948,026,033,2923,1859,2026-04-06,1654,L8,L,D
39.464458,-94.274351,026,033,2833,1854,2026-04-06,1654,L8,L,D
39.47686,-93.902414,026,033,3900,1821,2026-04-06,1654,L8,H,D
39.476862,-93.902065,026,033,3901,1821,2026-04-06,1654,L8,H,D
39.477133,-93.902069,026,033,3901,1820,2026-04-06,1654,L8,H,D
39.497814,-93.847907,026,033,4057,1745,2026-04-06,1654,L8,L,D
39.497816,-93.847558,026,033,4058,1745,2026-04-06,1654,L8,H,D
39.498084,-93.84791,026,033,4057,1744,2026-04-06,1654,L8,H,D
39.498087,-93.847561,026,033,4058,1744,2026-04-06,1654,L8,H,D
39.498089,-93.847212,026,033,4059,1744,2026-04-06,1654,L8,H,D
39.498357,-93.847565,026,033,4058,1743,2026-04-06,1654,L8,H,D
39.506987,-94.361665,026,033,2585,1693,2026-04-06,1654,L8,L,D
39.507257,-94.36167,026,033,2585,1692,2026-04-06,1654,L8,H,D
39.541678,-93.759065,026,033,4313,1585,2026-04-06,1654,L8,L,D
39.56956,-93.034985,026,033,6387,1491,2026-04-06,1654,L8,H,D
39.569831,-93.034985,026,033,6387,1490,2026-04-06,1654,L8,H,D
39.579875,-94.436793,026,033,2374,1420,2026-04-06,1654,L8,H,D
39.579879,-94.436444,026,033,2375,1420,2026-04-06,1654,L8,L,D
39.580149,-94.436449,026,033,2375,1419,2026-04-06,1654,L8,M,D
39.620005,-93.951105,026,033,3766,1290,2026-04-06,1654,L8,M,D
39.620008,-93.950756,026,033,3767,1290,2026-04-06,1654,L8,M,D
39.620264,-93.952507,026,033,3762,1289,2026-04-06,1654,L8,M,D
39.620273,-93.951458,026,033,3765,1289,2026-04-06,1654,L8,H,D
39.620275,-93.951109,026,033,3766,1289,2026-04-06,1654,L8,H,D
39.620278,-93.95076,026,033,3767,1289,2026-04-06,1654,L8,H,D
39.620281,-93.95041,026,033,3768,1289,2026-04-06,1654,L8,H,D
39.620284,-93.950061,026,033,3769,1289,2026-04-06,1654,L8,M,D
39.620287,-93.949711,026,033,3770,1289,2026-04-06,1654,L8,M,D
39.620293,-93.949012,026,033,3772,1289,2026-04-06,1654,L8,H,D
39.620295,-93.948663,026,033,3773,1289,2026-04-06,1654,L8,H,D
39.620298,-93.948313,026,033,3774,1289,2026-04-06,1654,L8,H,D
39.620531,-93.95286,026,033,3761,1288,2026-04-06,1654,L8,H,D
39.620534,-93.952511,026,033,3762,1288,2026-04-06,1654,L8,H,D
39.62054,-93.951812,026,033,3764,1288,2026-04-06,1654,L8,M,D
39.620543,-93.951462,026,033,3765,1288,2026-04-06,1654,L8,H,D
39.620546,-93.951113,026,033,3766,1288,2026-04-06,1654,L8,H,D
39.620549,-93.950763,026,033,3767,1288,2026-04-06,1654,L8,H,D
39.620557,-93.949715,026,033,3770,1288,2026-04-06,1654,L8,H,D
39.620566,-93.948666,026,033,3773,1288,2026-04-06,1654,L8,H,D
39.620569,-93.948317,026,033,3774,1288,2026-04-06,1654,L8,M,D
39.620799,-93.953213,026,033,3760,1287,2026-04-06,1654,L8,M,D
39.620802,-93.952864,026,033,3761,1287,2026-04-06,1654,L8,H,D
39.620805,-93.952514,026,033,3762,1287,2026-04-06,1654,L8,H,D
39.620807,-93.952165,026,033,3763,1287,2026-04-06,1654,L8,M,D
39.62081,-93.951815,026,033,3764,1287,2026-04-06,1654,L8,H,D
39.620813,-93.951466,026,033,3765,1287,2026-04-06,1654,L8,H,D
39.620816,-93.951116,026,033,3766,1287,2026-04-06,1654,L8,H,D
39.620825,-93.950068,026,033,3769,1287,2026-04-06,1654,L8,H,D
39.620827,-93.949718,026,033,3770,1287,2026-04-06,1654,L8,H,D
39.620836,-93.94867,026,033,3773,1287,2026-04-06,1654,L8,H,D
39.620839,-93.948321,026,033,3774,1287,2026-04-06,1654,L8,M,D
39.621072,-93.952868,026,033,3761,1286,2026-04-06,1654,L8,H,D
39.621075,-93.952518,026,033,3762,1286,2026-04-06,1654,L8,H,D
39.621078,-93.952169,026,033,3763,1286,2026-04-06,1654,L8,M,D
39.621086,-93.95112,026,033,3766,1286,2026-04-06,1654,L8,H,D
39.621089,-93.950771,026,033,3767,1286,2026-04-06,1654,L8,H,D
39.621095,-93.950072,026,033,3769,1286,2026-04-06,1654,L8,H,D
39.621098,-93.949722,026,033,3770,1286,2026-04-06,1654,L8,H,D
39.621101,-93.949373,026,033,3771,1286,2026-04-06,1654,L8,H,D
39.621103,-93.949023,026,033,3772,1286,2026-04-06,1654,L8,H,D
39.621106,-93.948674,026,033,3773,1286,2026-04-06,1654,L8,H,D
39.621109,-93.948324,026,033,3774,1286,2026-04-06,1654,L8,L,D
39.621345,-93.952522,026,033,3762,1285,2026-04-06,1654,L8,H,D
39.621357,-93.951124,026,033,3766,1285,2026-04-06,1654,L8,H,D
39.621359,-93.950774,026,033,3767,1285,2026-04-06,1654,L8,H,D
39.621365,-93.950075,026,033,3769,1285,2026-04-06,1654,L8,M,D
39.621368,-93.949726,026,033,3770,1285,2026-04-06,1654,L8,H,D
39.621371,-93.949376,026,033,3771,1285,2026-04-06,1654,L8,H,D
39.621374,-93.949027,026,033,3772,1285,2026-04-06,1654,L8,H,D
39.621377,-93.948677,026,033,3773,1285,2026-04-06,1654,L8,M,D
39.621624,-93.951477,026,033,3765,1284,2026-04-06,1654,L8,H,D
39.621627,-93.951128,026,033,3766,1284,2026-04-06,1654,L8,H,D
39.62163,-93.950778,026,033,3767,1284,2026-04-06,1654,L8,M,D
39.621638,-93.94973,026,033,3770,1284,2026-04-06,1654,L8,M,D
39.621889,-93.95218,026,033,3763,1283,2026-04-06,1654,L8,H,D
39.621891,-93.95183,026,033,3764,1283,2026-04-06,1654,L8,H,D
39.621894,-93.951481,026,033,3765,1283,2026-04-06,1654,L8,H,D
39.621897,-93.951131,026,033,3766,1283,2026-04-06,1654,L8,H,D
39.6219,-93.950782,026,033,3767,1283,2026-04-06,1654,L8,M,D
39.621914,-93.949034,026,033,3772,1283,2026-04-06,1654,L8,H,D
39.621917,-93.948685,026,033,3773,1283,2026-04-06,1654,L8,H,D
39.622159,-93.952183,026,033,3763,1282,2026-04-06,1654,L8,H,D
39.622162,-93.951834,026,033,3764,1282,2026-04-06,1654,L8,H,D
39.622165,-93.951484,026,033,3765,1282,2026-04-06,1654,L8,H,D
39.622167,-93.951135,026,033,3766,1282,2026-04-06,1654,L8,H,D
39.62217,-93.950785,026,033,3767,1282,2026-04-06,1654,L8,H,D
39.622173,-93.950436,026,033,3768,1282,2026-04-06,1654,L8,M,D
39.622185,-93.949038,026,033,3772,1282,2026-04-06,1654,L8,H,D
39.622187,-93.948689,026,033,3773,1282,2026-04-06,1654,L8,H,D
39.622432,-93.951838,026,033,3764,1281,2026-04-06,1654,L8,H,D
39.622435,-93.951488,026,033,3765,1281,2026-04-06,1654,L8,H,D
39.622438,-93.951139,026,033,3766,1281,2026-04-06,1654,L8,H,D
39.622441,-93.950789,026,033,3767,1281,2026-04-06,1654,L8,H,D
39.622443,-93.95044,026,033,3768,1281,2026-04-06,1654,L8,H,D
39.622455,-93.949042,026,033,3772,1281,2026-04-06,1654,L8,H,D
39.622458,-93.948692,026,033,3773,1281,2026-04-06,1654,L8,H,D
39.622705,-93.951492,026,033,3765,1280,2026-04-06,1654,L8,L,D
39.622708,-93.951142,026,033,3766,1280,2026-04-06,1654,L8,H,D
39.622711,-93.950793,026,033,3767,1280,2026-04-06,1654,L8,H,D
39.622714,-93.950443,026,033,3768,1280,2026-04-06,1654,L8,H,D
39.622725,-93.949045,026,033,3772,1280,2026-04-06,1654,L8,H,D
39.622728,-93.948696,026,033,3773,1280,2026-04-06,1654,L8,H,D
39.622975,-93.951496,026,033,3765,1279,2026-04-06,1654,L8,H,D
39.622978,-93.951146,026,033,3766,1279,2026-04-06,1654,L8,H,D
39.622981,-93.950797,026,033,3767,1279,2026-04-06,1654,L8,H,D
39.622984,-93.950447,026,033,3768,1279,2026-04-06,1654,L8,H,D
39.622995,-93.949049,026,033,3772,1279,2026-04-06,1654,L8,H,D
39.622998,-93.9487,026,033,3773,1279,2026-04-06,1654,L8,M,D
39.623243,-93.951849,026,033,3764,1278,2026-04-06,1654,L8,H,D
39.623246,-93.951499,026,033,3765,1278,2026-04-06,1654,L8,H,D
39.623248,-93.95115,026,033,3766,1278,2026-04-06,1654,L8,H,D
39.623251,-93.9508,026,033,3767,1278,2026-04-06,1654,L8,H,D
39.623266,-93.949053,026,033,3772,1278,2026-04-06,1654,L8,M,D
39.623536,-93.949056,026,033,3772,1277,2026-04-06,1654,L8,M,D
39.623806,-93.94906,026,033,3772,1276,2026-04-06,1654,L8,M,D
39.623809,-93.948711,026,033,3773,1276,2026-04-06,1654,L8,H,D
39.623931,-93.933682,026,033,3816,1276,2026-04-06,1654,L8,H,D
39.623934,-93.933333,026,033,3817,1276,2026-04-06,1654,L8,H,D
39.623936,-93.932983,026,033,3818,1276,2026-04-06,1654,L8,M,D
39.624074,-93.949413,026,033,3771,1275,2026-04-06,1654,L8,M,D
39.624076,-93.949064,026,033,3772,1275,2026-04-06,1654,L8,H,D
39.624079,-93.948714,026,033,3773,1275,2026-04-06,1654,L8,H,D
39.624082,-93.948365,026,033,3774,1275,2026-04-06,1654,L8,M,D
39.624201,-93.933686,026,033,3816,1275,2026-04-06,1654,L8,M,D
39.624204,-93.933336,026,033,3817,1275,2026-04-06,1654,L8,H,D
39.624207,-93.932987,026,033,3818,1275,2026-04-06,1654,L8,H,D
39.624341,-93.949767,026,033,3770,1274,2026-04-06,1654,L8,H,D
39.624344,-93.949417,026,033,3771,1274,2026-04-06,1654,L8,H,D
39.624347,-93.949068,026,033,3772,1274,2026-04-06,1654,L8,H,D
39.62435,-93.948718,026,033,3773,1274,2026-04-06,1654,L8,H,D
39.624352,-93.948369,026,033,3774,1274,2026-04-06,1654,L8,H,D
39.624614,-93.949421,026,033,3771,1273,2026-04-06,1654,L8,H,D
39.624617,-93.949071,026,033,3772,1273,2026-04-06,1654,L8,H,D
39.62462,-93.948722,026,033,3773,1273,2026-04-06,1654,L8,H,D
39.624623,-93.948372,026,033,3774,1273,2026-04-06,1654,L8,H,D
39.624626,-93.948023,026,033,3775,1273,2026-04-06,1654,L8,M,D
39.625817,-93.934407,026,033,3814,1269,2026-04-06,1654,L8,M,D
39.625826,-93.933358,026,033,3817,1269,2026-04-06,1654,L8,M,D
39.626085,-93.93476,026,033,3813,1268,2026-04-06,1654,L8,H,D
39.626087,-93.93441,026,033,3814,1268,2026-04-06,1654,L8,H,D
39.62609,-93.934061,026,033,3815,1268,2026-04-06,1654,L8,M,D
39.626355,-93.934764,026,033,3813,1267,2026-04-06,1654,L8,H,D
39.626358,-93.934414,026,033,3814,1267,2026-04-06,1654,L8,H,D
39.62636,-93.934065,026,033,3815,1267,2026-04-06,1654,L8,M,D
39.626628,-93.934418,026,033,3814,1266,2026-04-06,1654,L8,M,D
39.629989,-93.771215,026,033,4281,1258,2026-04-06,1654,L8,H,D
39.630259,-93.771218,026,033,4281,1257,2026-04-06,1654,L8,H,D
39.630529,-93.771221,026,033,4281,1256,2026-04-06,1654,L8,H,D
39.630683,-93.658311,026,033,4604,1258,2026-04-06,1654,L8,H,D
39.630952,-93.658663,026,033,4603,1257,2026-04-06,1654,L8,M,D
39.630954,-93.658313,026,033,4604,1257,2026-04-06,1654,L8,H,D
39.630956,-93.657964,026,033,4605,1257,2026-04-06,1654,L8,H,D
39.631226,-93.657966,026,033,4605,1256,2026-04-06,1654,L8,H,D
39.632025,-93.660071,026,033,4599,1253,2026-04-06,1654,L8,H,D
39.632027,-93.659722,026,033,4600,1253,2026-04-06,1654,L8,M,D
39.632293,-93.660423,026,033,4598,1252,2026-04-06,1654,L8,H,D
39.632295,-93.660074,026,033,4599,1252,2026-04-06,1654,L8,H,D
39.632297,-93.659724,026,033,4600,1252,2026-04-06,1654,L8,H,D
39.632299,-93.659375,026,033,4601,1252,2026-04-06,1654,L8,H,D
39.632563,-93.660426,026,033,4598,1251,2026-04-06,1654,L8,M,D
39.632565,-93.660076,026,033,4599,1251,2026-04-06,1654,L8,H,D
39.632567,-93.659727,026,033,4600,1251,2026-04-06,1654,L8,H,D
39.632569,-93.659377,026,033,4601,1251,2026-04-06,1654,L8,H,D
39.63284,-93.65938,026,033,4601,1250,2026-04-06,1654,L8,H,D
39.63311,-93.659383,026,033,4601,1249,2026-04-06,1654,L8,H,D
39.633376,-93.660084,026,033,4599,1248,2026-04-06,1654,L8,H,D
39.633378,-93.659735,026,033,4600,1248,2026-04-06,1654,L8,H,D
39.633643,-93.660786,026,033,4597,1247,2026-04-06,1654,L8,H,D
39.633645,-93.660436,026,033,4598,1247,2026-04-06,1654,L8,H,D
39.633647,-93.660087,026,033,4599,1247,2026-04-06,1654,L8,H,D
39.633649,-93.659737,026,033,4600,1247,2026-04-06,1654,L8,H,D
39.633651,-93.659388,026,033,4601,1247,2026-04-06,1654,L8,H,D
39.633917,-93.660089,026,033,4599,1246,2026-04-06,1654,L8,L,D
39.705042,-94.247972,026,033,2921,965,2026-04-06,1654,L8,H,D
39.705046,-94.247622,026,033,2922,965,2026-04-06,1654,L8,H,D
39.70505,-94.247272,026,033,2923,965,2026-04-06,1654,L8,H,D
39.705312,-94.247977,026,033,2921,964,2026-04-06,1654,L8,H,D
39.705316,-94.247627,026,033,2922,964,2026-04-06,1654,L8,H,D
39.741421,-94.28294,026,033,2823,829,2026-04-06,1654,L8,H,D
39.741425,-94.28259,026,033,2824,829,2026-04-06,1654,L8,L,D
39.741691,-94.282945,026,033,2823,828,2026-04-06,1654,L8,H,D
39.741695,-94.282595,026,033,2824,828,2026-04-06,1654,L8,H,D
39.759971,-94.615633,026,033,1874,745,2026-04-06,1654,L8,H,D
39.759975,-94.615283,026,033,1875,745,2026-04-06,1654,L8,M,D
39.760241,-94.615639,026,033,1874,744,2026-04-06,1654,L8,H,D
39.760246,-94.615289,026,033,1875,744,2026-04-06,1654,L8,H,D
39.823351,-94.37455,026,033,2566,522,2026-04-06,1654,L8,H,D
39.823355,-94.374199,026,033,2567,522,2026-04-06,1654,L8,H,D
39.831243,-94.172775,026,033,3142,501,2026-04-06,1654,L8,M,D
39.831513,-94.17278,026,033,3142,500,2026-04-06,1654,L8,M,D
32.197162,-94.821831,026,037,6143,7619,2026-04-06,1655,L8,M,D
32.226772,-95.060841,026,037,5394,7496,2026-04-06,1655,L8,L,D
32.252382,-95.08307,026,037,5326,7400,2026-04-06,1655,L8,H,D
32.254843,-95.064977,026,037,5383,7392,2026-04-06,1655,L8,H,D
32.260937,-95.089316,026,037,5307,7368,2026-04-06,1655,L8,L,D
32.261822,-94.896046,026,037,5914,7376,2026-04-06,1655,L8,H,D
32.261827,-94.895727,026,037,5915,7376,2026-04-06,1655,L8,H,D
32.278588,-95.197049,026,037,4970,7296,2026-04-06,1655,L8,H,D
32.278859,-95.197055,026,037,4970,7295,2026-04-06,1655,L8,H,D
32.285284,-95.039868,026,037,5464,7281,2026-04-06,1655,L8,L,D
32.304648,-95.160723,026,037,5086,7202,2026-04-06,1655,L8,H,D
32.304653,-95.160405,026,037,5087,7202,2026-04-06,1655,L8,H,D
32.304918,-95.16073,026,037,5086,7201,2026-04-06,1655,L8,H,D
32.304924,-95.160411,026,037,5087,7201,2026-04-06,1655,L8,H,D
32.305167,-95.16201,026,037,5082,7200,2026-04-06,1655,L8,H,D
32.305437,-95.162016,026,037,5082,7199,2026-04-06,1655,L8,H,D
32.311353,-95.459392,026,037,4149,7157,2026-04-06,1655,L8,H,D
32.311618,-95.459718,026,037,4148,7156,2026-04-06,1655,L8,H,D
32.311624,-95.459399,026,037,4149,7156,2026-04-06,1655,L8,H,D
32.311888,-95.459725,026,037,4148,7155,2026-04-06,1655,L8,H,D
32.311894,-95.459407,026,037,4149,7155,2026-04-06,1655,L8,H,D
32.312158,-95.459732,026,037,4148,7154,2026-04-06,1655,L8,H,D
32.312165,-95.459414,026,037,4149,7154,2026-04-06,1655,L8,H,D
32.312429,-95.45974,026,037,4148,7153,2026-04-06,1655,L8,H,D
32.341037,-95.335274,026,037,4541,7056,2026-04-06,1655,L8,H,D
32.341313,-95.334963,026,037,4542,7055,2026-04-06,1655,L8,H,D
32.347996,-95.467076,026,037,4128,7021,2026-04-06,1655,L8,L,D
32.348804,-95.453394,026,037,4171,7019,2026-04-06,1655,L8,L,D
32.349074,-95.453401,026,037,4171,7018,2026-04-06,1655,L8,H,D
32.351546,-94.938717,026,037,5786,7042,2026-04-06,1655,L8,H,D
32.351551,-94.938398,026,037,5787,7042,2026-04-06,1655,L8,H,D
32.351556,-94.938079,026,037,5788,7042,2026-04-06,1655,L8,L,D
32.351811,-94.939041,026,037,5785,7041,2026-04-06,1655,L8,H,D
32.351816,-94.938722,026,037,5786,7041,2026-04-06,1655,L8,H,D
32.351821,-94.938404,026,037,5787,7041,2026-04-06,1655,L8,H,D
32.351826,-94.938085,026,037,5788,7041,2026-04-06,1655,L8,H,D
32.352082,-94.939047,026,037,5785,7040,2026-04-06,1655,L8,H,D
32.352092,-94.93841,026,037,5787,7040,2026-04-06,1655,L8,H,D
32.352097,-94.938091,026,037,5788,7040,2026-04-06,1655,L8,H,D
32.352352,-94.939053,026,037,5785,7039,2026-04-06,1655,L8,H,D
32.352357,-94.938734,026,037,5786,7039,2026-04-06,1655,L8,H,D
32.352362,-94.938415,026,037,5787,7039,2026-04-06,1655,L8,H,D
32.361658,-95.346642,026,037,4507,6979,2026-04-06,1655,L8,H,D
32.36621,-95.597302,026,037,3721,6944,2026-04-06,1655,L8,H,D
32.366217,-95.596984,026,037,3722,6944,2026-04-06,1655,L8,M,D
32.36648,-95.59731,026,037,3721,6943,2026-04-06,1655,L8,H,D
32.366487,-95.596992,026,037,3722,6943,2026-04-06,1655,L8,L,D
32.373415,-95.368943,026,037,4438,6934,2026-04-06,1655,L8,H,D
32.373421,-95.368624,026,037,4439,6934,2026-04-06,1655,L8,H,D
32.373685,-95.36895,026,037,4438,6933,2026-04-06,1655,L8,H,D
32.378569,-96.036591,026,037,2344,6862,2026-04-06,1655,L8,H,D
32.386441,-96.167226,026,037,1935,6821,2026-04-06,1655,L8,L,D
32.386449,-96.166907,026,037,1936,6821,2026-04-06,1655,L8,H,D
32.388842,-96.014302,026,037,2415,6826,2026-04-06,1655,L8,H,D
32.389112,-96.014311,026,037,2415,6825,2026-04-06,1655,L8,H,D
32.393943,-96.038381,026,037,2340,6805,2026-04-06,1655,L8,H,D
32.394213,-96.03839,026,037,2340,6804,2026-04-06,1655,L8,L,D
32.4028,-96.14038,026,037,2021,6763,2026-04-06,1655,L8,H,D
32.40307,-96.140389,026,037,2021,6762,2026-04-06,1655,L8,H,D
32.40944,-95.308332,026,037,4631,6805,2026-04-06,1655,L8,H,D
32.40971,-95.308339,026,037,4631,6804,2026-04-06,1655,L8,L,D
32.412006,-95.832043,026,037,2989,6756,2026-04-06,1655,L8,H,D
32.42022,-95.439698,026,037,4220,6756,2026-04-06,1655,L8,H,D
32.420226,-95.439379,026,037,4221,6756,2026-04-06,1655,L8,H,D
32.420529,-95.825931,026,037,3009,6725,2026-04-06,1655,L8,H,D
32.420536,-95.825613,026,037,3010,6725,2026-04-06,1655,L8,H,D
32.420799,-95.82594,026,037,3009,6724,2026-04-06,1655,L8,H,D
32.420807,-95.825621,026,037,3010,6724,2026-04-06,1655,L8,L,D
32.423699,-95.981659,026,037,2521,6700,2026-04-06,1655,L8,H,D
32.433219,-96.365622,026,037,1318,6629,2026-04-06,1655,L8,H,D
32.433228,-96.365303,026,037,1319,6629,2026-04-06,1655,L8,H,D
32.434495,-95.193167,026,037,4994,6720,2026-04-06,1655,L8,H,D
32.434765,-95.193173,026,037,4994,6719,2026-04-06,1655,L8,H,D
32.445125,-95.043781,026,037,5463,6690,2026-04-06,1655,L8,H,D
32.44573,-95.700711,026,037,3404,6642,2026-04-06,1655,L8,H,D
32.446,-95.700719,026,037,3404,6641,2026-04-06,1655,L8,H,D
32.450907,-95.951931,026,037,2617,6602,2026-04-06,1655,L8,L,D
32.451177,-95.95194,026,037,2617,6601,2026-04-06,1655,L8,H,D
32.477033,-94.977153,026,037,5674,6576,2026-04-06,1655,L8,H,D
32.482053,-95.646265,026,037,3578,6512,2026-04-06,1655,L8,L,D
32.482323,-95.646273,026,037,3578,6511,2026-04-06,1655,L8,H,D
32.483348,-95.039218,026,037,5480,6549,2026-04-06,1655,L8,H,D
32.488105,-95.536327,026,037,3923,6498,2026-04-06,1655,L8,L,D
32.492196,-95.690928,026,037,3439,6471,2026-04-06,1655,L8,H,D
32.492466,-95.690936,026,037,3439,6470,2026-04-06,1655,L8,H,D
32.499031,-95.169192,026,037,5074,6483,2026-04-06,1655,L8,M,D
32.499301,-95.169198,026,037,5074,6482,2026-04-06,1655,L8,H,D
32.500156,-95.698188,026,037,3417,6441,2026-04-06,1655,L8,L,D
32.500426,-95.698196,026,037,3417,6440,2026-04-06,1655,L8,L,D
32.500724,-95.696928,026,037,3421,6439,2026-04-06,1655,L8,L,D
32.500983,-95.473801,026,037,4120,6455,2026-04-06,1655,L8,H,D
32.500994,-95.696936,026,037,3421,6438,2026-04-06,1655,L8,H,D
32.501001,-95.696617,026,037,3422,6438,2026-04-06,1655,L8,H,D
32.501247,-95.474127,026,037,4119,6454,2026-04-06,1655,L8,H,D
32.501253,-95.473808,026,037,4120,6454,2026-04-06,1655,L8,H,D
32.502248,-94.86755,026,037,6019,6489,2026-04-06,1655,L8,H,D
32.502518,-94.867556,026,037,6019,6488,2026-04-06,1655,L8,H,D
32.502789,-94.867562,026,037,6019,6487,2026-04-06,1655,L8,H,D
32.503746,-96.347505,026,037,1383,6370,2026-04-06,1655,L8,L,D
32.504303,-96.346888,026,037,1385,6368,2026-04-06,1655,L8,H,D
32.50433,-95.509647,026,037,4008,6440,2026-04-06,1655,L8,H,D
32.504337,-95.509328,026,037,4009,6440,2026-04-06,1655,L8,H,D
32.504607,-95.509336,026,037,4009,6439,2026-04-06,1655,L8,H,D
32.517161,-95.378456,026,037,4420,6402,2026-04-06,1655,L8,H,D
32.517431,-95.378463,026,037,4420,6401,2026-04-06,1655,L8,L,D
32.518931,-95.840502,026,037,2973,6360,2026-04-06,1655,L8,L,D
32.51947,-96.446079,026,037,1076,6302,2026-04-06,1655,L8,L,D
32.51986,-96.361829,026,037,1340,6309,2026-04-06,1655,L8,H,D
32.519868,-96.36151,026,037,1341,6309,2026-04-06,1655,L8,H,D
32.519913,-95.68505,026,037,3460,6369,2026-04-06,1655,L8,L,D
32.526035,-95.323445,026,037,4593,6373,2026-04-06,1655,L8,H,D
32.526299,-95.323771,026,037,4592,6372,2026-04-06,1655,L8,L,D
32.526305,-95.323452,026,037,4593,6372,2026-04-06,1655,L8,H,D
32.526311,-95.323133,026,037,4594,6372,2026-04-06,1655,L8,L,D
32.528088,-96.316805,026,037,1482,6283,2026-04-06,1655,L8,H,D
32.529475,-95.852648,026,037,2936,6320,2026-04-06,1655,L8,H,D
32.533404,-95.543668,026,037,3904,6330,2026-04-06,1655,L8,L,D
32.545679,-96.721638,026,037,216,6176,2026-04-06,1655,L8,L,D
32.547982,-96.670973,026,037,375,6173,2026-04-06,1655,L8,L,D
32.549018,-95.920332,026,037,2726,6242,2026-04-06,1655,L8,L,D
32.559689,-95.796112,026,037,3116,6213,2026-04-06,1655,L8,H,D
32.559959,-95.796121,026,037,3116,6212,2026-04-06,1655,L8,L,D
32.562981,-96.739914,026,037,161,6110,2026-04-06,1655,L8,L,D
32.563251,-96.739925,026,037,161,6109,2026-04-06,1655,L8,H,D
32.563261,-96.739606,026,037,162,6109,2026-04-06,1655,L8,L,D
32.567981,-95.82448,026,037,3028,6180,2026-04-06,1655,L8,L,D
32.572567,-95.689494,026,037,3451,6174,2026-04-06,1655,L8,H,D
32.576196,-94.968462,026,037,5708,6210,2026-04-06,1655,L8,H,D
32.57621,-95.553822,026,037,3876,6171,2026-04-06,1655,L8,L,D
32.576481,-95.55383,026,037,3876,6170,2026-04-06,1655,L8,H,D
32.576487,-95.55351,026,037,3877,6170,2026-04-06,1655,L8,H,D
32.591529,-95.738309,026,037,3300,6100,2026-04-06,1655,L8,H,D
32.591792,-95.738637,026,037,3299,6099,2026-04-06,1655,L8,H,D
32.591799,-95.738317,026,037,3300,6099,2026-04-06,1655,L8,H,D
32.591806,-95.737998,026,037,3301,6099,2026-04-06,1655,L8,H,D
32.591813,-95.737679,026,037,3302,6099,2026-04-06,1655,L8,H,D
32.59182,-95.737359,026,037,3303,6099,2026-04-06,1655,L8,L,D
32.592076,-95.738006,026,037,3301,6098,2026-04-06,1655,L8,H,D
32.592083,-95.737687,026,037,3302,6098,2026-04-06,1655,L8,H,D
32.59209,-95.737368,026,037,3303,6098,2026-04-06,1655,L8,H,D
32.592347,-95.738015,026,037,3301,6097,2026-04-06,1655,L8,H,D
32.592354,-95.737695,026,037,3302,6097,2026-04-06,1655,L8,H,D
32.596888,-95.534596,026,037,3938,6096,2026-04-06,1655,L8,H,D
32.598021,-95.532071,026,037,3946,6092,2026-04-06,1655,L8,H,D
32.598257,-95.954521,026,037,2624,6057,2026-04-06,1655,L8,H,D
32.598265,-95.954202,026,037,2625,6057,2026-04-06,1655,L8,L,D
32.598292,-95.532079,026,037,3946,6091,2026-04-06,1655,L8,H,D
32.600787,-95.772464,026,037,3194,6063,2026-04-06,1655,L8,M,D
32.601008,-95.774708,026,037,3187,6062,2026-04-06,1655,L8,L,D
32.601058,-95.772472,026,037,3194,6062,2026-04-06,1655,L8,H,D
32.605574,-96.186105,026,037,1900,6009,2026-04-06,1655,L8,H,D
32.612262,-95.667349,026,037,3524,6029,2026-04-06,1655,L8,M,D
32.612532,-95.667357,026,037,3524,6028,2026-04-06,1655,L8,H,D
32.614598,-95.568336,026,037,3834,6028,2026-04-06,1655,L8,H,D
32.614767,-96.01099,026,037,2449,5991,2026-04-06,1655,L8,H,D
32.614868,-95.568344,026,037,3834,6027,2026-04-06,1655,L8,H,D
32.614875,-95.568024,026,037,3835,6027,2026-04-06,1655,L8,H,D
32.615037,-96.010999,026,037,2449,5990,2026-04-06,1655,L8,L,D
32.623896,-95.576593,026,037,3809,5993,2026-04-06,1655,L8,H,D
32.626575,-96.037274,026,037,2368,5945,2026-04-06,1655,L8,L,D
32.626582,-96.036955,026,037,2369,5945,2026-04-06,1655,L8,H,D
32.631181,-96.345216,026,037,1405,5899,2026-04-06,1655,L8,L,D
32.632666,-95.407405,026,037,4339,5973,2026-04-06,1655,L8,L,D
32.632937,-95.407412,026,037,4339,5972,2026-04-06,1655,L8,H,D
32.64269,-95.335091,026,037,4566,5941,2026-04-06,1655,L8,H,D
32.64296,-95.335098,026,037,4566,5940,2026-04-06,1655,L8,H,D
32.645921,-95.421509,026,037,4296,5923,2026-04-06,1655,L8,H,D
32.647413,-96.157221,026,037,1995,5857,2026-04-06,1655,L8,H,D
32.647421,-96.156901,026,037,1996,5857,2026-04-06,1655,L8,H,D
32.647684,-96.15723,026,037,1995,5856,2026-04-06,1655,L8,L,D
32.647692,-96.156911,026,037,1996,5856,2026-04-06,1655,L8,H,D
32.650472,-95.676797,026,037,3498,5887,2026-04-06,1655,L8,H,D
32.65965,-96.281059,026,037,1609,5800,2026-04-06,1655,L8,H,D
32.677582,-95.122316,026,037,5234,5826,2026-04-06,1655,L8,L,D
32.677853,-95.122323,026,037,5234,5825,2026-04-06,1655,L8,L,D
32.682074,-94.703638,026,037,6543,5833,2026-04-06,1655,L8,M,D
32.690193,-94.962642,026,037,5734,5789,2026-04-06,1655,L8,H,D
32.692126,-95.751934,026,037,3267,5727,2026-04-06,1655,L8,L,D
32.692133,-95.751615,026,037,3268,5727,2026-04-06,1655,L8,H,D
32.692403,-95.751623,026,037,3268,5726,2026-04-06,1655,L8,H,D
32.692901,-95.753558,026,037,3262,5724,2026-04-06,1655,L8,H,D
32.692908,-95.753238,026,037,3263,5724,2026-04-06,1655,L8,L,D
32.699804,-95.198675,026,037,4997,5739,2026-04-06,1655,L8,H,D
32.70415,-95.003907,026,037,5606,5735,2026-04-06,1655,L8,L,D
32.704421,-95.003913,026,037,5606,5734,2026-04-06,1655,L8,H,D
32.704426,-95.003594,026,037,5607,5734,2026-04-06,1655,L8,H,D
32.705503,-95.003938,026,037,5606,5730,2026-04-06,1655,L8,H,D
32.705508,-95.003618,026,037,5607,5730,2026-04-06,1655,L8,H,D
32.706559,-96.675862,026,037,380,5586,2026-04-06,1655,L8,H,D
32.706829,-96.675873,026,037,380,5585,2026-04-06,1655,L8,H,D
32.709834,-96.027938,026,037,2406,5638,2026-04-06,1655,L8,M,D
32.709841,-96.027619,026,037,2407,5638,2026-04-06,1655,L8,H,D
32.710104,-96.027947,026,037,2406,5637,2026-04-06,1655,L8,H,D
32.710112,-96.027628,026,037,2407,5637,2026-04-06,1655,L8,H,D
32.719026,-96.137989,026,037,2063,5594,2026-04-06,1655,L8,L,D
32.724,-96.00122,026,037,2491,5588,2026-04-06,1655,L8,H,D
32.72427,-96.001229,026,037,2491,5587,2026-04-06,1655,L8,H,D
32.724857,-95.999329,026,037,2497,5585,2026-04-06,1655,L8,L,D
32.729119,-95.146262,026,037,5163,5634,2026-04-06,1655,L8,H,D
32.729125,-95.145942,026,037,5164,5634,2026-04-06,1655,L8,L,D
32.72939,-95.146269,026,037,5163,5633,2026-04-06,1655,L8,H,D
32.729395,-95.145949,026,037,5164,5633,2026-04-06,1655,L8,H,D
32.738,-96.252892,026,037,1706,5513,2026-04-06,1655,L8,H,D
32.738262,-96.253221,026,037,1705,5512,2026-04-06,1655,L8,H,D
32.73827,-96.252902,026,037,1706,5512,2026-04-06,1655,L8,H,D
32.739892,-96.25296,026,037,1706,5506,2026-04-06,1655,L8,H,D
32.7399,-96.252641,026,037,1707,5506,2026-04-06,1655,L8,H,D
32.74017,-96.252651,026,037,1707,5505,2026-04-06,1655,L8,L,D
32.742301,-95.925025,026,037,2731,5527,2026-04-06,1655,L8,L,D
32.745194,-95.292626,026,037,4707,5565,2026-04-06,1655,L8,H,D
32.745199,-95.292306,026,037,4708,5565,2026-04-06,1655,L8,M,D
32.745464,-95.292633,026,037,4707,5564,2026-04-06,1655,L8,H,D
32.74547,-95.292313,026,037,4708,5564,2026-04-06,1655,L8,H,D
32.750671,-95.318377,026,037,4627,5543,2026-04-06,1655,L8,H,D
32.750677,-95.318057,026,037,4628,5543,2026-04-06,1655,L8,H,D
32.750942,-95.318384,026,037,4627,5542,2026-04-06,1655,L8,H,D
32.750948,-95.318064,026,037,4628,5542,2026-04-06,1655,L8,H,D
32.763674,-94.826878,026,037,6163,5525,2026-04-06,1655,L8,L,D
32.764646,-95.750643,026,037,3278,5459,2026-04-06,1655,L8,H,D
32.773561,-95.219701,026,037,4937,5465,2026-04-06,1655,L8,L,D
32.779485,-95.63935,026,037,3627,5413,2026-04-06,1655,L8,L,D
32.779491,-95.63903,026,037,3628,5413,2026-04-06,1655,L8,H,D
32.779741,-95.639998,026,037,3625,5412,2026-04-06,1655,L8,H,D
32.781114,-95.029652,026,037,5531,5449,2026-04-06,1655,L8,H,D
32.781119,-95.029332,026,037,5532,5449,2026-04-06,1655,L8,L,D
32.781384,-95.029658,026,037,5531,5448,2026-04-06,1655,L8,H,D
32.794691,-95.571582,026,037,3840,5362,2026-04-06,1655,L8,L,D
32.794961,-95.57159,026,037,3840,5361,2026-04-06,1655,L8,L,D
32.798369,-96.291914,026,037,1591,5286,2026-04-06,1655,L8,H,D
32.798378,-96.291594,026,037,1592,5286,2026-04-06,1655,L8,H,D
32.798639,-96.291923,026,037,1591,5285,2026-04-06,1655,L8,H,D
32.798648,-96.291604,026,037,1592,5285,2026-04-06,1655,L8,H,D
32.80605,-95.108707,026,037,5286,5352,2026-04-06,1655,L8,H,D
32.806056,-95.108386,026,037,5287,5352,2026-04-06,1655,L8,L,D
32.80631,-95.109354,026,037,5284,5351,2026-04-06,1655,L8,M,D
32.806321,-95.108713,026,037,5286,5351,2026-04-06,1655,L8,H,D
32.80658,-95.10936,026,037,5284,5350,2026-04-06,1655,L8,H,D
32.807121,-95.109373,026,037,5284,5348,2026-04-06,1655,L8,H,D
32.807127,-95.109052,026,037,5285,5348,2026-04-06,1655,L8,M,D
32.807392,-95.109379,026,037,5284,5347,2026-04-06,1655,L8,H,D
32.819213,-95.283633,026,037,4741,5292,2026-04-06,1655,L8,L,D
32.819219,-95.283313,026,037,4742,5292,2026-04-06,1655,L8,L,D
32.829234,-96.490035,026,037,976,5152,2026-04-06,1655,L8,L,D
32.82987,-95.277818,026,037,4760,5253,2026-04-06,1655,L8,L,D
32.829875,-95.277497,026,037,4761,5253,2026-04-06,1655,L8,L,D
32.834286,-96.493115,026,037,967,5133,2026-04-06,1655,L8,H,D
32.840864,-94.745448,026,037,6422,5244,2026-04-06,1655,L8,H,D
32.841135,-94.745453,026,037,6422,5243,2026-04-06,1655,L8,H,D
32.841139,-94.745132,026,037,6423,5243,2026-04-06,1655,L8,L,D
32.846909,-95.322159,026,037,4623,5187,2026-04-06,1655,L8,H,D
32.847077,-96.13288,026,037,2093,5121,2026-04-06,1655,L8,H,D
32.847179,-95.322167,026,037,4623,5186,2026-04-06,1655,L8,H,D
32.847185,-95.321846,026,037,4624,5186,2026-04-06,1655,L8,H,D
32.86864,-95.829814,026,037,3041,5068,2026-04-06,1655,L8,H,D
32.86891,-95.829822,026,037,3041,5067,2026-04-06,1655,L8,H,D
32.868939,-95.828541,026,037,3045,5067,2026-04-06,1655,L8,L,D
32.86921,-95.82855,026,037,3045,5066,2026-04-06,1655,L8,L,D
32.886887,-95.339875,026,037,4571,5038,2026-04-06,1655,L8,H,D
32.887151,-95.340202,026,037,4570,5037,2026-04-06,1655,L8,H,D
32.887157,-95.339882,026,037,4571,5037,2026-04-06,1655,L8,H,D
32.887422,-95.340209,026,037,4570,5036,2026-04-06,1655,L8,H,D
32.89701,-96.136882,026,037,2086,4936,2026-04-06,1655,L8,L,D
32.897018,-96.136562,026,037,2087,4936,2026-04-06,1655,L8,L,D
32.89728,-96.136892,026,037,2086,4935,2026-04-06,1655,L8,H,D
32.897288,-96.136571,026,037,2087,4935,2026-04-06,1655,L8,H,D
32.904856,-96.015969,026,037,2464,4918,2026-04-06,1655,L8,L,D
32.904864,-96.015648,026,037,2465,4918,2026-04-06,1655,L8,H,D
32.90573,-95.164947,026,037,5118,4980,2026-04-06,1655,L8,H,D
32.905736,-95.164626,026,037,5119,4980,2026-04-06,1655,L8,H,D
32.909376,-95.737477,026,037,3333,4925,2026-04-06,1655,L8,H,D
32.909647,-95.737485,026,037,3333,4924,2026-04-06,1655,L8,H,D
32.909654,-95.737165,026,037,3334,4924,2026-04-06,1655,L8,L,D
32.909861,-95.740057,026,037,3325,4923,2026-04-06,1655,L8,H,D
32.910082,-95.742309,026,037,3318,4922,2026-04-06,1655,L8,L,D
32.910124,-95.740386,026,037,3324,4922,2026-04-06,1655,L8,H,D
32.910131,-95.740065,026,037,3325,4922,2026-04-06,1655,L8,H,D
32.910338,-95.742958,026,037,3316,4921,2026-04-06,1655,L8,L,D
32.910345,-95.742637,026,037,3317,4921,2026-04-06,1655,L8,L,D
32.910352,-95.742317,026,037,3318,4921,2026-04-06,1655,L8,H,D
32.910359,-95.741997,026,037,3319,4921,2026-04-06,1655,L8,H,D
32.910366,-95.741676,026,037,3320,4921,2026-04-06,1655,L8,H,D
32.910373,-95.741356,026,037,3321,4921,2026-04-06,1655,L8,H,D
32.910728,-95.737519,026,037,3333,4920,2026-04-06,1655,L8,L,D
32.910735,-95.737198,026,037,3334,4920,2026-04-06,1655,L8,L,D
32.911012,-95.736886,026,037,3335,4919,2026-04-06,1655,L8,H,D
32.912919,-95.504123,026,037,4061,4930,2026-04-06,1655,L8,L,D
32.912975,-95.554795,026,037,3903,4926,2026-04-06,1655,L8,H,D
32.924412,-96.291127,026,037,1608,4820,2026-04-06,1655,L8,H,D
32.926225,-94.716324,026,037,6518,4930,2026-04-06,1655,L8,H,D
32.926229,-94.716003,026,037,6519,4930,2026-04-06,1655,L8,H,D
32.929372,-96.204407,026,037,1879,4810,2026-04-06,1655,L8,L,D
32.929634,-96.204737,026,037,1878,4809,2026-04-06,1655,L8,L,D
32.929642,-96.204417,026,037,1879,4809,2026-04-06,1655,L8,H,D
32.92965,-96.204096,026,037,1880,4809,2026-04-06,1655,L8,H,D
32.929912,-96.204427,026,037,1879,4808,2026-04-06,1655,L8,H,D
32.933294,-96.188514,026,037,1929,4797,2026-04-06,1655,L8,L,D
32.933565,-96.188524,026,037,1929,4796,2026-04-06,1655,L8,H,D
32.933835,-96.188533,026,037,1929,4795,2026-04-06,1655,L8,H,D
32.934654,-96.188242,026,037,1930,4792,2026-04-06,1655,L8,L,D
32.939231,-96.070378,026,037,2298,4786,2026-04-06,1655,L8,L,D
32.951678,-95.347036,026,037,4554,4798,2026-04-06,1655,L8,L,D
32.956232,-95.106812,026,037,5303,4797,2026-04-06,1655,L8,H,D
32.962316,-96.258529,026,037,1714,4683,2026-04-06,1655,L8,L,D
32.977873,-95.041847,026,037,5507,4721,2026-04-06,1655,L8,H,D
32.978143,-95.041853,026,037,5507,4720,2026-04-06,1655,L8,L,D
32.991923,-94.975716,026,037,5714,4673,2026-04-06,1655,L8,H,D
32.992194,-94.975722,026,037,5714,4672,2026-04-06,1655,L8,H,D
32.992304,-95.133352,026,037,5223,4662,2026-04-06,1655,L8,H,D
32.992575,-95.133358,026,037,5223,4661,2026-04-06,1655,L8,H,D
33.005161,-95.583775,026,037,3821,4583,2026-04-06,1655,L8,H,D
33.005167,-95.583455,026,037,3822,4583,2026-04-06,1655,L8,H,D
33.005431,-95.583783,026,037,3821,4582,2026-04-06,1655,L8,H,D
33.010857,-96.027921,026,037,2438,4525,2026-04-06,1655,L8,L,D
33.014947,-96.210391,026,037,1870,4493,2026-04-06,1655,L8,H,D
33.014955,-96.21007,026,037,1871,4493,2026-04-06,1655,L8,H,D
33.014964,-96.20975,026,037,1872,4493,2026-04-06,1655,L8,H,D
33.015217,-96.210401,026,037,1870,4492,2026-04-06,1655,L8,H,D
33.015225,-96.21008,026,037,1871,4492,2026-04-06,1655,L8,H,D
33.015234,-96.209759,026,037,1872,4492,2026-04-06,1655,L8,H,D
33.015496,-96.21009,026,037,1871,4491,2026-04-06,1655,L8,H,D
33.015504,-96.209769,026,037,1872,4491,2026-04-06,1655,L8,H,D
33.01962,-95.693042,026,037,3482,4521,2026-04-06,1655,L8,L,D
33.019627,-95.692721,026,037,3483,4521,2026-04-06,1655,L8,M,D
33.023211,-95.763789,026,037,3262,4502,2026-04-06,1655,L8,H,D
33.038753,-95.377285,026,037,4467,4474,2026-04-06,1655,L8,H,D
33.038759,-95.376964,026,037,4468,4474,2026-04-06,1655,L8,L,D
33.039029,-95.376972,026,037,4468,4473,2026-04-06,1655,L8,L,D
33.042549,-95.446763,026,037,4251,4455,2026-04-06,1655,L8,M,D
33.042555,-95.446442,026,037,4252,4455,2026-04-06,1655,L8,L,D
33.04811,-95.296592,026,037,4719,4445,2026-04-06,1655,L8,H,D
33.048381,-95.296599,026,037,4719,4444,2026-04-06,1655,L8,H,D
33.048945,-95.295329,026,037,4723,4442,2026-04-06,1655,L8,L,D
33.048951,-95.295008,026,037,4724,4442,2026-04-06,1655,L8,H,D
33.049524,-95.141155,026,037,5203,4450,2026-04-06,1655,L8,H,D
33.049742,-94.997567,026,037,5650,4458,2026-04-06,1655,L8,H,D
33.049747,-94.997245,026,037,5651,4458,2026-04-06,1655,L8,L,D
33.049794,-95.141162,026,037,5203,4449,2026-04-06,1655,L8,H,D
33.050013,-94.997573,026,037,5650,4457,2026-04-06,1655,L8,H,D
33.053709,-95.344601,026,037,4570,4421,2026-04-06,1655,L8,L,D
33.054726,-94.849895,026,037,6110,4448,2026-04-06,1655,L8,L,D
33.054996,-94.849901,026,037,6110,4447,2026-04-06,1655,L8,H,D
33.068327,-95.497273,026,037,4096,4356,2026-04-06,1655,L8,L,D
33.090223,-95.862601,026,037,2961,4246,2026-04-06,1655,L8,L,D
33.09023,-95.86228,026,037,2962,4246,2026-04-06,1655,L8,L,D
33.096823,-95.492616,026,037,4113,4251,2026-04-06,1655,L8,L,D
33.097093,-95.492624,026,037,4113,4250,2026-04-06,1655,L8,H,D
33.118003,-95.658757,026,037,3598,4160,2026-04-06,1655,L8,H,D
33.11803,-95.657472,026,037,3602,4160,2026-04-06,1655,L8,H,D
33.118273,-95.658765,026,037,3598,4159,2026-04-06,1655,L8,H,D
33.118293,-95.657801,026,037,3601,4159,2026-04-06,1655,L8,H,D
33.131483,-96.294019,026,037,1623,4054,2026-04-06,1655,L8,H,D
33.137749,-95.231722,026,037,4928,4118,2026-04-06,1655,L8,H,D
33.137755,-95.231401,026,037,4929,4118,2026-04-06,1655,L8,H,D
33.137761,-95.23108,026,037,4930,4118,2026-04-06,1655,L8,H,D
33.13802,-95.231729,026,037,4928,4117,2026-04-06,1655,L8,L,D
33.138026,-95.231408,026,037,4929,4117,2026-04-06,1655,L8,H,D
33.138031,-95.231087,026,037,4930,4117,2026-04-06,1655,L8,H,D
33.138037,-95.230765,026,037,4931,4117,2026-04-06,1655,L8,H,D
33.138043,-95.230444,026,037,4932,4117,2026-04-06,1655,L8,H,D
33.138049,-95.230122,026,037,4933,4117,2026-04-06,1655,L8,H,D
33.138296,-95.231415,026,037,4929,4116,2026-04-06,1655,L8,H,D
33.138302,-95.231093,026,037,4930,4116,2026-04-06,1655,L8,H,D
33.138307,-95.230772,026,037,4931,4116,2026-04-06,1655,L8,H,D
33.138313,-95.230451,026,037,4932,4116,2026-04-06,1655,L8,H,D
33.138319,-95.230129,026,037,4933,4116,2026-04-06,1655,L8,L,D
33.175993,-95.343994,026,037,4582,3969,2026-04-06,1655,L8,L,D
33.198231,-95.207837,026,037,5007,3896,2026-04-06,1655,L8,H,D
33.217567,-96.176274,026,037,1999,3747,2026-04-06,1655,L8,M,D
33.217575,-96.175953,026,037,2000,3747,2026-04-06,1655,L8,L,D
33.217837,-96.176284,026,037,1999,3746,2026-04-06,1655,L8,H,D
33.217846,-96.175962,026,037,2000,3746,2026-04-06,1655,L8,L,D
33.257205,-95.016767,026,037,5605,3690,2026-04-06,1655,L8,H,D
33.257211,-95.016445,026,037,5606,3690,2026-04-06,1655,L8,H,D
33.25746,-95.017739,026,037,5602,3689,2026-04-06,1655,L8,H,D
33.257471,-95.017095,026,037,5604,3689,2026-04-06,1655,L8,H,D
33.257476,-95.016773,026,037,5605,3689,2026-04-06,1655,L8,H,D
33.257481,-95.016451,026,037,5606,3689,2026-04-06,1655,L8,H,D
33.257715,-95.018711,026,037,5599,3688,2026-04-06,1655,L8,H,D
33.25772,-95.018389,026,037,5600,3688,2026-04-06,1655,L8,H,D
33.257725,-95.018067,026,037,5601,3688,2026-04-06,1655,L8,H,D
33.257731,-95.017745,026,037,5602,3688,2026-04-06,1655,L8,H,D
33.257985,-95.018717,026,037,5599,3687,2026-04-06,1655,L8,H,D
33.257991,-95.018395,026,037,5600,3687,2026-04-06,1655,L8,H,D
33.258394,-95.865181,026,037,2970,3624,2026-04-06,1655,L8,M,D
33.258664,-95.865189,026,037,2970,3623,2026-04-06,1655,L8,H,D
33.258672,-95.864868,026,037,2971,3623,2026-04-06,1655,L8,H,D
33.258935,-95.865198,026,037,2970,3622,2026-04-06,1655,L8,H,D
33.258942,-95.864877,026,037,2971,3622,2026-04-06,1655,L8,H,D
33.25895,-95.864555,026,037,2972,3622,2026-04-06,1655,L8,L,D
33.26063,-95.862034,026,037,2980,3616,2026-04-06,1655,L8,L,D
33.260901,-95.862043,026,037,2980,3615,2026-04-06,1655,L8,L,D
33.268044,-95.724796,026,037,3407,3600,2026-04-06,1655,L8,H,D
33.27225,-96.49631,026,037,1011,3513,2026-04-06,1655,L8,H,D
33.272259,-96.495989,026,037,1012,3513,2026-04-06,1655,L8,H,D
33.288532,-96.193013,026,037,1955,3483,2026-04-06,1655,L8,L,D
33.301491,-96.4466,026,037,1169,3410,2026-04-06,1655,L8,H,D
33.301762,-96.446611,026,037,1169,3409,2026-04-06,1655,L8,L,D
33.308127,-95.449648,026,037,4265,3473,2026-04-06,1655,L8,H,D
33.308133,-95.449326,026,037,4266,3473,2026-04-06,1655,L8,H,D
33.309478,-95.449686,026,037,4265,3468,2026-04-06,1655,L8,H,D
33.309749,-95.449694,026,037,4265,3467,2026-04-06,1655,L8,H,D
33.312821,-95.827017,026,037,3094,3426,2026-04-06,1655,L8,L,D
33.313091,-95.827026,026,037,3094,3425,2026-04-06,1655,L8,H,D
33.313822,-95.806755,026,037,3157,3424,2026-04-06,1655,L8,L,D
33.314084,-95.807086,026,037,3156,3423,2026-04-06,1655,L8,L,D
33.314092,-95.806764,026,037,3157,3423,2026-04-06,1655,L8,H,D
33.325228,-95.593187,026,037,3821,3399,2026-04-06,1655,L8,H,D
33.325755,-95.593847,026,037,3819,3397,2026-04-06,1655,L8,H,D
33.326019,-95.594177,026,037,3818,3396,2026-04-06,1655,L8,H,D
33.326026,-95.593855,026,037,3819,3396,2026-04-06,1655,L8,H,D
33.326032,-95.593533,026,037,3820,3396,2026-04-06,1655,L8,L,D
33.326039,-95.593211,026,037,3821,3396,2026-04-06,1655,L8,H,D
33.326296,-95.593863,026,037,3819,3395,2026-04-06,1655,L8,L,D
33.326303,-95.593541,026,037,3820,3395,2026-04-06,1655,L8,M,D
33.326309,-95.593219,026,037,3821,3395,2026-04-06,1655,L8,H,D
33.332459,-95.352367,026,037,4569,3390,2026-04-06,1655,L8,H,D
33.332724,-95.352696,026,037,4568,3389,2026-04-06,1655,L8,L,D
33.33273,-95.352374,026,037,4569,3389,2026-04-06,1655,L8,H,D
33.344026,-94.897894,026,037,5980,3376,2026-04-06,1655,L8,H,D
33.344297,-94.8979,026,037,5980,3375,2026-04-06,1655,L8,H,D
33.344302,-94.897578,026,037,5981,3375,2026-04-06,1655,L8,H,D
33.344692,-95.979178,026,037,2625,3295,2026-04-06,1655,L8,H,D
33.3447,-95.978856,026,037,2626,3295,2026-04-06,1655,L8,H,D
33.349141,-96.345699,026,037,1488,3244,2026-04-06,1655,L8,L,D
33.349402,-96.346031,026,037,1487,3243,2026-04-06,1655,L8,H,D
33.349411,-96.345709,026,037,1488,3243,2026-04-06,1655,L8,H,D
33.349942,-96.346052,026,037,1487,3241,2026-04-06,1655,L8,L,D
33.350204,-96.346384,026,037,1486,3240,2026-04-06,1655,L8,L,D
33.350213,-96.346062,026,037,1487,3240,2026-04-06,1655,L8,L,D
33.350483,-96.346073,026,037,1487,3239,2026-04-06,1655,L8,H,D
33.350753,-96.346083,026,037,1487,3238,2026-04-06,1655,L8,L,D
33.351014,-96.346415,026,037,1486,3237,2026-04-06,1655,L8,H,D
33.351023,-96.346093,026,037,1487,3237,2026-04-06,1655,L8,L,D
33.351284,-96.346425,026,037,1486,3236,2026-04-06,1655,L8,H,D
33.351555,-96.346436,026,037,1486,3235,2026-04-06,1655,L8,H,D
33.365383,-95.16337,026,037,5158,3281,2026-04-06,1655,L8,H,D
33.365654,-95.163377,026,037,5158,3280,2026-04-06,1655,L8,H,D
33.365659,-95.163055,026,037,5159,3280,2026-04-06,1655,L8,L,D
33.370655,-95.645147,026,037,3664,3227,2026-04-06,1655,L8,H,D
33.374496,-96.327977,026,037,1546,3152,2026-04-06,1655,L8,H,D
33.374504,-96.327655,026,037,1547,3152,2026-04-06,1655,L8,H,D
33.396865,-94.705845,026,037,6579,3191,2026-04-06,1655,L8,H,D
33.397135,-94.70585,026,037,6579,3190,2026-04-06,1655,L8,H,D
33.400102,-94.706553,026,037,6577,3179,2026-04-06,1655,L8,H,D
33.400257,-94.714943,026,037,6551,3178,2026-04-06,1655,L8,H,D
33.400372,-94.706559,026,037,6577,3178,2026-04-06,1655,L8,H,D
33.400377,-94.706236,026,037,6578,3178,2026-04-06,1655,L8,M,D
33.400527,-94.714948,026,037,6551,3177,2026-04-06,1655,L8,H,D
33.400869,-94.709794,026,037,6567,3176,2026-04-06,1655,L8,H,D
33.400873,-94.709471,026,037,6568,3176,2026-04-06,1655,L8,H,D
33.401139,-94.709799,026,037,6567,3175,2026-04-06,1655,L8,H,D
33.401144,-94.709477,026,037,6568,3175,2026-04-06,1655,L8,H,D
33.401148,-94.709154,026,037,6569,3175,2026-04-06,1655,L8,M,D
33.4135,-95.601615,026,037,3803,3072,2026-04-06,1655,L8,L,D
33.413507,-95.601292,026,037,3804,3072,2026-04-06,1655,L8,H,D
33.413777,-95.6013,026,037,3804,3071,2026-04-06,1655,L8,H,D
33.422766,-95.382865,026,037,4482,3054,2026-04-06,1655,L8,H,D
33.422773,-95.382543,026,037,4483,3054,2026-04-06,1655,L8,L,D
33.423282,-95.38417,026,037,4478,3052,2026-04-06,1655,L8,H,D
33.447221,-96.318497,026,037,1584,2884,2026-04-06,1655,L8,H,D
33.447229,-96.318175,026,037,1585,2884,2026-04-06,1655,L8,L,D
33.473995,-95.719288,026,037,3444,2839,2026-04-06,1655,L8,H,D
33.474002,-95.718965,026,037,3445,2839,2026-04-06,1655,L8,H,D
33.474265,-95.719296,026,037,3444,2838,2026-04-06,1655,L8,H,D
33.474272,-95.718974,026,037,3445,2838,2026-04-06,1655,L8,H,D
33.474582,-94.444901,026,037,7392,2916,2026-04-06,1655,L8,H,D
33.474853,-94.444905,026,037,7392,2915,2026-04-06,1655,L8,H,D
33.480406,-96.526601,026,037,943,2740,2026-04-06,1655,L8,H,D
33.483071,-95.637263,026,037,3699,2812,2026-04-06,1655,L8,L,D
33.483078,-95.636941,026,037,3700,2812,2026-04-06,1655,L8,H,D
33.483342,-95.637272,026,037,3699,2811,2026-04-06,1655,L8,H,D
33.483349,-95.636949,026,037,3700,2811,2026-04-06,1655,L8,H,D
33.483902,-95.145975,026,037,5221,2844,2026-04-06,1655,L8,H,D
33.484172,-95.145982,026,037,5221,2843,2026-04-06,1655,L8,H,D
33.496141,-95.434917,026,037,4327,2779,2026-04-06,1655,L8,H,D
33.496147,-95.434594,026,037,4328,2779,2026-04-06,1655,L8,H,D
33.496411,-95.434924,026,037,4327,2778,2026-04-06,1655,L8,H,D
33.496418,-95.434602,026,037,4328,2778,2026-04-06,1655,L8,H,D
33.518834,-94.544476,026,037,7086,2748,2026-04-06,1655,L8,H,D
33.535337,-96.143942,026,037,2135,2575,2026-04-06,1655,L8,L,D
33.554208,-94.827517,026,037,6212,2603,2026-04-06,1655,L8,H,D
33.554478,-94.827523,026,037,6212,2602,2026-04-06,1655,L8,H,D
33.554483,-94.8272,026,037,6213,2602,2026-04-06,1655,L8,H,D
33.571239,-95.439932,026,037,4318,2501,2026-04-06,1655,L8,H,D
33.571509,-95.43994,026,037,4318,2500,2026-04-06,1655,L8,H,D
33.576172,-95.338601,026,037,4632,2490,2026-04-06,1655,L8,H,D
33.576178,-95.338278,026,037,4633,2490,2026-04-06,1655,L8,H,D
33.576442,-95.338609,026,037,4632,2489,2026-04-06,1655,L8,L,D
33.576448,-95.338286,026,037,4633,2489,2026-04-06,1655,L8,H,D
33.576479,-95.336671,026,037,4638,2489,2026-04-06,1655,L8,H,D
33.576749,-95.336678,026,037,4638,2488,2026-04-06,1655,L8,L,D
33.584455,-95.834881,026,037,3097,2421,2026-04-06,1655,L8,H,D
33.584462,-95.834558,026,037,3098,2421,2026-04-06,1655,L8,H,D
33.588291,-96.331649,026,037,1560,2361,2026-04-06,1655,L8,H,D
33.588553,-96.331982,026,037,1559,2360,2026-04-06,1655,L8,L,D
33.588562,-96.331659,026,037,1560,2360,2026-04-06,1655,L8,H,D
33.595191,-95.90827,026,037,2871,2375,2026-04-06,1655,L8,L,D
33.610586,-95.07766,026,037,5442,2380,2026-04-06,1655,L8,H,D
33.610592,-95.077337,026,037,5443,2380,2026-04-06,1655,L8,L,D
33.610857,-95.077667,026,037,5442,2379,2026-04-06,1655,L8,H,D
33.610862,-95.077344,026,037,5443,2379,2026-04-06,1655,L8,H,D
33.625848,-95.054744,026,037,5514,2325,2026-04-06,1655,L8,H,D
33.626118,-95.054751,026,037,5514,2324,2026-04-06,1655,L8,H,D
33.629106,-96.342272,026,037,1532,2209,2026-04-06,1655,L8,H,D
33.629376,-96.342282,026,037,1532,2208,2026-04-06,1655,L8,L,D
33.641807,-95.427693,026,037,4362,2241,2026-04-06,1655,L8,L,D
33.663326,-96.108816,026,037,2258,2105,2026-04-06,1655,L8,L,D
33.663597,-96.108825,026,037,2258,2104,2026-04-06,1655,L8,H,D
33.663605,-96.108502,026,037,2259,2104,2026-04-06,1655,L8,L,D
33.675757,-96.204356,026,037,1964,2050,2026-04-06,1655,L8,H,D
33.675766,-96.204033,026,037,1965,2050,2026-04-06,1655,L8,L,D
33.676027,-96.204366,026,037,1964,2049,2026-04-06,1655,L8,H,D
33.676036,-96.204043,026,037,1965,2049,2026-04-06,1655,L8,L,D
33.67663,-96.452779,026,037,1196,2022,2026-04-06,1655,L8,H,D
33.681552,-96.115295,026,037,2240,2037,2026-04-06,1655,L8,H,D
33.681814,-96.115628,026,037,2239,2036,2026-04-06,1655,L8,L,D
33.681822,-96.115304,026,037,2240,2036,2026-04-06,1655,L8,H,D
33.68183,-96.114981,026,037,2241,2036,2026-04-06,1655,L8,L,D
33.682092,-96.115314,026,037,2240,2035,2026-04-06,1655,L8,H,D
33.71734,-95.505558,026,037,4128,1956,2026-04-06,1655,L8,H,D
33.717604,-95.505889,026,037,4127,1955,2026-04-06,1655,L8,L,D
33.717611,-95.505565,026,037,4128,1955,2026-04-06,1655,L8,H,D
33.730131,-95.474852,026,037,4224,1911,2026-04-06,1655,L8,H,D
33.730138,-95.474529,026,037,4225,1911,2026-04-06,1655,L8,L,D
33.730408,-95.474537,026,037,4225,1910,2026-04-06,1655,L8,H,D
33.73149,-95.474568,026,037,4225,1906,2026-04-06,1655,L8,L,D
33.733125,-95.473967,026,037,4227,1900,2026-04-06,1655,L8,H,D
33.737546,-95.562153,026,037,3955,1877,2026-04-06,1655,L8,H,D
33.743395,-95.68147,026,037,3587,1846,2026-04-06,1655,L8,H,D
33.743943,-95.681163,026,037,3588,1844,2026-04-06,1655,L8,H,D
33.74395,-95.680839,026,037,3589,1844,2026-04-06,1655,L8,H,D
33.744213,-95.681171,026,037,3588,1843,2026-04-06,1655,L8,H,D
33.74422,-95.680848,026,037,3589,1843,2026-04-06,1655,L8,H,D
33.744418,-95.422811,026,037,4386,1862,2026-04-06,1655,L8,H,D
33.744424,-95.422487,026,037,4387,1862,2026-04-06,1655,L8,M,D
33.758564,-96.08538,026,037,2341,1755,2026-04-06,1655,L8,H,D
33.766427,-96.007951,026,037,2581,1733,2026-04-06,1655,L8,H,D
33.766559,-95.854469,026,037,3055,1746,2026-04-06,1655,L8,H,D
33.766697,-96.00796,026,037,2581,1732,2026-04-06,1655,L8,H,D
33.766705,-96.007637,026,037,2582,1732,2026-04-06,1655,L8,H,D
33.76671,-95.603178,026,037,3831,1766,2026-04-06,1655,L8,H,D
33.773067,-95.923015,026,037,2844,1716,2026-04-06,1655,L8,L,D
33.774904,-95.925344,026,037,2837,1709,2026-04-06,1655,L8,H,D
33.774912,-95.925021,026,037,2838,1709,2026-04-06,1655,L8,L,D
33.775707,-95.925696,026,037,2836,1706,2026-04-06,1655,L8,H,D
33.779848,-94.713077,026,037,6580,1775,2026-04-06,1655,L8,H,D
33.779848,-94.713077,026,036,5220,7045,2026-04-06,1655,L8,H,D
33.783442,-96.304545,026,037,1667,1642,2026-04-06,1655,L8,H,D
33.788601,-96.180381,026,037,2051,1635,2026-04-06,1655,L8,H,D
33.788609,-96.180058,026,037,2052,1635,2026-04-06,1655,L8,H,D
33.788871,-96.180391,026,037,2051,1634,2026-04-06,1655,L8,H,D
33.79159,-96.313279,026,037,1641,1611,2026-04-06,1655,L8,H,D
33.79186,-96.313289,026,037,1641,1610,2026-04-06,1655,L8,H,D
33.79213,-96.313299,026,037,1641,1609,2026-04-06,1655,L8,H,D
33.792444,-96.311692,026,037,1646,1608,2026-04-06,1655,L8,H,D
33.792714,-96.311703,026,037,1646,1607,2026-04-06,1655,L8,H,D
33.793376,-96.317234,026,037,1629,1604,2026-04-06,1655,L8,L,D
33.793385,-96.31691,026,037,1630,1604,2026-04-06,1655,L8,H,D
33.794282,-96.313706,026,037,1640,1601,2026-04-06,1655,L8,H,D
33.794326,-96.312089,026,037,1645,1601,2026-04-06,1655,L8,L,D
33.806236,-94.401515,026,036,6183,6962,2026-04-06,1655,L8,H,D
33.806236,-94.401515,026,037,7543,1692,2026-04-06,1655,L8,H,D
33.806506,-94.40152,026,037,7543,1691,2026-04-06,1655,L8,H,D
33.806506,-94.40152,026,036,6183,6961,2026-04-06,1655,L8,H,D
33.842013,-95.036889,026,036,4225,6797,2026-04-06,1655,L8,H,D
33.842013,-95.036889,026,037,5585,1527,2026-04-06,1655,L8,H,D
33.842283,-95.036895,026,037,5585,1526,2026-04-06,1655,L8,H,D
33.842283,-95.036895,026,036,4225,6796,2026-04-06,1655,L8,H,D
33.875334,-96.395613,026,037,1397,1293,2026-04-06,1655,L8,H,D
33.875595,-96.395948,026,037,1396,1292,2026-04-06,1655,L8,H,D
33.875604,-96.395624,026,037,1397,1292,2026-04-06,1655,L8,H,D
33.875613,-96.3953,026,037,1398,1292,2026-04-06,1655,L8,H,D
33.875847,-96.396606,026,037,1394,1291,2026-04-06,1655,L8,H,D
33.883306,-94.7998,026,037,6319,1388,2026-04-06,1655,L8,H,D
33.883306,-94.7998,026,036,4959,6658,2026-04-06,1655,L8,L,D
33.883315,-94.799151,026,036,4961,6658,2026-04-06,1655,L8,H,D
33.883315,-94.799151,026,037,6321,1388,2026-04-06,1655,L8,H,D
33.893201,-95.190883,026,037,5114,1328,2026-04-06,1655,L8,H,D
33.893201,-95.190883,026,036,3754,6598,2026-04-06,1655,L8,H,D
33.893454,-95.191863,026,037,5111,1327,2026-04-06,1655,L8,H,D
33.893454,-95.191863,026,036,3751,6597,2026-04-06,1655,L8,H,D
33.893459,-95.191539,026,036,3752,6597,2026-04-06,1655,L8,H,D
33.893459,-95.191539,026,037,5112,1327,2026-04-06,1655,L8,H,D
33.893465,-95.191215,026,037,5113,1327,2026-04-06,1655,L8,H,D
33.893465,-95.191215,026,036,3753,6597,2026-04-06,1655,L8,H,D
33.893471,-95.19089,026,036,3754,6597,2026-04-06,1655,L8,L,D
33.893471,-95.19089,026,037,5114,1327,2026-04-06,1655,L8,L,D
33.893707,-95.192843,026,037,5108,1326,2026-04-06,1655,L8,H,D
33.893707,-95.192843,026,036,3748,6596,2026-04-06,1655,L8,H,D
33.893712,-95.192518,026,037,5109,1326,2026-04-06,1655,L8,H,D
33.893712,-95.192518,026,036,3749,6596,2026-04-06,1655,L8,H,D
33.893718,-95.192194,026,037,5110,1326,2026-04-06,1655,L8,H,D
33.893718,-95.192194,026,036,3750,6596,2026-04-06,1655,L8,H,D
33.893724,-95.19187,026,036,3751,6596,2026-04-06,1655,L8,H,D
33.893724,-95.19187,026,037,5111,1326,2026-04-06,1655,L8,H,D
33.89373,-95.191546,026,036,3752,6596,2026-04-06,1655,L8,H,D
33.89373,-95.191546,026,037,5112,1326,2026-04-06,1655,L8,H,D
33.893735,-95.191221,026,037,5113,1326,2026-04-06,1655,L8,H,D
33.893735,-95.191221,026,036,3753,6596,2026-04-06,1655,L8,H,D
33.893741,-95.190897,026,036,3754,6596,2026-04-06,1655,L8,H,D
33.893741,-95.190897,026,037,5114,1326,2026-04-06,1655,L8,H,D
33.893747,-95.190573,026,037,5115,1326,2026-04-06,1655,L8,L,D
33.893747,-95.190573,026,036,3755,6596,2026-04-06,1655,L8,L,D
33.893977,-95.192849,026,036,3748,6595,2026-04-06,1655,L8,H,D
33.893977,-95.192849,026,037,5108,1325,2026-04-06,1655,L8,H,D
33.893983,-95.192525,026,036,3749,6595,2026-04-06,1655,L8,H,D
33.893983,-95.192525,026,037,5109,1325,2026-04-06,1655,L8,H,D
33.893989,-95.192201,026,036,3750,6595,2026-04-06,1655,L8,H,D
33.893989,-95.192201,026,037,5110,1325,2026-04-06,1655,L8,H,D
33.893994,-95.191877,026,037,5111,1325,2026-04-06,1655,L8,H,D
33.893994,-95.191877,026,036,3751,6595,2026-04-06,1655,L8,H,D
33.894,-95.191553,026,036,3752,6595,2026-04-06,1655,L8,H,D
33.894,-95.191553,026,037,5112,1325,2026-04-06,1655,L8,H,D
33.894253,-95.192532,026,037,5109,1324,2026-04-06,1655,L8,H,D
33.894253,-95.192532,026,036,3749,6594,2026-04-06,1655,L8,H,D
33.894259,-95.192208,026,036,3750,6594,2026-04-06,1655,L8,H,D
33.894259,-95.192208,026,037,5110,1324,2026-04-06,1655,L8,H,D
33.894265,-95.191884,026,036,3751,6594,2026-04-06,1655,L8,H,D
33.894265,-95.191884,026,037,5111,1324,2026-04-06,1655,L8,H,D
33.89427,-95.191559,026,037,5112,1324,2026-04-06,1655,L8,H,D
33.89427,-95.191559,026,036,3752,6594,2026-04-06,1655,L8,H,D
33.894282,-95.190911,026,036,3754,6594,2026-04-06,1655,L8,H,D
33.894288,-95.190587,026,036,3755,6594,2026-04-06,1655,L8,H,D
33.894288,-95.190587,026,037,5115,1324,2026-04-06,1655,L8,H,D
33.894529,-95.192215,026,037,5110,1323,2026-04-06,1655,L8,H,D
33.894529,-95.192215,026,036,3750,6593,2026-04-06,1655,L8,H,D
33.894535,-95.191891,026,037,5111,1323,2026-04-06,1655,L8,H,D
33.894535,-95.191891,026,036,3751,6593,2026-04-06,1655,L8,H,D
33.894541,-95.191566,026,037,5112,1323,2026-04-06,1655,L8,H,D
33.894541,-95.191566,026,036,3752,6593,2026-04-06,1655,L8,H,D
33.894552,-95.190918,026,036,3754,6593,2026-04-06,1655,L8,H,D
33.894552,-95.190918,026,037,5114,1323,2026-04-06,1655,L8,H,D
33.894558,-95.190594,026,037,5115,1323,2026-04-06,1655,L8,H,D
33.894558,-95.190594,026,036,3755,6593,2026-04-06,1655,L8,H,D
33.894805,-95.191898,026,037,5111,1322,2026-04-06,1655,L8,H,D
33.894805,-95.191898,026,036,3751,6592,2026-04-06,1655,L8,H,D
33.894811,-95.191573,026,037,5112,1322,2026-04-06,1655,L8,H,D
33.894811,-95.191573,026,036,3752,6592,2026-04-06,1655,L8,H,D
33.894817,-95.191249,026,036,3753,6592,2026-04-06,1655,L8,H,D
33.894817,-95.191249,026,037,5113,1322,2026-04-06,1655,L8,H,D
33.894823,-95.190925,026,036,3754,6592,2026-04-06,1655,L8,H,D
33.894823,-95.190925,026,037,5114,1322,2026-04-06,1655,L8,H,D
33.894829,-95.190601,026,037,5115,1322,2026-04-06,1655,L8,H,D
33.894829,-95.190601,026,036,3755,6592,2026-04-06,1655,L8,H,D
33.894834,-95.190276,026,037,5116,1322,2026-04-06,1655,L8,H,D
33.894834,-95.190276,026,036,3756,6592,2026-04-06,1655,L8,H,D
33.895076,-95.191904,026,037,5111,1321,2026-04-06,1655,L8,H,D
33.895076,-95.191904,026,036,3751,6591,2026-04-06,1655,L8,H,D
33.895082,-95.19158,026,036,3752,6591,2026-04-06,1655,L8,H,D
33.895082,-95.19158,026,037,5112,1321,2026-04-06,1655,L8,H,D
33.895099,-95.190608,026,036,3755,6591,2026-04-06,1655,L8,H,D
33.895099,-95.190608,026,037,5115,1321,2026-04-06,1655,L8,H,D
33.895306,-95.194181,026,036,3744,6590,2026-04-06,1655,L8,H,D
33.895306,-95.194181,026,037,5104,1320,2026-04-06,1655,L8,H,D
33.895311,-96.236224,026,037,1891,1235,2026-04-06,1655,L8,L,D
33.895312,-95.193857,026,037,5105,1320,2026-04-06,1655,L8,L,D
33.895312,-95.193857,026,036,3745,6590,2026-04-06,1655,L8,L,D
33.89532,-96.2359,026,037,1892,1235,2026-04-06,1655,L8,L,D
33.895346,-95.191911,026,036,3751,6590,2026-04-06,1655,L8,H,D
33.895346,-95.191911,026,037,5111,1320,2026-04-06,1655,L8,H,D
33.895352,-95.191587,026,037,5112,1320,2026-04-06,1655,L8,H,D
33.895352,-95.191587,026,036,3752,6590,2026-04-06,1655,L8,H,D
33.895358,-95.191263,026,037,5113,1320,2026-04-06,1655,L8,H,D
33.895358,-95.191263,026,036,3753,6590,2026-04-06,1655,L8,H,D
33.895576,-95.194188,026,037,5104,1319,2026-04-06,1655,L8,H,D
33.895576,-95.194188,026,036,3744,6589,2026-04-06,1655,L8,H,D
33.895582,-95.193864,026,036,3745,6589,2026-04-06,1655,L8,H,D
33.895582,-95.193864,026,037,5105,1319,2026-04-06,1655,L8,H,D
33.895617,-95.191918,026,036,3751,6589,2026-04-06,1655,L8,L,D
33.895617,-95.191918,026,037,5111,1319,2026-04-06,1655,L8,M,D
33.895628,-95.19127,026,037,5113,1319,2026-04-06,1655,L8,H,D
33.895628,-95.19127,026,036,3753,6589,2026-04-06,1655,L8,H,D
33.8961,-95.195174,026,036,3741,6587,2026-04-06,1655,L8,H,D
33.8961,-95.195174,026,037,5101,1317,2026-04-06,1655,L8,H,D
33.896117,-95.194202,026,036,3744,6587,2026-04-06,1655,L8,H,D
33.896117,-95.194202,026,037,5104,1317,2026-04-06,1655,L8,H,D
33.896198,-95.189663,026,036,3758,6587,2026-04-06,1655,L8,H,D
33.896198,-95.189663,026,037,5118,1317,2026-04-06,1655,L8,H,D
33.896468,-95.189669,026,036,3758,6586,2026-04-06,1655,L8,H,D
33.896468,-95.189669,026,037,5118,1316,2026-04-06,1655,L8,H,D
33.896738,-95.189676,026,036,3758,6585,2026-04-06,1655,L8,L,D
33.896738,-95.189676,026,037,5118,1315,2026-04-06,1655,L8,L,D
33.896893,-95.196168,026,037,5098,1314,2026-04-06,1655,L8,H,D
33.896893,-95.196168,026,036,3738,6584,2026-04-06,1655,L8,H,D
33.896997,-95.190332,026,036,3756,6584,2026-04-06,1655,L8,H,D
33.896997,-95.190332,026,037,5116,1314,2026-04-06,1655,L8,H,D
33.897003,-95.190008,026,037,5117,1314,2026-04-06,1655,L8,H,D
33.897003,-95.190008,026,036,3757,6584,2026-04-06,1655,L8,H,D
33.897009,-95.189683,026,037,5118,1314,2026-04-06,1655,L8,H,D
33.897009,-95.189683,026,036,3758,6584,2026-04-06,1655,L8,H,D
33.897015,-95.189359,026,036,3759,6584,2026-04-06,1655,L8,H,D
33.897015,-95.189359,026,037,5119,1314,2026-04-06,1655,L8,H,D
33.89702,-95.189035,026,037,5120,1314,2026-04-06,1655,L8,H,D
33.89702,-95.189035,026,036,3760,6584,2026-04-06,1655,L8,H,D
33.897026,-95.188711,026,036,3761,6584,2026-04-06,1655,L8,H,D
33.897026,-95.188711,026,037,5121,1314,2026-04-06,1655,L8,H,D
33.897164,-95.196175,026,037,5098,1313,2026-04-06,1655,L8,H,D
33.897164,-95.196175,026,036,3738,6583,2026-04-06,1655,L8,H,D
33.897273,-95.190014,026,036,3757,6583,2026-04-06,1655,L8,H,D
33.897273,-95.190014,026,037,5117,1313,2026-04-06,1655,L8,H,D
33.897279,-95.18969,026,036,3758,6583,2026-04-06,1655,L8,H,D
33.897279,-95.18969,026,037,5118,1313,2026-04-06,1655,L8,H,D
33.897285,-95.189366,026,037,5119,1313,2026-04-06,1655,L8,H,D
33.897285,-95.189366,026,036,3759,6583,2026-04-06,1655,L8,H,D
33.897463,-95.194561,026,036,3743,6582,2026-04-06,1655,L8,H,D
33.897463,-95.194561,026,037,5103,1312,2026-04-06,1655,L8,H,D
33.897733,-95.194568,026,037,5103,1311,2026-04-06,1655,L8,M,D
33.897733,-95.194568,026,036,3743,6581,2026-04-06,1655,L8,M,D
33.905279,-95.534077,026,037,4057,1259,2026-04-06,1655,L8,H,D
33.905279,-95.534077,026,036,2697,6529,2026-04-06,1655,L8,H,D
33.905285,-95.533753,026,037,4058,1259,2026-04-06,1655,L8,L,D
33.905285,-95.533753,026,036,2698,6529,2026-04-06,1655,L8,L,D
33.906113,-94.848945,026,037,6169,1301,2026-04-06,1655,L8,H,D
33.906113,-94.848945,026,036,4809,6571,2026-04-06,1655,L8,H,D
33.906383,-94.848951,026,037,6169,1300,2026-04-06,1655,L8,H,D
33.906383,-94.848951,026,036,4809,6570,2026-04-06,1655,L8,H,D
33.929351,-94.868594,026,036,4750,6484,2026-04-06,1655,L8,H,D
33.929351,-94.868594,026,037,6110,1214,2026-04-06,1655,L8,H,D
33.929356,-94.86827,026,037,6111,1214,2026-04-06,1655,L8,H,D
33.966848,-96.104572,026,037,2305,983,2026-04-06,1655,L8,H,D
33.966848,-96.104572,026,036,945,6253,2026-04-06,1655,L8,H,D
33.966932,-95.257052,026,037,4916,1051,2026-04-06,1655,L8,H,D
33.966932,-95.257052,026,036,3556,6321,2026-04-06,1655,L8,H,D
33.967196,-95.257383,026,036,3555,6320,2026-04-06,1655,L8,H,D
33.967196,-95.257383,026,037,4915,1050,2026-04-06,1655,L8,H,D
33.967202,-95.257059,026,036,3556,6320,2026-04-06,1655,L8,H,D
33.967202,-95.257059,026,037,4916,1050,2026-04-06,1655,L8,H,D
33.967472,-95.257066,026,037,4916,1049,2026-04-06,1655,L8,H,D
33.967472,-95.257066,026,036,3556,6319,2026-04-06,1655,L8,H,D
33.968424,-96.242564,026,037,1880,964,2026-04-06,1655,L8,L,D
33.968424,-96.242564,026,036,520,6234,2026-04-06,1655,L8,H,D
33.968613,-95.622302,026,037,3791,1018,2026-04-06,1655,L8,H,D
33.968613,-95.622302,026,036,2431,6288,2026-04-06,1655,L8,H,D
33.96862,-95.621978,026,036,2432,6288,2026-04-06,1655,L8,H,D
33.96862,-95.621978,026,037,3792,1018,2026-04-06,1655,L8,H,D
33.968883,-95.622311,026,037,3791,1017,2026-04-06,1655,L8,H,D
33.968883,-95.622311,026,036,2431,6287,2026-04-06,1655,L8,H,D
33.96889,-95.621986,026,036,2432,6287,2026-04-06,1655,L8,H,D
33.96889,-95.621986,026,037,3792,1017,2026-04-06,1655,L8,H,D
33.978716,-96.392258,026,036,60,6181,2026-04-06,1655,L8,H,D
33.978716,-96.392258,026,037,1420,911,2026-04-06,1655,L8,H,D
33.978986,-96.392268,026,036,60,6180,2026-04-06,1655,L8,H,D
33.97903,-96.390647,026,037,1425,910,2026-04-06,1655,L8,H,D
33.97903,-96.390647,026,036,65,6180,2026-04-06,1655,L8,H,D
33.979256,-96.392279,026,036,60,6179,2026-04-06,1655,L8,H,D
33.979256,-96.392279,026,037,1420,909,2026-04-06,1655,L8,H,D
33.979265,-96.391955,026,037,1421,909,2026-04-06,1655,L8,L,D
33.979265,-96.391955,026,036,61,6179,2026-04-06,1655,L8,L,D
33.979768,-95.308691,026,036,3398,6270,2026-04-06,1655,L8,H,D
33.979768,-95.308691,026,037,4758,1000,2026-04-06,1655,L8,H,D
33.979774,-95.308367,026,036,3399,6270,2026-04-06,1655,L8,H,D
33.979774,-95.308367,026,037,4759,1000,2026-04-06,1655,L8,H,D
33.97978,-95.308042,026,036,3400,6270,2026-04-06,1655,L8,L,D
33.97978,-95.308042,026,037,4760,1000,2026-04-06,1655,L8,L,D
33.980038,-95.308699,026,036,3398,6269,2026-04-06,1655,L8,H,D
33.980038,-95.308699,026,037,4758,999,2026-04-06,1655,L8,H,D
33.980044,-95.308374,026,037,4759,999,2026-04-06,1655,L8,H,D
33.980044,-95.308374,026,036,3399,6269,2026-04-06,1655,L8,H,D
33.980051,-95.30805,026,037,4760,999,2026-04-06,1655,L8,H,D
33.980051,-95.30805,026,036,3400,6269,2026-04-06,1655,L8,H,D
33.980315,-95.308381,026,037,4759,998,2026-04-06,1655,L8,H,D
33.980315,-95.308381,026,036,3399,6268,2026-04-06,1655,L8,H,D
33.980321,-95.308057,026,036,3400,6268,2026-04-06,1655,L8,H,D
33.980321,-95.308057,026,037,4760,998,2026-04-06,1655,L8,H,D
33.980579,-95.308713,026,036,3398,6267,2026-04-06,1655,L8,H,D
33.980579,-95.308713,026,037,4758,997,2026-04-06,1655,L8,H,D
33.980585,-95.308389,026,037,4759,997,2026-04-06,1655,L8,H,D
33.980585,-95.308389,026,036,3399,6267,2026-04-06,1655,L8,H,D
33.980591,-95.308064,026,036,3400,6267,2026-04-06,1655,L8,H,D
33.980591,-95.308064,026,037,4760,997,2026-04-06,1655,L8,H,D
33.980855,-95.308396,026,036,3399,6266,2026-04-06,1655,L8,H,D
33.980855,-95.308396,026,037,4759,996,2026-04-06,1655,L8,H,D
33.980862,-95.308071,026,037,4760,996,2026-04-06,1655,L8,H,D
33.980862,-95.308071,026,036,3400,6266,2026-04-06,1655,L8,H,D
34.015576,-95.536702,026,036,2699,6121,2026-04-06,1655,L8,H,D
34.015576,-95.536702,026,037,4059,851,2026-04-06,1655,L8,H,D
34.015846,-95.53671,026,037,4059,850,2026-04-06,1655,L8,H,D
34.015846,-95.53671,026,036,2699,6120,2026-04-06,1655,L8,H,D
34.015853,-95.536385,026,036,2700,6120,2026-04-06,1655,L8,H,D
34.015853,-95.536385,026,037,4060,850,2026-04-06,1655,L8,H,D
34.016117,-95.536718,026,036,2699,6119,2026-04-06,1655,L8,H,D
34.016117,-95.536718,026,037,4059,849,2026-04-06,1655,L8,H,D
34.016123,-95.536393,026,036,2700,6119,2026-04-06,1655,L8,L,D
34.016123,-95.536393,026,037,4060,849,2026-04-06,1655,L8,L,D
34.023298,-95.645097,026,036,2366,6084,2026-04-06,1655,L8,H,D
34.023298,-95.645097,026,037,3726,814,2026-04-06,1655,L8,H,D
34.023305,-95.644773,026,037,3727,814,2026-04-06,1655,L8,H,D
34.023305,-95.644773,026,036,2367,6084,2026-04-06,1655,L8,H,D
34.023312,-95.644448,026,037,3728,814,2026-04-06,1655,L8,H,D
34.023312,-95.644448,026,036,2368,6084,2026-04-06,1655,L8,H,D
34.023561,-95.64543,026,037,3725,813,2026-04-06,1655,L8,H,D
34.023561,-95.64543,026,036,2365,6083,2026-04-06,1655,L8,H,D
34.023568,-95.645106,026,036,2366,6083,2026-04-06,1655,L8,H,D
34.023568,-95.645106,026,037,3726,813,2026-04-06,1655,L8,H,D
34.023575,-95.644781,026,037,3727,813,2026-04-06,1655,L8,H,D
34.023575,-95.644781,026,036,2367,6083,2026-04-06,1655,L8,H,D
34.023582,-95.644457,026,036,2368,6083,2026-04-06,1655,L8,H,D
34.023582,-95.644457,026,037,3728,813,2026-04-06,1655,L8,H,D
34.023832,-95.645439,026,037,3725,812,2026-04-06,1655,L8,H,D
34.023832,-95.645439,026,036,2365,6082,2026-04-06,1655,L8,H,D
34.023839,-95.645114,026,036,2366,6082,2026-04-06,1655,L8,H,D
34.023839,-95.645114,026,037,3726,812,2026-04-06,1655,L8,H,D
34.023846,-95.64479,026,037,3727,812,2026-04-06,1655,L8,H,D
34.023846,-95.64479,026,036,2367,6082,2026-04-06,1655,L8,H,D
34.023853,-95.644465,026,036,2368,6082,2026-04-06,1655,L8,H,D
34.023853,-95.644465,026,037,3728,812,2026-04-06,1655,L8,H,D
34.024109,-95.645123,026,037,3726,811,2026-04-06,1655,L8,H,D
34.024109,-95.645123,026,036,2366,6081,2026-04-06,1655,L8,H,D
34.024116,-95.644798,026,036,2367,6081,2026-04-06,1655,L8,H,D
34.024116,-95.644798,026,037,3727,811,2026-04-06,1655,L8,H,D
34.024123,-95.644473,026,037,3728,811,2026-04-06,1655,L8,H,D
34.024123,-95.644473,026,036,2368,6081,2026-04-06,1655,L8,H,D
34.02413,-95.644149,026,037,3729,811,2026-04-06,1655,L8,H,D
34.02413,-95.644149,026,036,2369,6081,2026-04-06,1655,L8,H,D
34.024393,-95.644482,026,036,2368,6080,2026-04-06,1655,L8,H,D
34.024393,-95.644482,026,037,3728,810,2026-04-06,1655,L8,H,D
34.0244,-95.644157,026,037,3729,810,2026-04-06,1655,L8,H,D
34.0244,-95.644157,026,036,2369,6080,2026-04-06,1655,L8,H,D
34.024407,-95.643833,026,036,2370,6080,2026-04-06,1655,L8,H,D
34.024407,-95.643833,026,037,3730,810,2026-04-06,1655,L8,H,D
34.02467,-95.644166,026,037,3729,809,2026-04-06,1655,L8,H,D
34.02467,-95.644166,026,036,2369,6079,2026-04-06,1655,L8,H,D
34.024677,-95.643841,026,037,3730,809,2026-04-06,1655,L8,H,D
34.024677,-95.643841,026,036,2370,6079,2026-04-06,1655,L8,H,D
34.04511,-95.866375,026,036,1687,5985,2026-04-06,1655,L8,H,D
34.04511,-95.866375,026,037,3047,715,2026-04-06,1655,L8,H,D
34.045117,-95.86605,026,037,3048,715,2026-04-06,1655,L8,H,D
34.045117,-95.86605,026,036,1688,5985,2026-04-06,1655,L8,H,D
34.048186,-95.694607,026,037,3576,718,2026-04-06,1655,L8,H,D
34.048186,-95.694607,026,036,2216,5988,2026-04-06,1655,L8,H,D
34.048456,-95.694616,026,036,2216,5987,2026-04-06,1655,L8,H,D
34.048456,-95.694616,026,037,3576,717,2026-04-06,1655,L8,H,D
34.060959,-95.70411,026,037,3548,670,2026-04-06,1655,L8,L,D
34.060959,-95.70411,026,036,2188,5940,2026-04-06,1655,L8,L,D
34.080787,-95.121586,026,036,3982,5909,2026-04-06,1655,L8,L,D
34.097986,-95.474461,026,036,2898,5821,2026-04-06,1655,L8,H,D
34.097992,-95.474136,026,036,2899,5821,2026-04-06,1655,L8,H,D
34.111032,-95.333065,026,036,3334,5783,2026-04-06,1655,L8,H,D
34.111303,-95.333072,026,036,3334,5782,2026-04-06,1655,L8,H,D
34.111309,-95.332747,026,036,3335,5782,2026-04-06,1655,L8,H,D
34.112328,-95.336027,026,036,3325,5778,2026-04-06,1655,L8,H,D
34.112335,-95.335702,026,036,3326,5778,2026-04-06,1655,L8,H,D
34.112599,-95.336035,026,036,3325,5777,2026-04-06,1655,L8,H,D
34.112605,-95.33571,026,036,3326,5777,2026-04-06,1655,L8,H,D
34.118205,-95.671139,026,036,2295,5731,2026-04-06,1655,L8,L,D
34.118475,-95.671147,026,036,2295,5730,2026-04-06,1655,L8,H,D
34.119571,-95.670531,026,036,2297,5726,2026-04-06,1655,L8,H,D
34.119827,-95.67119,026,036,2295,5725,2026-04-06,1655,L8,H,D
34.120097,-95.671198,026,036,2295,5724,2026-04-06,1655,L8,L,D
34.122786,-95.671933,026,036,2293,5714,2026-04-06,1655,L8,H,D
34.157888,-95.372095,026,036,3218,5607,2026-04-06,1655,L8,L,D
34.160032,-95.373131,026,036,3215,5599,2026-04-06,1655,L8,H,D
34.160302,-95.373139,026,036,3215,5598,2026-04-06,1655,L8,H,D
34.160308,-95.372814,026,036,3216,5598,2026-04-06,1655,L8,H,D
34.165968,-94.764449,026,036,5086,5615,2026-04-06,1655,L8,H,D
34.165972,-94.764123,026,036,5087,5615,2026-04-06,1655,L8,L,D
34.166238,-94.764454,026,036,5086,5614,2026-04-06,1655,L8,H,D
34.166243,-94.764129,026,036,5087,5614,2026-04-06,1655,L8,M,D
34.179349,-96.24216,026,037,1906,184,2026-04-06,1655,L8,H,D
34.179349,-96.24216,026,036,546,5454,2026-04-06,1655,L8,H,D
34.179357,-96.241835,026,037,1907,184,2026-04-06,1655,L8,H,D
34.179357,-96.241835,026,036,547,5454,2026-04-06,1655,L8,H,D
34.180605,-96.245787,026,037,1895,179,2026-04-06,1655,L8,L,D
34.180605,-96.245787,026,036,535,5449,2026-04-06,1655,L8,L,D
34.180875,-96.245797,026,036,535,5448,2026-04-06,1655,L8,H,D
34.180875,-96.245797,026,037,1895,178,2026-04-06,1655,L8,H,D
34.1863,-95.818753,026,036,1848,5467,2026-04-06,1655,L8,H,D
34.186307,-95.818428,026,036,1849,5467,2026-04-06,1655,L8,L,D
34.18657,-95.818762,026,036,1848,5466,2026-04-06,1655,L8,H,D
34.291088,-94.323795,026,036,6446,5173,2026-04-06,1655,L8,H,D
34.291358,-94.323799,026,036,6446,5172,2026-04-06,1655,L8,H,D
34.293152,-96.283996,026,036,431,5029,2026-04-06,1655,L8,L,D
34.371328,-96.149107,026,036,854,4753,2026-04-06,1655,L8,H,D
34.371337,-96.148782,026,036,855,4753,2026-04-06,1655,L8,H,D
34.371598,-96.149117,026,036,854,4752,2026-04-06,1655,L8,H,D
34.371607,-96.148792,026,036,855,4752,2026-04-06,1655,L8,H,D
34.37213,-96.149464,026,036,853,4750,2026-04-06,1655,L8,H,D
34.3724,-96.149474,026,036,853,4749,2026-04-06,1655,L8,H,D
34.462908,-94.393456,026,036,6241,4535,2026-04-06,1655,L8,H,D
34.463178,-94.393461,026,036,6241,4534,2026-04-06,1655,L8,L,D
34.494767,-94.375036,026,036,6299,4418,2026-04-06,1655,L8,H,D
34.495038,-94.37504,026,036,6299,4417,2026-04-06,1655,L8,H,D
34.496649,-94.376047,026,036,6296,4411,2026-04-06,1655,L8,L,D
34.496653,-94.37572,026,036,6297,4411,2026-04-06,1655,L8,H,D
34.504067,-96.222686,026,036,644,4255,2026-04-06,1655,L8,L,D
34.529172,-96.034481,026,036,1223,4180,2026-04-06,1655,L8,H,D
34.543824,-94.213032,026,036,6797,4243,2026-04-06,1655,L8,H,D
34.560852,-95.469135,026,036,2956,4110,2026-04-06,1655,L8,L,D
34.561122,-95.469143,026,036,2956,4109,2026-04-06,1655,L8,H,D
34.561129,-95.468817,026,036,2957,4109,2026-04-06,1655,L8,H,D
34.561392,-95.469151,026,036,2956,4108,2026-04-06,1655,L8,M,D
34.561946,-95.468514,026,036,2958,4106,2026-04-06,1655,L8,M,D
34.561953,-95.468187,026,036,2959,4106,2026-04-06,1655,L8,H,D
34.561959,-95.46786,026,036,2960,4106,2026-04-06,1655,L8,H,D
34.562223,-95.468195,026,036,2959,4105,2026-04-06,1655,L8,H,D
34.56223,-95.467868,026,036,2960,4105,2026-04-06,1655,L8,H,D
34.563047,-95.467566,026,036,2961,4102,2026-04-06,1655,L8,M,D
34.563054,-95.467239,026,036,2962,4102,2026-04-06,1655,L8,H,D
34.563865,-95.467263,026,036,2962,4099,2026-04-06,1655,L8,H,D
34.589026,-94.237568,026,036,6724,4075,2026-04-06,1655,L8,H,D
34.589029,-94.237241,026,036,6725,4075,2026-04-06,1655,L8,H,D
34.589296,-94.237572,026,036,6724,4074,2026-04-06,1655,L8,H,D
34.589299,-94.237245,026,036,6725,4074,2026-04-06,1655,L8,H,D
34.600211,-94.201093,026,036,6836,4035,2026-04-06,1655,L8,H,D
34.600214,-94.200766,026,036,6837,4035,2026-04-06,1655,L8,H,D
34.600481,-94.201097,026,036,6836,4034,2026-04-06,1655,L8,M,D
34.600485,-94.20077,026,036,6837,4034,2026-04-06,1655,L8,H,D
34.623797,-95.738281,026,036,2139,3856,2026-04-06,1655,L8,L,D
34.715299,-95.976103,026,036,1422,3497,2026-04-06,1655,L8,L,D
34.715569,-95.976113,026,036,1422,3496,2026-04-06,1655,L8,L,D
34.72063,-95.097186,026,036,4106,3545,2026-04-06,1655,L8,H,D
34.720942,-94.93111,026,036,4613,3554,2026-04-06,1655,L8,H,D
34.721213,-94.931116,026,036,4613,3553,2026-04-06,1655,L8,H,D
34.732423,-95.039822,026,036,4282,3505,2026-04-06,1655,L8,M,D
34.732429,-95.039495,026,036,4283,3505,2026-04-06,1655,L8,H,D
34.733989,-95.106697,026,036,4078,3495,2026-04-06,1655,L8,L,D
34.73426,-95.106704,026,036,4078,3494,2026-04-06,1655,L8,H,D
34.767218,-94.245139,026,036,6709,3416,2026-04-06,1655,L8,H,D
34.767485,-94.245471,026,036,6708,3415,2026-04-06,1655,L8,H,D
34.767488,-94.245143,026,036,6709,3415,2026-04-06,1655,L8,M,D
34.767759,-94.245147,026,036,6709,3414,2026-04-06,1655,L8,M,D
34.767762,-94.244819,026,036,6710,3414,2026-04-06,1655,L8,M,D
34.76831,-94.244172,026,036,6712,3412,2026-04-06,1655,L8,M,D
34.7691,-94.272376,026,036,6626,3408,2026-04-06,1655,L8,M,D
34.769371,-94.27238,026,036,6626,3407,2026-04-06,1655,L8,M,D
34.76996,-94.2678,026,036,6640,3405,2026-04-06,1655,L8,H,D
34.770223,-94.268459,026,036,6638,3404,2026-04-06,1655,L8,L,D
34.770227,-94.268132,026,036,6639,3404,2026-04-06,1655,L8,L,D
34.77049,-94.268791,026,036,6637,3403,2026-04-06,1655,L8,H,D
34.770494,-94.268464,026,036,6638,3403,2026-04-06,1655,L8,H,D
34.770757,-94.269123,026,036,6636,3402,2026-04-06,1655,L8,H,D
34.770761,-94.268795,026,036,6637,3402,2026-04-06,1655,L8,H,D
34.771018,-94.270111,026,036,6633,3401,2026-04-06,1655,L8,L,D
34.771021,-94.269783,026,036,6634,3401,2026-04-06,1655,L8,H,D
34.771024,-94.269455,026,036,6635,3401,2026-04-06,1655,L8,H,D
34.771028,-94.269127,026,036,6636,3401,2026-04-06,1655,L8,H,D
34.771281,-94.27077,026,036,6631,3400,2026-04-06,1655,L8,M,D
34.771285,-94.270443,026,036,6632,3400,2026-04-06,1655,L8,H,D
34.771288,-94.270115,026,036,6633,3400,2026-04-06,1655,L8,H,D
34.771291,-94.269787,026,036,6634,3400,2026-04-06,1655,L8,H,D
34.771295,-94.269459,026,036,6635,3400,2026-04-06,1655,L8,L,D
34.771538,-94.272086,026,036,6627,3399,2026-04-06,1655,L8,L,D
34.771552,-94.270775,026,036,6631,3399,2026-04-06,1655,L8,H,D
34.771555,-94.270447,026,036,6632,3399,2026-04-06,1655,L8,H,D
34.771558,-94.270119,026,036,6633,3399,2026-04-06,1655,L8,H,D
34.771808,-94.27209,026,036,6627,3398,2026-04-06,1655,L8,M,D
34.771812,-94.271762,026,036,6628,3398,2026-04-06,1655,L8,H,D
34.771819,-94.271106,026,036,6630,3398,2026-04-06,1655,L8,H,D
34.771822,-94.270779,026,036,6631,3398,2026-04-06,1655,L8,H,D
34.772079,-94.272094,026,036,6627,3397,2026-04-06,1655,L8,L,D
34.772082,-94.271766,026,036,6628,3397,2026-04-06,1655,L8,H,D
34.772086,-94.271438,026,036,6629,3397,2026-04-06,1655,L8,H,D
34.772089,-94.271111,026,036,6630,3397,2026-04-06,1655,L8,H,D
34.772349,-94.272098,026,036,6627,3396,2026-04-06,1655,L8,L,D
34.772353,-94.27177,026,036,6628,3396,2026-04-06,1655,L8,L,D
34.772356,-94.271443,026,036,6629,3396,2026-04-06,1655,L8,H,D
34.787693,-94.304794,026,036,6528,3338,2026-04-06,1655,L8,M,D
34.787696,-94.304467,026,036,6529,3338,2026-04-06,1655,L8,H,D
34.789045,-94.304816,026,036,6528,3333,2026-04-06,1655,L8,M,D
34.802859,-94.051527,026,036,7301,3291,2026-04-06,1655,L8,L,D
34.803129,-94.05153,026,036,7301,3290,2026-04-06,1655,L8,H,D
34.8034,-94.051533,026,036,7301,3289,2026-04-06,1655,L8,H,D
34.80483,-94.295882,026,036,6556,3275,2026-04-06,1655,L8,M,D
34.805093,-94.296542,026,036,6554,3274,2026-04-06,1655,L8,L,D
34.8051,-94.295886,026,036,6556,3274,2026-04-06,1655,L8,L,D
34.836802,-95.07323,026,036,4188,3117,2026-04-06,1655,L8,H,D
34.838446,-95.071959,026,036,4192,3111,2026-04-06,1655,L8,M,D
34.839256,-95.340312,026,036,3374,3090,2026-04-06,1655,L8,H,D
34.839263,-95.339985,026,036,3375,3090,2026-04-06,1655,L8,H,D
34.839527,-95.34032,026,036,3374,3089,2026-04-06,1655,L8,H,D
34.839533,-95.339992,026,036,3375,3089,2026-04-06,1655,L8,H,D
34.849365,-95.001366,026,036,4408,3075,2026-04-06,1655,L8,L,D
34.849371,-95.001038,026,036,4409,3075,2026-04-06,1655,L8,H,D
34.849376,-95.00071,026,036,4410,3075,2026-04-06,1655,L8,H,D
34.852028,-95.308851,026,036,3471,3045,2026-04-06,1655,L8,L,D
34.852035,-95.308523,026,036,3472,3045,2026-04-06,1655,L8,H,D
34.852064,-95.001759,026,036,4407,3065,2026-04-06,1655,L8,L,D
34.8548,-94.999857,026,036,4413,3055,2026-04-06,1655,L8,H,D
34.855517,-95.514657,026,036,2844,3017,2026-04-06,1655,L8,H,D
34.899031,-94.667705,026,036,5428,2910,2026-04-06,1655,L8,H,D
34.899862,-95.324961,026,036,3426,2867,2026-04-06,1655,L8,H,D
34.907516,-94.599909,026,036,5635,2882,2026-04-06,1655,L8,L,D
34.910347,-94.131379,026,036,7062,2891,2026-04-06,1655,L8,L,D
34.918376,-94.576147,026,036,5708,2843,2026-04-06,1655,L8,L,D
34.918921,-94.575829,026,036,5709,2841,2026-04-06,1655,L8,H,D
34.919187,-94.576162,026,036,5708,2840,2026-04-06,1655,L8,H,D
34.919191,-94.575834,026,036,5709,2840,2026-04-06,1655,L8,H,D
34.919457,-94.576168,026,036,5708,2839,2026-04-06,1655,L8,H,D
34.919462,-94.575839,026,036,5709,2839,2026-04-06,1655,L8,H,D
34.919638,-94.583067,026,036,5687,2838,2026-04-06,1655,L8,L,D
34.919728,-94.576173,026,036,5708,2838,2026-04-06,1655,L8,L,D
34.930334,-95.301192,026,036,3501,2756,2026-04-06,1655,L8,L,D
34.930461,-95.308748,026,036,3478,2755,2026-04-06,1655,L8,H,D
34.930862,-95.301863,026,036,3499,2754,2026-04-06,1655,L8,L,D
34.935612,-95.419238,026,036,3142,2728,2026-04-06,1655,L8,H,D
34.935619,-95.418909,026,036,3143,2728,2026-04-06,1655,L8,H,D
34.954691,-96.13384,026,036,968,2597,2026-04-06,1655,L8,L,D
34.954699,-96.133512,026,036,969,2597,2026-04-06,1655,L8,L,D
34.954961,-96.13385,026,036,968,2596,2026-04-06,1655,L8,H,D
34.954969,-96.133522,026,036,969,2596,2026-04-06,1655,L8,H,D
34.955003,-96.132209,026,036,973,2596,2026-04-06,1655,L8,L,D
34.955231,-96.13386,026,036,968,2595,2026-04-06,1655,L8,H,D
34.955239,-96.133532,026,036,969,2595,2026-04-06,1655,L8,H,D
34.955265,-96.132548,026,036,972,2595,2026-04-06,1655,L8,H,D
34.955273,-96.13222,026,036,973,2595,2026-04-06,1655,L8,H,D
34.955282,-96.131892,026,036,974,2595,2026-04-06,1655,L8,H,D
34.955535,-96.132558,026,036,972,2594,2026-04-06,1655,L8,H,D
34.955543,-96.13223,026,036,973,2594,2026-04-06,1655,L8,H,D
34.955552,-96.131902,026,036,974,2594,2026-04-06,1655,L8,H,D
34.955814,-96.13224,026,036,973,2593,2026-04-06,1655,L8,H,D
34.955822,-96.131912,026,036,974,2593,2026-04-06,1655,L8,H,D
34.972249,-94.634027,026,036,5535,2641,2026-04-06,1655,L8,H,D
34.97252,-94.634033,026,036,5535,2640,2026-04-06,1655,L8,H,D
34.987672,-94.633676,026,036,5537,2584,2026-04-06,1655,L8,H,D
34.991024,-95.56546,026,036,2702,2512,2026-04-06,1655,L8,H,D
34.992161,-95.562866,026,036,2710,2508,2026-04-06,1655,L8,L,D
34.992354,-95.566487,026,036,2699,2507,2026-04-06,1655,L8,H,D
34.992431,-95.562875,026,036,2710,2507,2026-04-06,1655,L8,H,D
34.992625,-95.566495,026,036,2699,2506,2026-04-06,1655,L8,H,D
34.99268,-95.563868,026,036,2707,2506,2026-04-06,1655,L8,L,D
35.022339,-95.680508,026,036,2355,2387,2026-04-06,1655,L8,L,D
35.045335,-94.649953,026,036,5491,2370,2026-04-06,1655,L8,L,D
35.04534,-94.649624,026,036,5492,2370,2026-04-06,1655,L8,L,D
35.058344,-94.60778,026,036,5620,2324,2026-04-06,1655,L8,L,D
35.058614,-94.607786,026,036,5620,2323,2026-04-06,1655,L8,H,D
35.058619,-94.607457,026,036,5621,2323,2026-04-06,1655,L8,M,D
35.058885,-94.607791,026,036,5620,2322,2026-04-06,1655,L8,H,D
35.084851,-94.648116,026,036,5499,2224,2026-04-06,1655,L8,L,D
35.085121,-94.648122,026,036,5499,2223,2026-04-06,1655,L8,H,D
35.10813,-94.210803,026,036,6829,2157,2026-04-06,1655,L8,H,D
35.108133,-94.210473,026,036,6830,2157,2026-04-06,1655,L8,L,D
35.112232,-95.019294,026,036,4373,2102,2026-04-06,1655,L8,H,D
35.115239,-95.017394,026,036,4379,2091,2026-04-06,1655,L8,H,D
35.143773,-94.41616,026,036,6207,2017,2026-04-06,1655,L8,H,D
35.166308,-94.408975,026,036,6230,1934,2026-04-06,1655,L8,H,D
35.187067,-95.890126,026,036,1735,1760,2026-04-06,1655,L8,L,D
35.191883,-94.464772,026,036,6062,1837,2026-04-06,1655,L8,H,D
35.213756,-94.489884,026,036,5987,1755,2026-04-06,1655,L8,L,D
35.215801,-94.337978,026,036,6448,1754,2026-04-06,1655,L8,H,D
35.216071,-94.337982,026,036,6448,1753,2026-04-06,1655,L8,H,D
35.246029,-94.48289,026,036,6010,1636,2026-04-06,1655,L8,L,D
35.258955,-96.03509,026,036,1303,1481,2026-04-06,1655,L8,H,D
35.259697,-95.317393,026,036,3480,1537,2026-04-06,1655,L8,L,D
35.259703,-95.317064,026,036,3481,1537,2026-04-06,1655,L8,H,D
35.260035,-96.03513,026,036,1303,1477,2026-04-06,1655,L8,L,D
35.260264,-95.492816,026,036,2948,1522,2026-04-06,1655,L8,H,D
35.260271,-95.492486,026,036,2949,1522,2026-04-06,1655,L8,L,D
35.260854,-96.034831,026,036,1304,1474,2026-04-06,1655,L8,H,D
35.276788,-95.5817,026,036,2680,1454,2026-04-06,1655,L8,H,D
35.276795,-95.58137,026,036,2681,1454,2026-04-06,1655,L8,H,D
35.277065,-95.581379,026,036,2681,1453,2026-04-06,1655,L8,L,D
35.294839,-94.427695,026,036,6180,1458,2026-04-06,1655,L8,H,D
35.294843,-94.427365,026,036,6181,1458,2026-04-06,1655,L8,H,D
35.295106,-94.42803,026,036,6179,1457,2026-04-06,1655,L8,H,D
35.29511,-94.4277,026,036,6180,1457,2026-04-06,1655,L8,H,D
35.295376,-94.428034,026,036,6179,1456,2026-04-06,1655,L8,L,D
35.295921,-94.427714,026,036,6180,1454,2026-04-06,1655,L8,H,D
35.317841,-94.898673,026,036,4754,1349,2026-04-06,1655,L8,H,D
35.317847,-94.898343,026,036,4755,1349,2026-04-06,1655,L8,M,D
35.325731,-94.376091,026,036,6338,1346,2026-04-06,1655,L8,H,D
35.326002,-94.376096,026,036,6338,1345,2026-04-06,1655,L8,H,D
35.326006,-94.375766,026,036,6339,1345,2026-04-06,1655,L8,H,D
35.326568,-94.300525,026,036,6567,1346,2026-04-06,1655,L8,H,D
35.369796,-95.272994,026,036,3624,1133,2026-04-06,1655,L8,L,D
35.370067,-95.273001,026,036,3624,1132,2026-04-06,1655,L8,L,D
35.370656,-95.990414,026,036,1451,1072,2026-04-06,1655,L8,L,D
35.370918,-95.990754,026,036,1450,1071,2026-04-06,1655,L8,H,D
35.370926,-95.990424,026,036,1451,1071,2026-04-06,1655,L8,L,D
35.370943,-95.989764,026,036,1453,1071,2026-04-06,1655,L8,L,D
35.370951,-95.989434,026,036,1454,1071,2026-04-06,1655,L8,L,D
35.370959,-95.989105,026,036,1455,1071,2026-04-06,1655,L8,H,D
35.385668,-95.929556,026,036,1637,1022,2026-04-06,1655,L8,H,D
35.385938,-95.929566,026,036,1637,1021,2026-04-06,1655,L8,H,D
35.385946,-95.929236,026,036,1638,1021,2026-04-06,1655,L8,H,D
35.387113,-94.555819,026,036,5797,1111,2026-04-06,1655,L8,H,D
35.393722,-94.668581,026,036,5456,1081,2026-04-06,1655,L8,H,D
35.393993,-94.668587,026,036,5456,1080,2026-04-06,1655,L8,M,D
35.436697,-95.253064,026,036,3690,887,2026-04-06,1655,L8,H,D
35.465532,-95.8918,026,036,1760,730,2026-04-06,1655,L8,H,D
35.478094,-95.61391,026,036,2602,707,2026-04-06,1655,L8,L,D
35.482641,-95.514545,026,036,2903,698,2026-04-06,1655,L8,H,D
35.482911,-95.514553,026,036,2903,697,2026-04-06,1655,L8,H,D
35.48789,-95.648281,026,036,2499,668,2026-04-06,1655,L8,H,D
35.487898,-95.647951,026,036,2500,668,2026-04-06,1655,L8,H,D
35.488168,-95.64796,026,036,2500,667,2026-04-06,1655,L8,H,D
35.50675,-95.795066,026,036,2057,586,2026-04-06,1655,L8,H,D
35.50702,-95.795076,026,036,2057,585,2026-04-06,1655,L8,H,D
35.507027,-95.794745,026,036,2058,585,2026-04-06,1655,L8,H,D
35.554516,-95.54293,026,036,2824,430,2026-04-06,1655,L8,L,D
35.554786,-95.542939,026,036,2824,429,2026-04-06,1655,L8,L,D
35.595499,-95.661093,026,036,2471,269,2026-04-06,1655,L8,L,D
35.601101,-95.89866,026,036,1754,228,2026-04-06,1655,L8,M,D
35.601109,-95.898329,026,036,1755,228,2026-04-06,1655,L8,H,D
35.601117,-95.897998,026,036,1756,228,2026-04-06,1655,L8,H,D
35.601379,-95.898339,026,036,1755,227,2026-04-06,1655,L8,H,D
35.601649,-95.898348,026,036,1755,226,2026-04-06,1655,L8,L,D
35.630768,-95.867937,026,036,1850,121,2026-04-06,1655,L8,L,D
35.630776,-95.867606,026,036,1851,121,2026-04-06,1655,L8,H,D
28.368331,-97.053657,026,040,2665,5699,2026-04-06,1656,L8,H,D
28.392891,-96.974225,026,040,2923,5604,2026-04-06,1656,L8,H,D
28.393157,-96.973914,026,040,2924,5603,2026-04-06,1656,L8,H,D
28.393161,-96.97422,026,040,2923,5603,2026-04-06,1656,L8,H,D
28.393175,-96.975138,026,040,2920,5603,2026-04-06,1656,L8,H,D
28.393189,-96.976056,026,040,2917,5603,2026-04-06,1656,L8,H,D
28.393427,-96.973909,026,040,2924,5602,2026-04-06,1656,L8,H,D
28.393432,-96.974215,026,040,2923,5602,2026-04-06,1656,L8,H,D
28.393445,-96.975133,026,040,2920,5602,2026-04-06,1656,L8,H,D
28.393459,-96.976051,026,040,2917,5602,2026-04-06,1656,L8,H,D
28.393482,-96.977581,026,040,2912,5602,2026-04-06,1656,L8,H,D
28.393698,-96.973904,026,040,2924,5601,2026-04-06,1656,L8,H,D
28.393702,-96.97421,026,040,2923,5601,2026-04-06,1656,L8,H,D
28.393716,-96.975128,026,040,2920,5601,2026-04-06,1656,L8,H,D
28.393753,-96.977576,026,040,2912,5601,2026-04-06,1656,L8,H,D
28.393757,-96.977882,026,040,2911,5601,2026-04-06,1656,L8,H,D
28.393766,-96.978494,026,040,2909,5601,2026-04-06,1656,L8,H,D
28.393771,-96.978801,026,040,2908,5601,2026-04-06,1656,L8,H,D
28.393987,-96.975123,026,040,2920,5600,2026-04-06,1656,L8,H,D
28.394,-96.976041,026,040,2917,5600,2026-04-06,1656,L8,H,D
28.394005,-96.976347,026,040,2916,5600,2026-04-06,1656,L8,H,D
28.394023,-96.977571,026,040,2912,5600,2026-04-06,1656,L8,H,D
28.394028,-96.977877,026,040,2911,5600,2026-04-06,1656,L8,H,D
28.394055,-96.979714,026,040,2905,5600,2026-04-06,1656,L8,H,D
28.394262,-96.975424,026,040,2919,5599,2026-04-06,1656,L8,H,D
28.394266,-96.97573,026,040,2918,5599,2026-04-06,1656,L8,H,D
28.394271,-96.976036,026,040,2917,5599,2026-04-06,1656,L8,H,D
28.394312,-96.97879,026,040,2908,5599,2026-04-06,1656,L8,H,D
28.394316,-96.979096,026,040,2907,5599,2026-04-06,1656,L8,H,D
28.394326,-96.979708,026,040,2905,5599,2026-04-06,1656,L8,H,D
28.39451,-96.973888,026,040,2924,5598,2026-04-06,1656,L8,H,D
28.394514,-96.974194,026,040,2923,5598,2026-04-06,1656,L8,H,D
28.394533,-96.975419,026,040,2919,5598,2026-04-06,1656,L8,H,D
28.394583,-96.978785,026,040,2908,5598,2026-04-06,1656,L8,H,D
28.394794,-96.974801,026,040,2921,5597,2026-04-06,1656,L8,H,D
28.394799,-96.975107,026,040,2920,5597,2026-04-06,1656,L8,H,D
28.394817,-96.976332,026,040,2916,5597,2026-04-06,1656,L8,H,D
28.395065,-96.974796,026,040,2921,5596,2026-04-06,1656,L8,H,D
28.395069,-96.975102,026,040,2920,5596,2026-04-06,1656,L8,H,D
28.395074,-96.975408,026,040,2919,5596,2026-04-06,1656,L8,H,D
28.395078,-96.975714,026,040,2918,5596,2026-04-06,1656,L8,H,D
28.395087,-96.976326,026,040,2916,5596,2026-04-06,1656,L8,H,D
28.395092,-96.976633,026,040,2915,5596,2026-04-06,1656,L8,H,D
28.395358,-96.976321,026,040,2916,5595,2026-04-06,1656,L8,H,D
28.395363,-96.976627,026,040,2915,5595,2026-04-06,1656,L8,H,D
28.395661,-96.978459,026,040,2909,5594,2026-04-06,1656,L8,H,D
28.395886,-96.975393,026,040,2919,5593,2026-04-06,1656,L8,H,D
28.39589,-96.975699,026,040,2918,5593,2026-04-06,1656,L8,H,D
28.395927,-96.978147,026,040,2910,5593,2026-04-06,1656,L8,H,D
28.395931,-96.978453,026,040,2909,5593,2026-04-06,1656,L8,H,D
28.395936,-96.978759,026,040,2908,5593,2026-04-06,1656,L8,H,D
28.39594,-96.979066,026,040,2907,5593,2026-04-06,1656,L8,H,D
28.396143,-96.97447,026,040,2922,5592,2026-04-06,1656,L8,H,D
28.396152,-96.975082,026,040,2920,5592,2026-04-06,1656,L8,H,D
28.396197,-96.978142,026,040,2910,5592,2026-04-06,1656,L8,H,D
28.396202,-96.978448,026,040,2909,5592,2026-04-06,1656,L8,H,D
28.396409,-96.974158,026,040,2923,5591,2026-04-06,1656,L8,H,D
28.396413,-96.974464,026,040,2922,5591,2026-04-06,1656,L8,H,D
28.396422,-96.975077,026,040,2920,5591,2026-04-06,1656,L8,H,D
28.396427,-96.975383,026,040,2919,5591,2026-04-06,1656,L8,H,D
28.39645,-96.976913,026,040,2914,5591,2026-04-06,1656,L8,H,D
28.396454,-96.977219,026,040,2913,5591,2026-04-06,1656,L8,H,D
28.396459,-96.977525,026,040,2912,5591,2026-04-06,1656,L8,H,D
28.396463,-96.977831,026,040,2911,5591,2026-04-06,1656,L8,H,D
28.396468,-96.978137,026,040,2910,5591,2026-04-06,1656,L8,H,D
28.396472,-96.978443,026,040,2909,5591,2026-04-06,1656,L8,H,D
28.396693,-96.975071,026,040,2920,5590,2026-04-06,1656,L8,H,D
28.396698,-96.975377,026,040,2919,5590,2026-04-06,1656,L8,H,D
28.39672,-96.976908,026,040,2914,5590,2026-04-06,1656,L8,H,D
28.396725,-96.977214,026,040,2913,5590,2026-04-06,1656,L8,H,D
28.397018,-96.978739,026,040,2908,5589,2026-04-06,1656,L8,H,D
28.397023,-96.979045,026,040,2907,5589,2026-04-06,1656,L8,H,D
28.397225,-96.974449,026,040,2922,5588,2026-04-06,1656,L8,H,D
28.39723,-96.974755,026,040,2921,5588,2026-04-06,1656,L8,H,D
28.397257,-96.976591,026,040,2915,5588,2026-04-06,1656,L8,H,D
28.397262,-96.976897,026,040,2914,5588,2026-04-06,1656,L8,H,D
28.39728,-96.978122,026,040,2910,5588,2026-04-06,1656,L8,H,D
28.397284,-96.978428,026,040,2909,5588,2026-04-06,1656,L8,H,D
28.397289,-96.978734,026,040,2908,5588,2026-04-06,1656,L8,H,D
28.397496,-96.974444,026,040,2922,5587,2026-04-06,1656,L8,H,D
28.3975,-96.97475,026,040,2921,5587,2026-04-06,1656,L8,H,D
28.397528,-96.976586,026,040,2915,5587,2026-04-06,1656,L8,H,D
28.397532,-96.976892,026,040,2914,5587,2026-04-06,1656,L8,H,D
28.397537,-96.977198,026,040,2913,5587,2026-04-06,1656,L8,H,D
28.39755,-96.978117,026,040,2910,5587,2026-04-06,1656,L8,H,D
28.397555,-96.978423,026,040,2909,5587,2026-04-06,1656,L8,H,D
28.397767,-96.974439,026,040,2922,5586,2026-04-06,1656,L8,H,D
28.397798,-96.976581,026,040,2915,5586,2026-04-06,1656,L8,H,D
28.397803,-96.976887,026,040,2914,5586,2026-04-06,1656,L8,H,D
28.397807,-96.977193,026,040,2913,5586,2026-04-06,1656,L8,H,D
28.398064,-96.97627,026,040,2916,5585,2026-04-06,1656,L8,H,D
28.398069,-96.976576,026,040,2915,5585,2026-04-06,1656,L8,H,D
28.398074,-96.976882,026,040,2914,5585,2026-04-06,1656,L8,H,D
28.398312,-96.974734,026,040,2921,5584,2026-04-06,1656,L8,H,D
28.398317,-96.97504,026,040,2920,5584,2026-04-06,1656,L8,H,D
28.39834,-96.976571,026,040,2915,5584,2026-04-06,1656,L8,H,D
28.398588,-96.975035,026,040,2920,5583,2026-04-06,1656,L8,H,D
28.398619,-96.977178,026,040,2913,5583,2026-04-06,1656,L8,H,D
28.398624,-96.977484,026,040,2912,5583,2026-04-06,1656,L8,H,D
28.398638,-96.978402,026,040,2909,5583,2026-04-06,1656,L8,H,D
28.398858,-96.97503,026,040,2920,5582,2026-04-06,1656,L8,H,D
28.398863,-96.975336,026,040,2919,5582,2026-04-06,1656,L8,H,D
28.39889,-96.977173,026,040,2913,5582,2026-04-06,1656,L8,H,D
28.398895,-96.977479,026,040,2912,5582,2026-04-06,1656,L8,H,D
28.398904,-96.978091,026,040,2910,5582,2026-04-06,1656,L8,H,D
28.398908,-96.978397,026,040,2909,5582,2026-04-06,1656,L8,H,D
28.399129,-96.975025,026,040,2920,5581,2026-04-06,1656,L8,H,D
28.399133,-96.975331,026,040,2919,5581,2026-04-06,1656,L8,H,D
28.39917,-96.97778,026,040,2911,5581,2026-04-06,1656,L8,H,D
28.399174,-96.978086,026,040,2910,5581,2026-04-06,1656,L8,H,D
28.399427,-96.976856,026,040,2914,5580,2026-04-06,1656,L8,H,D
28.399431,-96.977162,026,040,2913,5580,2026-04-06,1656,L8,H,D
28.39944,-96.977774,026,040,2911,5580,2026-04-06,1656,L8,H,D
28.399675,-96.975321,026,040,2919,5579,2026-04-06,1656,L8,H,D
28.399679,-96.975627,026,040,2918,5579,2026-04-06,1656,L8,H,D
28.399697,-96.976851,026,040,2914,5579,2026-04-06,1656,L8,H,D
28.399716,-96.978075,026,040,2910,5579,2026-04-06,1656,L8,H,D
28.399945,-96.975316,026,040,2919,5578,2026-04-06,1656,L8,H,D
28.39995,-96.975622,026,040,2918,5578,2026-04-06,1656,L8,H,D
28.399986,-96.97807,026,040,2910,5578,2026-04-06,1656,L8,H,D
28.400234,-96.976535,026,040,2915,5577,2026-04-06,1656,L8,H,D
28.400239,-96.976841,026,040,2914,5577,2026-04-06,1656,L8,H,D
28.4005,-96.976224,026,040,2916,5576,2026-04-06,1656,L8,H,D
28.400505,-96.97653,026,040,2915,5576,2026-04-06,1656,L8,H,D
28.400509,-96.976836,026,040,2914,5576,2026-04-06,1656,L8,H,D
28.400514,-96.977142,026,040,2913,5576,2026-04-06,1656,L8,H,D
28.40078,-96.976831,026,040,2914,5575,2026-04-06,1656,L8,H,D
28.400784,-96.977137,026,040,2913,5575,2026-04-06,1656,L8,H,D
28.402119,-96.975887,026,040,2917,5570,2026-04-06,1656,L8,H,D
28.402133,-96.976805,026,040,2914,5570,2026-04-06,1656,L8,H,D
28.402147,-96.977723,026,040,2911,5570,2026-04-06,1656,L8,H,D
28.40239,-96.975882,026,040,2917,5569,2026-04-06,1656,L8,H,D
28.402395,-96.976188,026,040,2916,5569,2026-04-06,1656,L8,H,D
28.402399,-96.976494,026,040,2915,5569,2026-04-06,1656,L8,H,D
28.402404,-96.9768,026,040,2914,5569,2026-04-06,1656,L8,H,D
28.402408,-96.977106,026,040,2913,5569,2026-04-06,1656,L8,M,D
28.402413,-96.977412,026,040,2912,5569,2026-04-06,1656,L8,H,D
28.402417,-96.977718,026,040,2911,5569,2026-04-06,1656,L8,H,D
28.402661,-96.975876,026,040,2917,5568,2026-04-06,1656,L8,H,D
28.402665,-96.976182,026,040,2916,5568,2026-04-06,1656,L8,H,D
28.40267,-96.976489,026,040,2915,5568,2026-04-06,1656,L8,H,D
28.402674,-96.976795,026,040,2914,5568,2026-04-06,1656,L8,H,D
28.402679,-96.977101,026,040,2913,5568,2026-04-06,1656,L8,H,D
28.402931,-96.975871,026,040,2917,5567,2026-04-06,1656,L8,H,D
28.402936,-96.976177,026,040,2916,5567,2026-04-06,1656,L8,H,D
28.40294,-96.976483,026,040,2915,5567,2026-04-06,1656,L8,H,D
28.402945,-96.976789,026,040,2914,5567,2026-04-06,1656,L8,H,D
28.40295,-96.977096,026,040,2913,5567,2026-04-06,1656,L8,H,D
28.403202,-96.975866,026,040,2917,5566,2026-04-06,1656,L8,H,D
28.403206,-96.976172,026,040,2916,5566,2026-04-06,1656,L8,H,D
28.40322,-96.97709,026,040,2913,5566,2026-04-06,1656,L8,H,D
28.403225,-96.977396,026,040,2912,5566,2026-04-06,1656,L8,H,D
28.403229,-96.977703,026,040,2911,5566,2026-04-06,1656,L8,H,D
28.403491,-96.977085,026,040,2913,5565,2026-04-06,1656,L8,H,D
28.513429,-96.771496,026,040,3577,5147,2026-04-06,1656,L8,H,D
28.640908,-96.551275,026,040,4286,4662,2026-04-06,1656,L8,H,D
28.673636,-97.33321,026,040,1736,4585,2026-04-06,1656,L8,H,D
28.673639,-97.333517,026,040,1735,4585,2026-04-06,1656,L8,H,D
28.681088,-97.097631,026,040,2503,4546,2026-04-06,1656,L8,H,D
28.681092,-97.097938,026,040,2502,4546,2026-04-06,1656,L8,H,D
28.68135,-97.097013,026,040,2505,4545,2026-04-06,1656,L8,H,D
28.681358,-97.097627,026,040,2503,4545,2026-04-06,1656,L8,H,D
28.68162,-97.097008,026,040,2505,4544,2026-04-06,1656,L8,H,D
28.698969,-96.544091,026,040,4305,4447,2026-04-06,1656,L8,H,D
28.699234,-96.543778,026,040,4306,4446,2026-04-06,1656,L8,H,D
28.699239,-96.544085,026,040,4305,4446,2026-04-06,1656,L8,H,D
28.701342,-96.540659,026,040,4316,4438,2026-04-06,1656,L8,H,D
28.701613,-96.540653,026,040,4316,4437,2026-04-06,1656,L8,H,D
28.707049,-97.174233,026,040,2252,4454,2026-04-06,1656,L8,H,D
28.707053,-97.17454,026,040,2251,4454,2026-04-06,1656,L8,H,D
28.707323,-97.174536,026,040,2251,4453,2026-04-06,1656,L8,H,D
28.817231,-97.298652,026,040,1841,4053,2026-04-06,1656,L8,H,D
28.817235,-97.298959,026,040,1840,4053,2026-04-06,1656,L8,H,D
28.817498,-97.29834,026,040,1842,4052,2026-04-06,1656,L8,H,D
28.817502,-97.298648,026,040,1841,4052,2026-04-06,1656,L8,H,D
28.817506,-97.298955,026,040,1840,4052,2026-04-06,1656,L8,H,D
28.817769,-97.298336,026,040,1842,4051,2026-04-06,1656,L8,H,D
28.817773,-97.298643,026,040,1841,4051,2026-04-06,1656,L8,H,D
28.817776,-97.298951,026,040,1840,4051,2026-04-06,1656,L8,H,D
28.818039,-97.298331,026,040,1842,4050,2026-04-06,1656,L8,H,D
28.818043,-97.298639,026,040,1841,4050,2026-04-06,1656,L8,L,D
28.818047,-97.298946,026,040,1840,4050,2026-04-06,1656,L8,H,D
28.818318,-97.298942,026,040,1840,4049,2026-04-06,1656,L8,H,D
28.818322,-97.299249,026,040,1839,4049,2026-04-06,1656,L8,M,D
28.818588,-97.298937,026,040,1840,4048,2026-04-06,1656,L8,H,D
28.819138,-97.299543,026,040,1838,4046,2026-04-06,1656,L8,H,D
28.819408,-97.299539,026,040,1838,4045,2026-04-06,1656,L8,M,D
28.820758,-97.299209,026,040,1839,4040,2026-04-06,1656,L8,H,D
28.820762,-97.299517,026,040,1838,4040,2026-04-06,1656,L8,H,D
28.821028,-97.299205,026,040,1839,4039,2026-04-06,1656,L8,H,D
28.821032,-97.299512,026,040,1838,4039,2026-04-06,1656,L8,H,D
28.821036,-97.29982,026,040,1837,4039,2026-04-06,1656,L8,H,D
28.821299,-97.299201,026,040,1839,4038,2026-04-06,1656,L8,H,D
28.821303,-97.299508,026,040,1838,4038,2026-04-06,1656,L8,H,D
28.825463,-97.307433,026,040,1812,4023,2026-04-06,1656,L8,H,D
28.825715,-97.305892,026,040,1817,4022,2026-04-06,1656,L8,H,D
28.825985,-97.305888,026,040,1817,4021,2026-04-06,1656,L8,H,D
28.826824,-97.308026,026,040,1810,4018,2026-04-06,1656,L8,H,D
28.843043,-96.201376,026,040,5409,3890,2026-04-06,1656,L8,H,D
28.843313,-96.201369,026,040,5409,3889,2026-04-06,1656,L8,H,D
28.845608,-96.89265,026,040,3160,3927,2026-04-06,1656,L8,H,D
28.845612,-96.892957,026,040,3159,3927,2026-04-06,1656,L8,H,D
28.993647,-97.188002,026,040,2191,3396,2026-04-06,1656,L8,H,D
28.993918,-97.187997,026,040,2191,3395,2026-04-06,1656,L8,H,D
29.024239,-97.569406,026,040,951,3300,2026-04-06,1656,L8,H,D
29.024509,-97.569402,026,040,951,3299,2026-04-06,1656,L8,H,D
29.025054,-97.569702,026,040,950,3297,2026-04-06,1656,L8,H,D
29.025315,-97.568775,026,040,953,3296,2026-04-06,1656,L8,H,D
29.025318,-97.569083,026,040,952,3296,2026-04-06,1656,L8,H,D
29.025585,-97.568771,026,040,953,3295,2026-04-06,1656,L8,H,D
29.025589,-97.569079,026,040,952,3295,2026-04-06,1656,L8,H,D
29.081416,-95.755714,026,040,6835,2972,2026-04-06,1656,L8,M,D
29.15613,-97.548459,026,040,1013,2812,2026-04-06,1656,L8,H,D
29.1564,-97.548455,026,040,1013,2811,2026-04-06,1656,L8,H,D
29.24662,-97.50551,026,040,1148,2476,2026-04-06,1656,L8,H,D
29.246891,-97.505506,026,040,1148,2475,2026-04-06,1656,L8,H,D
29.275029,-97.321689,026,040,1742,2363,2026-04-06,1656,L8,H,D
29.276485,-97.308389,026,040,1785,2357,2026-04-06,1656,L8,H,D
29.276756,-97.308384,026,040,1785,2356,2026-04-06,1656,L8,H,D
29.3345,-97.472408,026,040,1251,2150,2026-04-06,1656,L8,H,D
29.400723,-95.714413,026,039,5846,7128,2026-04-06,1656,L8,H,D
29.400723,-95.714413,026,040,6936,1788,2026-04-06,1656,L8,H,D
29.440507,-97.349591,026,040,1643,1753,2026-04-06,1656,L8,L,D
29.545723,-95.725199,026,040,6886,1253,2026-04-06,1656,L8,L,D
29.545723,-95.725199,026,039,5796,6593,2026-04-06,1656,L8,L,D
29.54573,-95.725508,026,040,6885,1253,2026-04-06,1656,L8,L,D
29.54573,-95.725508,026,039,5795,6593,2026-04-06,1656,L8,L,D
29.545993,-95.72519,026,040,6886,1252,2026-04-06,1656,L8,H,D
29.545993,-95.72519,026,039,5796,6592,2026-04-06,1656,L8,H,D
29.546001,-95.725499,026,040,6885,1252,2026-04-06,1656,L8,H,D
29.546001,-95.725499,026,039,5795,6592,2026-04-06,1656,L8,H,D
29.65267,-95.874434,026,039,5303,6211,2026-04-06,1656,L8,H,D
29.652677,-95.874743,026,039,5302,6211,2026-04-06,1656,L8,H,D
29.65294,-95.874425,026,039,5303,6210,2026-04-06,1656,L8,H,D
29.652947,-95.874735,026,039,5302,6210,2026-04-06,1656,L8,H,D
29.680518,-97.320264,026,040,1725,865,2026-04-06,1656,L8,H,D
29.680518,-97.320264,026,039,635,6205,2026-04-06,1656,L8,H,D
29.680785,-97.31995,026,039,636,6204,2026-04-06,1656,L8,H,D
29.680785,-97.31995,026,040,1726,864,2026-04-06,1656,L8,H,D
29.680789,-97.32026,026,040,1725,864,2026-04-06,1656,L8,H,D
29.680789,-97.32026,026,039,635,6204,2026-04-06,1656,L8,H,D
29.680793,-97.32057,026,040,1724,864,2026-04-06,1656,L8,H,D
29.680793,-97.32057,026,039,634,6204,2026-04-06,1656,L8,H,D
29.681056,-97.319945,026,039,636,6203,2026-04-06,1656,L8,L,D
29.681056,-97.319945,026,040,1726,863,2026-04-06,1656,L8,H,D
29.68106,-97.320255,026,040,1725,863,2026-04-06,1656,L8,H,D
29.68106,-97.320255,026,039,635,6203,2026-04-06,1656,L8,H,D
29.700352,-97.105073,026,039,1328,6121,2026-04-06,1656,L8,H,D
29.700352,-97.105073,026,040,2418,781,2026-04-06,1656,L8,H,D
29.700356,-97.105383,026,040,2417,781,2026-04-06,1656,L8,H,D
29.700356,-97.105383,026,039,1327,6121,2026-04-06,1656,L8,H,D
29.700622,-97.105068,026,039,1328,6120,2026-04-06,1656,L8,H,D
29.700622,-97.105068,026,040,2418,780,2026-04-06,1656,L8,H,D
29.700627,-97.105378,026,040,2417,780,2026-04-06,1656,L8,L,D
29.723315,-96.052647,026,039,4721,5965,2026-04-06,1656,L8,H,D
29.723585,-96.052639,026,039,4721,5964,2026-04-06,1656,L8,H,D
29.76071,-96.018992,026,039,4826,5824,2026-04-06,1656,L8,H,D
29.762692,-96.221748,026,039,4172,5833,2026-04-06,1656,L8,H,D
29.77633,-95.980072,026,039,4950,5763,2026-04-06,1656,L8,H,D
29.776337,-95.980382,026,039,4949,5763,2026-04-06,1656,L8,H,D
29.791506,-95.957593,026,039,5021,5705,2026-04-06,1656,L8,H,D
29.791514,-95.957903,026,039,5020,5705,2026-04-06,1656,L8,L,D
29.803018,-95.987646,026,039,4923,5665,2026-04-06,1656,L8,L,D
29.803288,-95.987638,026,039,4923,5664,2026-04-06,1656,L8,H,D
29.856508,-95.81161,026,039,5485,5452,2026-04-06,1656,L8,H,D
30.006138,-96.887204,026,039,2010,4979,2026-04-06,1656,L8,H,D
30.006143,-96.887515,026,039,2009,4979,2026-04-06,1656,L8,H,D
30.027104,-95.863364,026,039,5301,4826,2026-04-06,1656,L8,H,D
30.033525,-96.035107,026,039,4748,4817,2026-04-06,1656,L8,H,D
30.109988,-95.74531,026,039,5672,4509,2026-04-06,1656,L8,H,D
30.109996,-95.74562,026,039,5671,4509,2026-04-06,1656,L8,H,D
30.110258,-95.745301,026,039,5672,4508,2026-04-06,1656,L8,M,D
30.110266,-95.745612,026,039,5671,4508,2026-04-06,1656,L8,L,D
30.127849,-95.845243,026,039,5349,4452,2026-04-06,1656,L8,H,D
30.128119,-95.845234,026,039,5349,4451,2026-04-06,1656,L8,H,D
30.128126,-95.845545,026,039,5348,4451,2026-04-06,1656,L8,H,D
30.148225,-96.516432,026,039,3191,4430,2026-04-06,1656,L8,H,D
30.14849,-96.516114,026,039,3192,4429,2026-04-06,1656,L8,H,D
30.148496,-96.516425,026,039,3191,4429,2026-04-06,1656,L8,H,D
30.157196,-96.08465,026,039,4577,4364,2026-04-06,1656,L8,L,D
30.164783,-96.562419,026,039,3042,4372,2026-04-06,1656,L8,L,D
30.205449,-96.076686,026,039,4598,4185,2026-04-06,1656,L8,L,D
30.209187,-96.394954,026,039,3576,4196,2026-04-06,1656,L8,H,D
30.2144,-96.331259,026,039,3780,4172,2026-04-06,1656,L8,H,D
30.214664,-96.33094,026,039,3781,4171,2026-04-06,1656,L8,H,D
30.21467,-96.331252,026,039,3780,4171,2026-04-06,1656,L8,H,D
30.214676,-96.331563,026,039,3779,4171,2026-04-06,1656,L8,H,D
30.214928,-96.330621,026,039,3782,4170,2026-04-06,1656,L8,H,D
30.214934,-96.330933,026,039,3781,4170,2026-04-06,1656,L8,H,D
30.21494,-96.331244,026,039,3780,4170,2026-04-06,1656,L8,L,D
30.221571,-96.679431,026,039,2662,4170,2026-04-06,1656,L8,H,D
30.222901,-96.693423,026,039,2617,4166,2026-04-06,1656,L8,L,D
30.223171,-96.693416,026,039,2617,4165,2026-04-06,1656,L8,L,D
30.22341,-95.588948,026,039,6162,4075,2026-04-06,1656,L8,L,D
30.223418,-95.589259,026,039,6161,4075,2026-04-06,1656,L8,L,D
30.22368,-95.588939,026,039,6162,4074,2026-04-06,1656,L8,H,D
30.223689,-95.58925,026,039,6161,4074,2026-04-06,1656,L8,H,D
30.225037,-96.691815,026,039,2622,4158,2026-04-06,1656,L8,H,D
30.230778,-95.953492,026,039,4991,4081,2026-04-06,1656,L8,H,D
30.230785,-95.953804,026,039,4990,4081,2026-04-06,1656,L8,H,D
30.231048,-95.953484,026,039,4991,4080,2026-04-06,1656,L8,H,D
30.232376,-97.273865,026,039,754,4164,2026-04-06,1656,L8,H,D
30.232396,-96.694759,026,039,2612,4131,2026-04-06,1656,L8,H,D
30.234797,-96.692833,026,039,2618,4122,2026-04-06,1656,L8,L,D
30.235052,-96.691892,026,039,2621,4121,2026-04-06,1656,L8,H,D
30.235063,-96.692515,026,039,2619,4121,2026-04-06,1656,L8,L,D
30.235068,-96.692827,026,039,2618,4121,2026-04-06,1656,L8,L,D
30.235333,-96.692509,026,039,2619,4120,2026-04-06,1656,L8,H,D
30.236877,-95.702813,026,039,5795,4036,2026-04-06,1656,L8,M,D
30.236885,-95.703125,026,039,5794,4036,2026-04-06,1656,L8,H,D
30.237148,-95.702804,026,039,5795,4035,2026-04-06,1656,L8,H,D
30.237155,-95.703116,026,039,5794,4035,2026-04-06,1656,L8,H,D
30.237418,-95.702795,026,039,5795,4034,2026-04-06,1656,L8,H,D
30.237426,-95.703107,026,039,5794,4034,2026-04-06,1656,L8,H,D
30.242888,-96.117957,026,039,4462,4050,2026-04-06,1656,L8,H,D
30.242895,-96.118269,026,039,4461,4050,2026-04-06,1656,L8,H,D
30.243159,-96.117949,026,039,4462,4049,2026-04-06,1656,L8,H,D
30.243166,-96.118261,026,039,4461,4049,2026-04-06,1656,L8,H,D
30.245247,-96.61155,026,039,2878,4078,2026-04-06,1656,L8,L,D
30.260453,-95.824804,026,039,5401,3960,2026-04-06,1656,L8,L,D
30.260611,-95.422213,026,039,6693,3921,2026-04-06,1656,L8,L,D
30.282836,-95.755821,026,039,5620,3871,2026-04-06,1656,L8,L,D
30.283107,-95.755812,026,039,5620,3870,2026-04-06,1656,L8,H,D
30.283114,-95.756124,026,039,5619,3870,2026-04-06,1656,L8,H,D
30.283377,-95.755803,026,039,5620,3869,2026-04-06,1656,L8,H,D
30.283385,-95.756115,026,039,5619,3869,2026-04-06,1656,L8,H,D
30.283655,-95.756106,026,039,5619,3868,2026-04-06,1656,L8,L,D
30.287987,-96.304325,026,039,3860,3898,2026-04-06,1656,L8,L,D
30.289095,-96.412799,026,039,3512,3902,2026-04-06,1656,L8,H,D
30.289101,-96.41311,026,039,3511,3902,2026-04-06,1656,L8,H,D
30.289365,-96.412792,026,039,3512,3901,2026-04-06,1656,L8,H,D
30.289371,-96.413103,026,039,3511,3901,2026-04-06,1656,L8,H,D
30.296084,-95.722965,026,039,5724,3819,2026-04-06,1656,L8,H,D
30.296354,-95.722956,026,039,5724,3818,2026-04-06,1656,L8,H,D
30.297795,-96.387624,026,039,3592,3868,2026-04-06,1656,L8,H,D
30.299451,-95.674222,026,039,5880,3802,2026-04-06,1656,L8,H,D
30.299722,-95.674213,026,039,5880,3801,2026-04-06,1656,L8,M,D
30.299992,-95.674204,026,039,5880,3800,2026-04-06,1656,L8,M,D
30.312425,-95.507928,026,039,6412,3738,2026-04-06,1656,L8,H,D
30.312434,-95.508239,026,039,6411,3738,2026-04-06,1656,L8,H,D
30.312704,-95.50823,026,039,6411,3737,2026-04-06,1656,L8,H,D
30.315683,-96.348788,026,039,3715,3799,2026-04-06,1656,L8,H,D
30.31569,-96.3491,026,039,3714,3799,2026-04-06,1656,L8,L,D
30.320709,-96.040834,026,039,4702,3756,2026-04-06,1656,L8,L,D
30.325507,-96.35289,026,039,3701,3763,2026-04-06,1656,L8,H,D
30.325778,-96.352883,026,039,3701,3762,2026-04-06,1656,L8,H,D
30.344934,-95.761882,026,039,5594,3642,2026-04-06,1656,L8,M,D
30.344942,-95.762193,026,039,5593,3642,2026-04-06,1656,L8,H,D
30.345799,-95.764037,026,039,5587,3639,2026-04-06,1656,L8,H,D
30.356477,-96.079377,026,039,4575,3627,2026-04-06,1656,L8,H,D
30.356484,-96.079689,026,039,4574,3627,2026-04-06,1656,L8,H,D
30.35674,-96.079058,026,039,4576,3626,2026-04-06,1656,L8,L,D
30.356747,-96.079369,026,039,4575,3626,2026-04-06,1656,L8,H,D
30.356754,-96.079681,026,039,4574,3626,2026-04-06,1656,L8,H,D
30.359001,-96.083358,026,039,4562,3618,2026-04-06,1656,L8,H,D
30.359008,-96.08367,026,039,4561,3618,2026-04-06,1656,L8,H,D
30.359015,-96.083982,026,039,4560,3618,2026-04-06,1656,L8,H,D
30.359264,-96.083038,026,039,4563,3617,2026-04-06,1656,L8,H,D
30.359271,-96.08335,026,039,4562,3617,2026-04-06,1656,L8,H,D
30.359278,-96.083662,026,039,4561,3617,2026-04-06,1656,L8,H,D
30.359285,-96.083974,026,039,4560,3617,2026-04-06,1656,L8,H,D
30.359535,-96.08303,026,039,4563,3616,2026-04-06,1656,L8,H,D
30.359542,-96.083342,026,039,4562,3616,2026-04-06,1656,L8,H,D
30.359549,-96.083654,026,039,4561,3616,2026-04-06,1656,L8,H,D
30.359556,-96.083965,026,039,4560,3616,2026-04-06,1656,L8,H,D
30.359805,-96.083022,026,039,4563,3615,2026-04-06,1656,L8,H,D
30.359812,-96.083334,026,039,4562,3615,2026-04-06,1656,L8,H,D
30.359819,-96.083646,026,039,4561,3615,2026-04-06,1656,L8,H,D
30.360075,-96.083014,026,039,4563,3614,2026-04-06,1656,L8,H,D
30.360082,-96.083326,026,039,4562,3614,2026-04-06,1656,L8,H,D
30.360089,-96.083638,026,039,4561,3614,2026-04-06,1656,L8,H,D
30.360346,-96.083006,026,039,4563,3613,2026-04-06,1656,L8,H,D
30.360353,-96.083318,026,039,4562,3613,2026-04-06,1656,L8,H,D
30.36036,-96.08363,026,039,4561,3613,2026-04-06,1656,L8,H,D
30.367163,-96.772745,026,039,2352,3638,2026-04-06,1656,L8,L,D
30.378013,-95.325607,026,039,6989,3477,2026-04-06,1656,L8,H,D
30.385326,-96.015171,026,039,4778,3515,2026-04-06,1656,L8,H,D
30.385333,-96.015483,026,039,4777,3515,2026-04-06,1656,L8,H,D
30.385597,-96.015163,026,039,4778,3514,2026-04-06,1656,L8,M,D
30.385604,-96.015475,026,039,4777,3514,2026-04-06,1656,L8,M,D
30.3865,-96.019192,026,039,4765,3511,2026-04-06,1656,L8,L,D
30.38679,-95.813858,026,039,5423,3492,2026-04-06,1656,L8,L,D
30.401701,-96.540943,026,039,3092,3495,2026-04-06,1656,L8,H,D
30.401707,-96.541255,026,039,3091,3495,2026-04-06,1656,L8,H,D
30.435084,-96.649093,026,039,2743,3379,2026-04-06,1656,L8,L,D
30.43509,-96.649405,026,039,2742,3379,2026-04-06,1656,L8,L,D
30.444522,-95.521953,026,039,6352,3251,2026-04-06,1656,L8,H,D
30.447869,-96.667839,026,039,2682,3333,2026-04-06,1656,L8,M,D
30.447875,-96.668151,026,039,2681,3333,2026-04-06,1656,L8,H,D
30.448134,-96.66752,026,039,2683,3332,2026-04-06,1656,L8,H,D
30.448139,-96.667832,026,039,2682,3332,2026-04-06,1656,L8,H,D
30.448145,-96.668144,026,039,2681,3332,2026-04-06,1656,L8,H,D
30.448404,-96.667513,026,039,2683,3331,2026-04-06,1656,L8,H,D
30.448669,-96.667195,026,039,2684,3330,2026-04-06,1656,L8,M,D
30.448934,-96.666876,026,039,2685,3329,2026-04-06,1656,L8,H,D
30.44894,-96.667188,026,039,2684,3329,2026-04-06,1656,L8,H,D
30.449464,-96.666239,026,039,2687,3327,2026-04-06,1656,L8,L,D
30.44947,-96.666551,026,039,2686,3327,2026-04-06,1656,L8,H,D
30.449701,-96.664359,026,039,2693,3326,2026-04-06,1656,L8,H,D
30.449707,-96.664671,026,039,2692,3326,2026-04-06,1656,L8,H,D
30.449734,-96.666232,026,039,2687,3326,2026-04-06,1656,L8,H,D
30.44974,-96.666545,026,039,2686,3326,2026-04-06,1656,L8,H,D
30.449971,-96.664353,026,039,2693,3325,2026-04-06,1656,L8,H,D
30.449977,-96.664665,026,039,2692,3325,2026-04-06,1656,L8,H,D
30.449999,-96.665914,026,039,2688,3325,2026-04-06,1656,L8,H,D
30.450005,-96.666226,026,039,2687,3325,2026-04-06,1656,L8,H,D
30.450011,-96.666538,026,039,2686,3325,2026-04-06,1656,L8,H,D
30.450248,-96.664658,026,039,2692,3324,2026-04-06,1656,L8,H,D
30.45027,-96.665907,026,039,2688,3324,2026-04-06,1656,L8,H,D
30.450518,-96.664652,026,039,2692,3323,2026-04-06,1656,L8,L,D
30.45054,-96.665901,026,039,2688,3323,2026-04-06,1656,L8,H,D
30.450777,-96.664021,026,039,2694,3322,2026-04-06,1656,L8,H,D
30.451042,-96.663702,026,039,2695,3321,2026-04-06,1656,L8,H,D
30.451048,-96.664015,026,039,2694,3321,2026-04-06,1656,L8,H,D
30.451053,-96.664327,026,039,2693,3321,2026-04-06,1656,L8,H,D
30.451059,-96.664639,026,039,2692,3321,2026-04-06,1656,L8,H,D
30.451065,-96.664951,026,039,2691,3321,2026-04-06,1656,L8,H,D
30.45107,-96.665264,026,039,2690,3321,2026-04-06,1656,L8,M,D
30.45133,-96.664633,026,039,2692,3320,2026-04-06,1656,L8,H,D
30.451335,-96.664945,026,039,2691,3320,2026-04-06,1656,L8,H,D
30.49864,-96.025148,026,039,4735,3097,2026-04-06,1656,L8,L,D
30.499983,-96.170388,026,039,4270,3104,2026-04-06,1656,L8,M,D
30.499989,-96.1707,026,039,4269,3104,2026-04-06,1656,L8,H,D
30.50026,-96.170693,026,039,4269,3103,2026-04-06,1656,L8,H,D
30.50028,-96.171629,026,039,4266,3103,2026-04-06,1656,L8,H,D
30.501663,-96.561242,026,039,3019,3127,2026-04-06,1656,L8,H,D
30.501933,-96.561236,026,039,3019,3126,2026-04-06,1656,L8,H,D
30.511012,-96.268814,026,039,3954,3071,2026-04-06,1656,L8,L,D
30.511389,-96.709454,026,039,2544,3101,2026-04-06,1656,L8,H,D
30.528141,-97.094204,026,039,1312,3062,2026-04-06,1656,L8,H,D
30.528411,-97.094198,026,039,1312,3061,2026-04-06,1656,L8,H,D
30.543695,-96.522989,026,039,3138,2969,2026-04-06,1656,L8,L,D
30.543701,-96.523302,026,039,3137,2969,2026-04-06,1656,L8,H,D
30.543707,-96.523614,026,039,3136,2969,2026-04-06,1656,L8,H,D
30.543965,-96.522982,026,039,3138,2968,2026-04-06,1656,L8,H,D
30.543971,-96.523295,026,039,3137,2968,2026-04-06,1656,L8,H,D
30.543977,-96.523607,026,039,3136,2968,2026-04-06,1656,L8,H,D
30.544396,-96.379166,026,039,3598,2956,2026-04-06,1656,L8,H,D
30.544792,-96.843112,026,039,2114,2986,2026-04-06,1656,L8,H,D
30.544797,-96.843425,026,039,2113,2986,2026-04-06,1656,L8,L,D
30.557619,-96.025225,026,039,4729,2879,2026-04-06,1656,L8,L,D
30.557897,-96.025529,026,039,4728,2878,2026-04-06,1656,L8,H,D
30.557904,-96.025841,026,039,4727,2878,2026-04-06,1656,L8,L,D
30.558167,-96.02552,026,039,4728,2877,2026-04-06,1656,L8,H,D
30.564443,-96.93681,026,039,1813,2919,2026-04-06,1656,L8,H,D
30.564448,-96.937122,026,039,1812,2919,2026-04-06,1656,L8,H,D
30.579956,-95.529314,026,039,6313,2751,2026-04-06,1656,L8,H,D
30.605508,-97.128985,026,039,1196,2778,2026-04-06,1656,L8,H,D
30.605779,-97.128979,026,039,1196,2777,2026-04-06,1656,L8,H,D
30.605783,-97.129292,026,039,1195,2777,2026-04-06,1656,L8,H,D
30.607856,-97.104221,026,039,1275,2768,2026-04-06,1656,L8,H,D
30.620984,-97.022603,026,039,1535,2715,2026-04-06,1656,L8,H,D
30.625875,-96.710516,026,039,2532,2678,2026-04-06,1656,L8,L,D
30.625881,-96.710828,026,039,2531,2678,2026-04-06,1656,L8,H,D
30.626963,-96.710803,026,039,2531,2674,2026-04-06,1656,L8,H,D
30.626968,-96.711116,026,039,2530,2674,2026-04-06,1656,L8,H,D
30.627239,-96.711109,026,039,2530,2673,2026-04-06,1656,L8,H,D
30.630117,-96.084638,026,039,4532,2616,2026-04-06,1656,L8,L,D
30.630124,-96.08495,026,039,4531,2616,2026-04-06,1656,L8,H,D
30.630388,-96.08463,026,039,4532,2615,2026-04-06,1656,L8,H,D
30.630395,-96.084942,026,039,4531,2615,2026-04-06,1656,L8,H,D
30.630665,-96.084934,026,039,4531,2614,2026-04-06,1656,L8,L,D
30.63122,-96.085543,026,039,4529,2612,2026-04-06,1656,L8,H,D
30.63149,-96.085535,026,039,4529,2611,2026-04-06,1656,L8,H,D
30.6326,-96.086753,026,039,4525,2607,2026-04-06,1656,L8,H,D
30.632863,-96.086433,026,039,4526,2606,2026-04-06,1656,L8,H,D
30.63287,-96.086745,026,039,4525,2606,2026-04-06,1656,L8,H,D
30.635616,-96.08854,026,039,4519,2596,2026-04-06,1656,L8,H,D
30.635886,-96.088532,026,039,4519,2595,2026-04-06,1656,L8,L,D
30.636441,-96.089141,026,039,4517,2593,2026-04-06,1656,L8,H,D
30.637412,-97.08956,026,039,1320,2658,2026-04-06,1656,L8,H,D
30.637416,-97.089873,026,039,1319,2658,2026-04-06,1656,L8,H,D
30.647218,-96.223058,026,039,4088,2564,2026-04-06,1656,L8,L,D
30.64805,-96.223973,026,039,4085,2561,2026-04-06,1656,L8,L,D
30.648056,-96.224286,026,039,4084,2561,2026-04-06,1656,L8,H,D
30.653342,-96.598129,026,039,2889,2569,2026-04-06,1656,L8,H,D
30.653613,-96.598123,026,039,2889,2568,2026-04-06,1656,L8,H,D
30.653761,-96.225375,026,039,4080,2540,2026-04-06,1656,L8,H,D
30.654032,-96.225367,026,039,4080,2539,2026-04-06,1656,L8,H,D
30.654038,-96.22568,026,039,4079,2539,2026-04-06,1656,L8,L,D
30.654856,-96.225969,026,039,4078,2536,2026-04-06,1656,L8,H,D
30.654863,-96.226282,026,039,4077,2536,2026-04-06,1656,L8,L,D
30.670984,-96.83186,026,039,2141,2519,2026-04-06,1656,L8,H,D
30.670989,-96.832173,026,039,2140,2519,2026-04-06,1656,L8,L,D
30.671255,-96.831854,026,039,2141,2518,2026-04-06,1656,L8,H,D
30.67126,-96.832167,026,039,2140,2518,2026-04-06,1656,L8,H,D
30.671525,-96.831848,026,039,2141,2517,2026-04-06,1656,L8,H,D
30.67153,-96.832161,026,039,2140,2517,2026-04-06,1656,L8,H,D
30.671536,-96.832474,026,039,2139,2517,2026-04-06,1656,L8,H,D
30.671541,-96.832787,026,039,2138,2517,2026-04-06,1656,L8,L,D
30.671563,-96.074942,026,039,4559,2462,2026-04-06,1656,L8,L,D
30.672077,-96.832461,026,039,2139,2515,2026-04-06,1656,L8,L,D
30.672358,-96.833081,026,039,2137,2514,2026-04-06,1656,L8,H,D
30.672612,-96.832136,026,039,2140,2513,2026-04-06,1656,L8,L,D
30.672883,-96.83213,026,039,2140,2512,2026-04-06,1656,L8,H,D
30.672888,-96.832443,026,039,2139,2512,2026-04-06,1656,L8,L,D
30.673153,-96.832124,026,039,2140,2511,2026-04-06,1656,L8,H,D
30.68021,-97.019832,026,039,1540,2496,2026-04-06,1656,L8,L,D
30.681763,-96.829114,026,039,2149,2479,2026-04-06,1656,L8,H,D
30.682033,-96.829108,026,039,2149,2478,2026-04-06,1656,L8,H,D
30.682945,-96.951828,026,039,1757,2482,2026-04-06,1656,L8,L,D
30.685211,-96.824966,026,039,2162,2466,2026-04-06,1656,L8,H,D
30.685217,-96.825279,026,039,2161,2466,2026-04-06,1656,L8,H,D
30.685227,-96.399161,026,039,3522,2437,2026-04-06,1656,L8,L,D
30.685233,-96.399474,026,039,3521,2437,2026-04-06,1656,L8,L,D
30.685497,-96.399154,026,039,3522,2436,2026-04-06,1656,L8,H,D
30.685504,-96.399466,026,039,3521,2436,2026-04-06,1656,L8,H,D
30.685774,-96.399459,026,039,3521,2435,2026-04-06,1656,L8,H,D
30.686544,-96.304579,026,039,3824,2425,2026-04-06,1656,L8,L,D
30.688281,-96.48549,026,039,3246,2432,2026-04-06,1656,L8,H,D
30.688287,-96.485803,026,039,3245,2432,2026-04-06,1656,L8,H,D
30.688551,-96.485483,026,039,3246,2431,2026-04-06,1656,L8,H,D
30.688557,-96.485796,026,039,3245,2431,2026-04-06,1656,L8,H,D
30.715135,-97.020684,026,039,1535,2367,2026-04-06,1656,L8,L,D
30.715401,-97.020366,026,039,1536,2366,2026-04-06,1656,L8,H,D
30.715405,-97.020679,026,039,1535,2366,2026-04-06,1656,L8,H,D
30.715666,-97.020047,026,039,1537,2365,2026-04-06,1656,L8,H,D
30.715671,-97.02036,026,039,1536,2365,2026-04-06,1656,L8,H,D
30.717762,-95.931703,026,039,5012,2279,2026-04-06,1656,L8,L,D
30.717769,-95.932016,026,039,5011,2279,2026-04-06,1656,L8,H,D
30.718025,-95.931382,026,039,5013,2278,2026-04-06,1656,L8,L,D
30.718032,-95.931695,026,039,5012,2278,2026-04-06,1656,L8,H,D
30.71804,-95.932008,026,039,5011,2278,2026-04-06,1656,L8,H,D
30.718295,-95.931373,026,039,5013,2277,2026-04-06,1656,L8,H,D
30.719377,-95.931339,026,039,5013,2273,2026-04-06,1656,L8,H,D
30.727803,-96.196008,026,039,4167,2264,2026-04-06,1656,L8,H,D
30.727844,-96.197886,026,039,4161,2264,2026-04-06,1656,L8,L,D
30.728108,-96.197565,026,039,4162,2263,2026-04-06,1656,L8,L,D
30.728114,-96.197878,026,039,4161,2263,2026-04-06,1656,L8,H,D
30.728378,-96.197557,026,039,4162,2262,2026-04-06,1656,L8,L,D
30.728385,-96.19787,026,039,4161,2262,2026-04-06,1656,L8,L,D
30.737868,-95.823022,026,039,5357,2195,2026-04-06,1656,L8,M,D
30.738138,-95.823013,026,039,5357,2194,2026-04-06,1656,L8,L,D
30.744731,-96.856527,026,039,2057,2248,2026-04-06,1656,L8,L,D
30.750535,-97.145301,026,039,1135,2243,2026-04-06,1656,L8,L,D
30.750801,-97.144982,026,039,1136,2242,2026-04-06,1656,L8,L,D
30.750806,-97.145295,026,039,1135,2242,2026-04-06,1656,L8,L,D
30.756131,-95.384585,026,039,6755,2085,2026-04-06,1656,L8,H,D
30.75614,-95.384898,026,039,6754,2085,2026-04-06,1656,L8,H,D
30.756213,-95.384787,026,038,5608,7640,2026-04-06,1656,L8,H,D
30.756218,-95.384474,026,038,5609,7640,2026-04-06,1656,L8,H,D
30.756393,-95.384262,026,039,6756,2084,2026-04-06,1656,L8,M,D
30.756401,-95.384575,026,039,6755,2084,2026-04-06,1656,L8,H,D
30.75641,-95.384888,026,039,6754,2084,2026-04-06,1656,L8,H,D
30.756483,-95.384794,026,038,5608,7639,2026-04-06,1656,L8,H,D
30.756489,-95.38448,026,038,5609,7639,2026-04-06,1656,L8,H,D
30.756672,-95.384565,026,039,6755,2083,2026-04-06,1656,L8,H,D
30.75668,-95.384877,026,039,6754,2083,2026-04-06,1656,L8,H,D
30.756759,-95.384487,026,038,5609,7638,2026-04-06,1656,L8,L,D
30.757588,-95.567798,026,038,5024,7622,2026-04-06,1656,L8,H,D
30.757597,-95.567736,026,039,6170,2098,2026-04-06,1656,L8,H,D
30.762576,-96.743948,026,039,2415,2175,2026-04-06,1656,L8,L,D
30.76777,-96.976672,026,039,1672,2170,2026-04-06,1656,L8,H,D
30.768208,-96.836263,026,039,2120,2160,2026-04-06,1656,L8,L,D
30.778106,-96.997455,026,039,1605,2133,2026-04-06,1656,L8,L,D
30.77811,-96.997769,026,039,1604,2133,2026-04-06,1656,L8,H,D
30.778381,-96.997763,026,039,1604,2132,2026-04-06,1656,L8,L,D
30.779173,-96.996493,026,039,1608,2129,2026-04-06,1656,L8,H,D
30.779444,-96.996487,026,039,1608,2128,2026-04-06,1656,L8,H,D
30.781043,-96.994887,026,039,1613,2122,2026-04-06,1656,L8,H,D
30.781048,-96.9952,026,039,1612,2122,2026-04-06,1656,L8,H,D
30.781299,-96.993941,026,039,1616,2121,2026-04-06,1656,L8,H,D
30.781304,-96.994255,026,039,1615,2121,2026-04-06,1656,L8,L,D
30.781569,-96.993936,026,039,1616,2120,2026-04-06,1656,L8,L,D
30.782125,-96.994865,026,039,1613,2118,2026-04-06,1656,L8,L,D
30.78213,-96.995178,026,039,1612,2118,2026-04-06,1656,L8,H,D
30.7824,-96.995172,026,039,1612,2117,2026-04-06,1656,L8,L,D
30.782903,-96.992654,026,039,1620,2115,2026-04-06,1656,L8,L,D
30.783168,-96.992335,026,039,1621,2114,2026-04-06,1656,L8,H,D
30.783173,-96.992649,026,039,1620,2114,2026-04-06,1656,L8,H,D
30.78701,-95.689815,026,039,5777,2001,2026-04-06,1656,L8,L,D
30.795894,-95.453272,026,039,6531,1945,2026-04-06,1656,L8,L,D
30.79606,-95.453475,026,038,5392,7488,2026-04-06,1656,L8,H,D
30.796066,-95.453162,026,038,5393,7488,2026-04-06,1656,L8,H,D
30.796072,-95.452849,026,038,5394,7488,2026-04-06,1656,L8,L,D
30.796156,-95.452949,026,039,6532,1944,2026-04-06,1656,L8,H,D
30.796164,-95.453262,026,039,6531,1944,2026-04-06,1656,L8,H,D
30.796337,-95.453169,026,038,5393,7487,2026-04-06,1656,L8,H,D
30.796343,-95.452856,026,038,5394,7487,2026-04-06,1656,L8,H,D
30.796434,-95.453252,026,039,6531,1943,2026-04-06,1656,L8,H,D
30.798575,-97.008631,026,039,1568,2058,2026-04-06,1656,L8,H,D
30.798845,-97.008625,026,039,1568,2057,2026-04-06,1656,L8,H,D
30.799325,-96.463168,026,039,3308,2020,2026-04-06,1656,L8,H,D
30.799332,-96.463482,026,039,3307,2020,2026-04-06,1656,L8,H,D
30.799396,-97.009241,026,039,1566,2055,2026-04-06,1656,L8,L,D
30.799401,-97.009554,026,039,1565,2055,2026-04-06,1656,L8,H,D
30.802406,-97.011373,026,039,1559,2044,2026-04-06,1656,L8,L,D
30.802676,-97.011368,026,039,1559,2043,2026-04-06,1656,L8,H,D
30.803198,-97.010103,026,039,1563,2041,2026-04-06,1656,L8,L,D
30.809425,-97.010288,026,039,1562,2018,2026-04-06,1656,L8,H,D
30.809696,-97.010282,026,039,1562,2017,2026-04-06,1656,L8,L,D
30.810503,-97.009952,026,039,1563,2014,2026-04-06,1656,L8,L,D
30.810773,-97.009947,026,039,1563,2013,2026-04-06,1656,L8,H,D
30.811353,-97.012443,026,039,1555,2011,2026-04-06,1656,L8,L,D
30.823372,-96.677622,026,039,2622,1946,2026-04-06,1656,L8,H,D
30.823642,-96.677615,026,039,2622,1945,2026-04-06,1656,L8,H,D
30.826435,-97.043178,026,039,1456,1957,2026-04-06,1656,L8,H,D
30.826705,-97.043172,026,039,1456,1956,2026-04-06,1656,L8,H,D
30.82671,-97.043486,026,039,1455,1956,2026-04-06,1656,L8,L,D
30.826976,-97.043167,026,039,1456,1955,2026-04-06,1656,L8,H,D
30.82698,-97.04348,026,039,1455,1955,2026-04-06,1656,L8,L,D
30.863054,-96.322546,026,039,3751,1774,2026-04-06,1656,L8,L,D
30.863324,-96.322538,026,039,3751,1773,2026-04-06,1656,L8,L,D
30.879565,-96.309853,026,039,3790,1712,2026-04-06,1656,L8,L,D
30.882103,-96.421147,026,039,3435,1711,2026-04-06,1656,L8,H,D
30.882109,-96.42146,026,039,3434,1711,2026-04-06,1656,L8,H,D
30.882354,-96.420199,026,039,3438,1710,2026-04-06,1656,L8,H,D
30.88236,-96.420512,026,039,3437,1710,2026-04-06,1656,L8,H,D
30.882631,-96.420505,026,039,3437,1709,2026-04-06,1656,L8,H,D
30.882637,-96.420819,026,039,3436,1709,2026-04-06,1656,L8,H,D
30.882643,-96.421132,026,039,3435,1709,2026-04-06,1656,L8,H,D
30.88265,-96.421446,026,039,3434,1709,2026-04-06,1656,L8,H,D
30.882901,-96.420498,026,039,3437,1708,2026-04-06,1656,L8,H,D
30.882908,-96.420811,026,039,3436,1708,2026-04-06,1656,L8,H,D
30.882914,-96.421125,026,039,3435,1708,2026-04-06,1656,L8,H,D
30.88292,-96.421439,026,039,3434,1708,2026-04-06,1656,L8,H,D
30.882951,-96.423006,026,039,3429,1708,2026-04-06,1656,L8,H,D
30.883159,-96.419864,026,039,3439,1707,2026-04-06,1656,L8,H,D
30.883165,-96.420177,026,039,3438,1707,2026-04-06,1656,L8,L,D
30.883172,-96.420491,026,039,3437,1707,2026-04-06,1656,L8,H,D
30.883178,-96.420804,026,039,3436,1707,2026-04-06,1656,L8,H,D
30.883184,-96.421118,026,039,3435,1707,2026-04-06,1656,L8,L,D
30.883222,-96.422999,026,039,3429,1707,2026-04-06,1656,L8,H,D
30.88343,-96.419856,026,039,3439,1706,2026-04-06,1656,L8,L,D
30.883448,-96.420797,026,039,3436,1706,2026-04-06,1656,L8,L,D
30.883498,-96.423305,026,039,3428,1706,2026-04-06,1656,L8,H,D
30.883505,-96.423619,026,039,3427,1706,2026-04-06,1656,L8,H,D
30.883769,-96.423298,026,039,3428,1705,2026-04-06,1656,L8,L,D
30.894174,-95.910403,026,039,5062,1625,2026-04-06,1656,L8,H,D
30.894271,-95.910583,026,038,3943,7090,2026-04-06,1656,L8,L,D
30.895771,-96.842499,026,039,2091,1689,2026-04-06,1656,L8,H,D
30.896036,-96.842179,026,039,2092,1688,2026-04-06,1656,L8,H,D
30.896041,-96.842493,026,039,2091,1688,2026-04-06,1656,L8,H,D
30.91837,-95.65455,026,039,5875,1512,2026-04-06,1656,L8,L,D
30.918448,-95.654623,026,038,4761,7021,2026-04-06,1656,L8,M,D
30.91864,-95.654541,026,039,5875,1511,2026-04-06,1656,L8,M,D
30.951003,-96.20834,026,039,4107,1440,2026-04-06,1656,L8,L,D
30.951009,-96.208654,026,039,4106,1440,2026-04-06,1656,L8,H,D
30.951055,-96.208603,026,038,2999,6854,2026-04-06,1656,L8,H,D
30.95128,-96.208646,026,039,4106,1439,2026-04-06,1656,L8,L,D
30.954511,-96.207924,026,039,4108,1427,2026-04-06,1656,L8,L,D
30.959762,-96.866496,026,039,2010,1454,2026-04-06,1656,L8,H,D
30.959767,-96.86681,026,039,2009,1454,2026-04-06,1656,L8,L,D
30.960033,-96.86649,026,039,2010,1453,2026-04-06,1656,L8,L,D
30.961446,-96.021874,026,039,4700,1386,2026-04-06,1656,L8,H,D
30.961453,-96.022188,026,039,4699,1386,2026-04-06,1656,L8,H,D
30.961504,-96.022181,026,038,3594,6832,2026-04-06,1656,L8,H,D
30.961512,-96.021867,026,038,3595,6832,2026-04-06,1656,L8,H,D
30.961716,-96.021866,026,039,4700,1385,2026-04-06,1656,L8,L,D
30.961782,-96.021876,026,038,3595,6831,2026-04-06,1656,L8,L,D
30.962774,-96.868627,026,039,2003,1443,2026-04-06,1656,L8,H,D
30.962779,-96.868941,026,039,2002,1443,2026-04-06,1656,L8,L,D
30.963039,-96.868308,026,039,2004,1442,2026-04-06,1656,L8,L,D
30.963045,-96.868621,026,039,2003,1442,2026-04-06,1656,L8,L,D
30.963061,-96.02151,026,039,4701,1380,2026-04-06,1656,L8,L,D
30.963141,-96.021605,026,038,3596,6826,2026-04-06,1656,L8,M,D
30.965596,-95.89077,026,038,4013,6828,2026-04-06,1656,L8,H,D
30.965661,-95.890836,026,039,5117,1359,2026-04-06,1656,L8,H,D
30.976572,-96.635291,026,039,2745,1377,2026-04-06,1656,L8,L,D
30.976793,-96.635435,026,038,1642,6717,2026-04-06,1656,L8,H,D
30.976843,-96.635284,026,039,2745,1376,2026-04-06,1656,L8,H,D
30.976848,-96.635598,026,039,2744,1376,2026-04-06,1656,L8,L,D
30.997838,-96.006997,026,038,3646,6699,2026-04-06,1656,L8,H,D
30.997891,-96.006923,026,039,4744,1250,2026-04-06,1656,L8,L,D
30.997899,-96.007237,026,039,4743,1250,2026-04-06,1656,L8,H,D
30.998109,-96.007006,026,038,3646,6698,2026-04-06,1656,L8,H,D
30.998162,-96.006915,026,039,4744,1249,2026-04-06,1656,L8,H,D
31.0003,-96.005818,026,038,3650,6690,2026-04-06,1656,L8,L,D
31.000302,-96.005906,026,039,4747,1241,2026-04-06,1656,L8,L,D
31.000571,-96.005827,026,038,3650,6689,2026-04-06,1656,L8,L,D
31.000573,-96.005897,026,039,4747,1240,2026-04-06,1656,L8,L,D
31.010151,-95.999002,026,039,4768,1204,2026-04-06,1656,L8,H,D
31.010159,-95.999316,026,039,4767,1204,2026-04-06,1656,L8,H,D
31.010193,-95.999219,026,038,3672,6654,2026-04-06,1656,L8,H,D
31.0102,-95.998906,026,038,3673,6654,2026-04-06,1656,L8,H,D
31.0104,-95.998052,026,039,4771,1203,2026-04-06,1656,L8,H,D
31.010407,-95.998366,026,039,4770,1203,2026-04-06,1656,L8,H,D
31.010422,-95.998994,026,039,4768,1203,2026-04-06,1656,L8,H,D
31.010463,-95.999228,026,038,3672,6653,2026-04-06,1656,L8,H,D
31.010485,-95.998286,026,038,3675,6653,2026-04-06,1656,L8,H,D
31.010492,-95.997972,026,038,3676,6653,2026-04-06,1656,L8,H,D
31.010677,-95.998358,026,039,4770,1202,2026-04-06,1656,L8,H,D
31.010755,-95.998295,026,038,3675,6652,2026-04-06,1656,L8,L,D
31.011252,-96.000195,026,038,3669,6650,2026-04-06,1656,L8,H,D
31.011262,-96.000224,026,039,4764,1200,2026-04-06,1656,L8,H,D
31.011515,-96.000517,026,038,3668,6649,2026-04-06,1656,L8,L,D
31.011522,-96.000203,026,038,3669,6649,2026-04-06,1656,L8,H,D
31.011532,-96.000215,026,039,4764,1199,2026-04-06,1656,L8,H,D
31.011539,-96.000529,026,039,4763,1199,2026-04-06,1656,L8,L,D
31.021572,-96.715326,026,038,1393,6543,2026-04-06,1656,L8,L,D
31.021577,-96.715242,026,039,2487,1216,2026-04-06,1656,L8,H,D
31.021581,-96.715012,026,038,1394,6543,2026-04-06,1656,L8,L,D
31.056314,-95.84767,026,039,5245,1020,2026-04-06,1656,L8,L,D
31.056322,-95.847984,026,039,5244,1020,2026-04-06,1656,L8,L,D
31.056366,-95.847947,026,038,4158,6496,2026-04-06,1656,L8,H,D
31.056373,-95.847633,026,038,4159,6496,2026-04-06,1656,L8,L,D
31.056585,-95.847661,026,039,5245,1019,2026-04-06,1656,L8,H,D
31.056643,-95.847641,026,038,4159,6495,2026-04-06,1656,L8,H,D
31.067091,-96.305193,026,038,2704,6416,2026-04-06,1656,L8,H,D
31.067234,-96.305209,026,039,3788,1018,2026-04-06,1656,L8,H,D
31.067361,-96.305203,026,038,2704,6415,2026-04-06,1656,L8,H,D
31.067505,-96.305202,026,039,3788,1017,2026-04-06,1656,L8,H,D
31.07685,-96.418102,026,039,3428,991,2026-04-06,1656,L8,L,D
31.076859,-96.418031,026,038,2346,6369,2026-04-06,1656,L8,L,D
31.080513,-96.41282,026,038,2363,6356,2026-04-06,1656,L8,H,D
31.080529,-96.412658,026,039,3445,977,2026-04-06,1656,L8,H,D
31.080535,-96.412972,026,039,3444,977,2026-04-06,1656,L8,H,D
31.080783,-96.41283,026,038,2363,6355,2026-04-06,1656,L8,H,D
31.081032,-96.410758,026,039,3451,975,2026-04-06,1656,L8,L,D
31.081038,-96.411072,026,039,3450,975,2026-04-06,1656,L8,H,D
31.081103,-96.410956,026,038,2369,6354,2026-04-06,1656,L8,H,D
31.081839,-96.41381,026,038,2360,6351,2026-04-06,1656,L8,H,D
31.081847,-96.413496,026,038,2361,6351,2026-04-06,1656,L8,L,D
31.0819,-96.413564,026,039,3442,972,2026-04-06,1656,L8,H,D
31.082938,-96.411335,026,039,3449,968,2026-04-06,1656,L8,H,D
31.082944,-96.411649,026,039,3448,968,2026-04-06,1656,L8,H,D
31.082978,-96.411651,026,038,2367,6347,2026-04-06,1656,L8,H,D
31.082986,-96.411337,026,038,2368,6347,2026-04-06,1656,L8,H,D
31.084549,-96.413593,026,038,2361,6341,2026-04-06,1656,L8,H,D
31.084604,-96.413491,026,039,3442,962,2026-04-06,1656,L8,H,D
31.08482,-96.413603,026,038,2361,6340,2026-04-06,1656,L8,H,D
31.084828,-96.413289,026,038,2362,6340,2026-04-06,1656,L8,L,D
31.084875,-96.413483,026,039,3442,961,2026-04-06,1656,L8,H,D
31.085365,-96.410955,026,039,3450,959,2026-04-06,1656,L8,H,D
31.085371,-96.411269,026,039,3449,959,2026-04-06,1656,L8,H,D
31.085427,-96.41111,026,038,2369,6338,2026-04-06,1656,L8,H,D
31.085435,-96.410796,026,038,2370,6338,2026-04-06,1656,L8,L,D
31.085642,-96.411262,026,039,3449,958,2026-04-06,1656,L8,H,D
31.085697,-96.41112,026,038,2369,6337,2026-04-06,1656,L8,H,D
31.08814,-95.175462,026,038,6300,6427,2026-04-06,1656,L8,H,D
31.10549,-96.098499,026,039,4442,860,2026-04-06,1656,L8,H,D
31.105502,-96.098415,026,038,3366,6293,2026-04-06,1656,L8,L,D
31.107093,-95.741928,026,038,4500,6317,2026-04-06,1656,L8,H,D
31.107099,-95.741614,026,038,4501,6317,2026-04-06,1656,L8,H,D
31.108418,-95.743224,026,038,4496,6312,2026-04-06,1656,L8,H,D
31.108688,-95.743232,026,038,4496,6311,2026-04-06,1656,L8,H,D
31.109756,-95.743892,026,038,4494,6307,2026-04-06,1656,L8,H,D
31.109763,-95.743577,026,038,4495,6307,2026-04-06,1656,L8,H,D
31.110027,-95.7439,026,038,4494,6306,2026-04-06,1656,L8,H,D
31.110033,-95.743585,026,038,4495,6306,2026-04-06,1656,L8,H,D
31.110205,-96.61317,026,038,1729,6226,2026-04-06,1656,L8,H,D
31.110374,-96.61311,026,039,2805,881,2026-04-06,1656,L8,H,D
31.110409,-96.614996,026,039,2799,881,2026-04-06,1656,L8,H,D
31.110431,-96.61475,026,038,1724,6225,2026-04-06,1656,L8,H,D
31.111002,-96.980289,026,038,561,6183,2026-04-06,1656,L8,L,D
31.111007,-96.613515,026,038,1728,6223,2026-04-06,1656,L8,H,D
31.111191,-96.613404,026,039,2804,878,2026-04-06,1656,L8,H,D
31.111197,-96.613719,026,039,2803,878,2026-04-06,1656,L8,H,D
31.111244,-96.980429,026,039,1637,901,2026-04-06,1656,L8,H,D
31.111268,-96.613839,026,038,1727,6222,2026-04-06,1656,L8,H,D
31.111272,-96.980301,026,038,561,6182,2026-04-06,1656,L8,H,D
31.111277,-96.613525,026,038,1728,6222,2026-04-06,1656,L8,H,D
31.111467,-96.613712,026,039,2803,877,2026-04-06,1656,L8,H,D
31.111479,-96.614341,026,039,2801,877,2026-04-06,1656,L8,H,D
31.111486,-96.615733,026,038,1721,6221,2026-04-06,1656,L8,H,D
31.111494,-96.615419,026,038,1722,6221,2026-04-06,1656,L8,H,D
31.111502,-96.615598,026,039,2797,877,2026-04-06,1656,L8,H,D
31.11151,-96.980109,026,039,1638,900,2026-04-06,1656,L8,L,D
31.111515,-96.980424,026,039,1637,900,2026-04-06,1656,L8,H,D
31.111521,-96.614477,026,038,1725,6221,2026-04-06,1656,L8,H,D
31.11153,-96.614163,026,038,1726,6221,2026-04-06,1656,L8,H,D
31.111542,-96.980312,026,038,561,6181,2026-04-06,1656,L8,H,D
31.111547,-96.613535,026,038,1728,6221,2026-04-06,1656,L8,H,D
31.111738,-96.613705,026,039,2803,876,2026-04-06,1656,L8,H,D
31.111744,-96.614019,026,039,2802,876,2026-04-06,1656,L8,H,D
31.111749,-96.614334,026,039,2801,876,2026-04-06,1656,L8,H,D
31.111791,-96.614487,026,038,1725,6220,2026-04-06,1656,L8,H,D
31.1118,-96.614173,026,038,1726,6220,2026-04-06,1656,L8,H,D
31.111809,-96.613859,026,038,1727,6220,2026-04-06,1656,L8,H,D
31.111817,-96.613545,026,038,1728,6220,2026-04-06,1656,L8,H,D
31.112008,-96.613698,026,039,2803,875,2026-04-06,1656,L8,H,D
31.112105,-96.612928,026,038,1730,6219,2026-04-06,1656,L8,H,D
31.112261,-96.612749,026,039,2806,874,2026-04-06,1656,L8,H,D
31.112294,-96.982229,026,038,555,6178,2026-04-06,1656,L8,H,D
31.112302,-96.614949,026,039,2799,874,2026-04-06,1656,L8,H,D
31.112314,-96.615136,026,038,1723,6218,2026-04-06,1656,L8,H,D
31.112322,-96.614822,026,038,1724,6218,2026-04-06,1656,L8,H,D
31.112356,-96.982293,026,039,1631,897,2026-04-06,1656,L8,H,D
31.112375,-96.612938,026,038,1730,6218,2026-04-06,1656,L8,H,D
31.112549,-96.613685,026,039,2803,873,2026-04-06,1656,L8,L,D
31.112555,-96.613999,026,039,2802,873,2026-04-06,1656,L8,H,D
31.112564,-96.98224,026,038,555,6177,2026-04-06,1656,L8,H,D
31.112572,-96.614942,026,039,2799,873,2026-04-06,1656,L8,H,D
31.112593,-96.614832,026,038,1724,6217,2026-04-06,1656,L8,H,D
31.112619,-96.61389,026,038,1727,6217,2026-04-06,1656,L8,H,D
31.112626,-96.982287,026,039,1631,896,2026-04-06,1656,L8,L,D
31.112825,-96.613992,026,039,2802,872,2026-04-06,1656,L8,H,D
31.112889,-96.6139,026,038,1727,6216,2026-04-06,1656,L8,H,D
31.122295,-96.418089,026,038,2351,6201,2026-04-06,1656,L8,H,D
31.122299,-96.417815,026,039,3425,823,2026-04-06,1656,L8,H,D
31.122304,-96.417775,026,038,2352,6201,2026-04-06,1656,L8,H,D
31.122306,-96.418129,026,039,3424,823,2026-04-06,1656,L8,L,D
31.122566,-96.418099,026,038,2351,6200,2026-04-06,1656,L8,H,D
31.12257,-96.417807,026,039,3425,822,2026-04-06,1656,L8,H,D
31.122574,-96.417785,026,038,2352,6200,2026-04-06,1656,L8,H,D
31.122576,-96.418122,026,039,3424,822,2026-04-06,1656,L8,H,D
31.132137,-96.033218,026,039,4647,756,2026-04-06,1656,L8,L,D
31.132211,-96.033245,026,038,3576,6200,2026-04-06,1656,L8,L,D
31.135881,-95.565987,026,038,5062,6224,2026-04-06,1656,L8,H,D
31.136157,-95.56568,026,038,5063,6223,2026-04-06,1656,L8,H,D
31.136164,-95.565366,026,038,5064,6223,2026-04-06,1656,L8,H,D
31.136434,-95.565373,026,038,5064,6222,2026-04-06,1656,L8,L,D
31.137981,-95.569189,026,038,5052,6216,2026-04-06,1656,L8,H,D
31.137988,-95.568875,026,038,5053,6216,2026-04-06,1656,L8,H,D
31.138252,-95.569197,026,038,5052,6215,2026-04-06,1656,L8,L,D
31.138258,-95.568882,026,038,5053,6215,2026-04-06,1656,L8,H,D
31.151465,-96.59807,026,038,1782,6075,2026-04-06,1656,L8,H,D
31.151474,-96.597756,026,038,1783,6075,2026-04-06,1656,L8,L,D
31.15149,-96.597922,026,039,2850,728,2026-04-06,1656,L8,H,D
31.151735,-96.59808,026,038,1782,6074,2026-04-06,1656,L8,H,D
31.151744,-96.597766,026,038,1783,6074,2026-04-06,1656,L8,H,D
31.151755,-96.597601,026,039,2851,727,2026-04-06,1656,L8,H,D
31.151761,-96.597915,026,039,2850,727,2026-04-06,1656,L8,H,D
31.152013,-96.596965,026,039,2853,726,2026-04-06,1656,L8,H,D
31.15204,-96.596834,026,038,1786,6073,2026-04-06,1656,L8,H,D
31.152284,-96.596958,026,039,2853,725,2026-04-06,1656,L8,H,D
31.152311,-96.596844,026,038,1786,6072,2026-04-06,1656,L8,H,D
31.152616,-96.595598,026,038,1790,6071,2026-04-06,1656,L8,H,D
31.152801,-96.595687,026,039,2857,723,2026-04-06,1656,L8,H,D
31.152877,-96.595922,026,038,1789,6070,2026-04-06,1656,L8,H,D
31.158199,-95.53198,026,038,5172,6144,2026-04-06,1656,L8,H,D
31.179056,-95.902275,026,038,3997,6038,2026-04-06,1656,L8,H,D
31.179064,-95.901961,026,038,3998,6038,2026-04-06,1656,L8,H,D
31.179071,-95.901646,026,038,3999,6038,2026-04-06,1656,L8,H,D
31.179327,-95.902283,026,038,3997,6037,2026-04-06,1656,L8,H,D
31.179334,-95.901969,026,038,3998,6037,2026-04-06,1656,L8,H,D
31.179341,-95.901655,026,038,3999,6037,2026-04-06,1656,L8,L,D
31.185342,-96.700326,026,038,1461,5939,2026-04-06,1656,L8,L,D
31.200142,-95.66561,026,038,4751,5979,2026-04-06,1656,L8,H,D
31.200412,-95.665617,026,038,4751,5978,2026-04-06,1656,L8,H,D
31.200419,-95.665303,026,038,4752,5978,2026-04-06,1656,L8,L,D
31.200683,-95.665625,026,038,4751,5977,2026-04-06,1656,L8,L,D
31.200689,-95.66531,026,038,4752,5977,2026-04-06,1656,L8,H,D
31.207308,-96.587697,026,039,2878,521,2026-04-06,1656,L8,L,D
31.216385,-96.427852,026,039,3385,476,2026-04-06,1656,L8,H,D
31.216392,-96.428167,026,039,3384,476,2026-04-06,1656,L8,H,D
31.216413,-96.428398,026,038,2329,5852,2026-04-06,1656,L8,L,D
31.216421,-96.428083,026,038,2330,5852,2026-04-06,1656,L8,H,D
31.219583,-97.010008,026,038,481,5778,2026-04-06,1656,L8,L,D
31.235217,-95.846691,026,038,4179,5835,2026-04-06,1656,L8,H,D
31.240174,-95.434342,026,038,5489,5848,2026-04-06,1656,L8,H,D
31.240179,-95.434027,026,038,5490,5848,2026-04-06,1656,L8,H,D
31.240185,-95.433712,026,038,5491,5848,2026-04-06,1656,L8,H,D
31.240444,-95.434349,026,038,5489,5847,2026-04-06,1656,L8,H,D
31.24045,-95.434034,026,038,5490,5847,2026-04-06,1656,L8,H,D
31.240714,-95.434356,026,038,5489,5846,2026-04-06,1656,L8,H,D
31.24072,-95.434041,026,038,5490,5846,2026-04-06,1656,L8,H,D
31.240991,-95.434048,026,038,5490,5845,2026-04-06,1656,L8,L,D
31.241982,-96.965368,026,039,1676,417,2026-04-06,1656,L8,L,D
31.241987,-96.965683,026,039,1675,417,2026-04-06,1656,L8,H,D
31.242051,-96.965643,026,038,625,5700,2026-04-06,1656,L8,H,D
31.242437,-96.039284,026,038,3568,5792,2026-04-06,1656,L8,L,D
31.242809,-96.966296,026,039,1673,414,2026-04-06,1656,L8,H,D
31.242842,-96.966305,026,038,623,5697,2026-04-06,1656,L8,H,D
31.243079,-96.96629,026,039,1673,413,2026-04-06,1656,L8,H,D
31.243112,-96.966317,026,038,623,5696,2026-04-06,1656,L8,H,D
31.243355,-96.966599,026,039,1672,412,2026-04-06,1656,L8,L,D
31.243372,-96.966642,026,038,622,5695,2026-04-06,1656,L8,H,D
31.243625,-96.966593,026,039,1672,411,2026-04-06,1656,L8,H,D
31.24363,-96.966908,026,039,1671,411,2026-04-06,1656,L8,H,D
31.243632,-96.966968,026,038,621,5694,2026-04-06,1656,L8,H,D
31.243642,-96.966654,026,038,622,5694,2026-04-06,1656,L8,H,D
31.243901,-96.966902,026,039,1671,410,2026-04-06,1656,L8,H,D
31.243902,-96.966979,026,038,621,5693,2026-04-06,1656,L8,H,D
31.243906,-96.967217,026,039,1670,410,2026-04-06,1656,L8,L,D
31.244163,-96.967305,026,038,620,5692,2026-04-06,1656,L8,H,D
31.244171,-96.966896,026,039,1671,409,2026-04-06,1656,L8,L,D
31.244172,-96.966991,026,038,621,5692,2026-04-06,1656,L8,H,D
31.244176,-96.967211,026,039,1670,409,2026-04-06,1656,L8,H,D
31.244433,-96.967316,026,038,620,5691,2026-04-06,1656,L8,H,D
31.244447,-96.967205,026,039,1670,408,2026-04-06,1656,L8,H,D
31.244693,-96.967642,026,038,619,5690,2026-04-06,1656,L8,H,D
31.244703,-96.967328,026,038,620,5690,2026-04-06,1656,L8,H,D
31.244722,-96.967514,026,039,1669,407,2026-04-06,1656,L8,H,D
31.244727,-96.967829,026,039,1668,407,2026-04-06,1656,L8,L,D
31.251649,-96.095311,026,038,3391,5753,2026-04-06,1656,L8,H,D
31.251657,-96.094996,026,038,3392,5753,2026-04-06,1656,L8,H,D
31.251942,-96.094376,026,038,3394,5752,2026-04-06,1656,L8,H,D
31.25195,-96.094061,026,038,3395,5752,2026-04-06,1656,L8,H,D
31.25222,-96.09407,026,038,3395,5751,2026-04-06,1656,L8,L,D
31.25445,-96.091309,026,038,3404,5743,2026-04-06,1656,L8,H,D
31.254713,-96.091633,026,038,3403,5742,2026-04-06,1656,L8,L,D
31.254721,-96.091318,026,038,3404,5742,2026-04-06,1656,L8,H,D
31.254758,-96.089745,026,038,3409,5742,2026-04-06,1656,L8,H,D
31.254766,-96.08943,026,038,3410,5742,2026-04-06,1656,L8,H,D
31.254796,-96.088172,026,038,3414,5742,2026-04-06,1656,L8,H,D
31.255029,-96.089754,026,038,3409,5741,2026-04-06,1656,L8,H,D
31.255036,-96.089439,026,038,3410,5741,2026-04-06,1656,L8,H,D
31.255067,-96.08818,026,038,3414,5741,2026-04-06,1656,L8,H,D
31.264609,-96.594491,026,038,1807,5657,2026-04-06,1656,L8,M,D
31.26467,-96.454387,026,038,2252,5671,2026-04-06,1656,L8,H,D
31.26487,-96.594816,026,038,1806,5656,2026-04-06,1656,L8,H,D
31.264879,-96.594501,026,038,1807,5656,2026-04-06,1656,L8,H,D
31.26494,-96.454397,026,038,2252,5670,2026-04-06,1656,L8,H,D
31.264948,-96.454083,026,038,2253,5670,2026-04-06,1656,L8,H,D
31.26514,-96.594826,026,038,1806,5655,2026-04-06,1656,L8,H,D
31.265149,-96.594511,026,038,1807,5655,2026-04-06,1656,L8,M,D
31.27228,-95.536914,026,038,5166,5722,2026-04-06,1656,L8,L,D
31.272551,-95.536922,026,038,5166,5721,2026-04-06,1656,L8,L,D
31.272582,-95.535347,026,038,5171,5721,2026-04-06,1656,L8,L,D
31.272852,-95.535355,026,038,5171,5720,2026-04-06,1656,L8,H,D
31.272858,-95.53504,026,038,5172,5720,2026-04-06,1656,L8,L,D
31.273116,-95.535677,026,038,5170,5719,2026-04-06,1656,L8,H,D
31.273123,-95.535362,026,038,5171,5719,2026-04-06,1656,L8,L,D
31.273343,-95.537888,026,038,5163,5718,2026-04-06,1656,L8,H,D
31.273387,-95.535684,026,038,5170,5718,2026-04-06,1656,L8,H,D
31.273614,-95.537895,026,038,5163,5717,2026-04-06,1656,L8,H,D
31.273651,-95.536006,026,038,5169,5717,2026-04-06,1656,L8,H,D
31.27399,-95.867069,026,038,4118,5690,2026-04-06,1656,L8,L,D
31.274142,-95.538539,026,038,5161,5715,2026-04-06,1656,L8,H,D
31.274148,-95.538224,026,038,5162,5715,2026-04-06,1656,L8,H,D
31.274186,-95.536335,026,038,5168,5715,2026-04-06,1656,L8,H,D
31.274456,-95.536343,026,038,5168,5714,2026-04-06,1656,L8,L,D
31.274671,-95.539183,026,038,5159,5713,2026-04-06,1656,L8,L,D
31.274677,-95.538869,026,038,5160,5713,2026-04-06,1656,L8,H,D
31.274941,-95.539191,026,038,5159,5712,2026-04-06,1656,L8,H,D
31.274947,-95.538876,026,038,5160,5712,2026-04-06,1656,L8,H,D
31.274978,-95.537302,026,038,5165,5712,2026-04-06,1656,L8,H,D
31.274984,-95.536987,026,038,5166,5712,2026-04-06,1656,L8,H,D
31.275205,-95.539513,026,038,5158,5711,2026-04-06,1656,L8,H,D
31.275211,-95.539198,026,038,5159,5711,2026-04-06,1656,L8,H,D
31.275255,-95.536994,026,038,5166,5711,2026-04-06,1656,L8,H,D
31.275476,-95.53952,026,038,5158,5710,2026-04-06,1656,L8,H,D
31.275482,-95.539205,026,038,5159,5710,2026-04-06,1656,L8,H,D
31.275513,-95.537631,026,038,5164,5710,2026-04-06,1656,L8,H,D
31.275777,-95.537953,026,038,5163,5709,2026-04-06,1656,L8,H,D
31.275783,-95.537638,026,038,5164,5709,2026-04-06,1656,L8,H,D
31.276047,-95.53796,026,038,5163,5708,2026-04-06,1656,L8,H,D
31.276054,-95.537645,026,038,5164,5708,2026-04-06,1656,L8,H,D
31.276318,-95.537967,026,038,5163,5707,2026-04-06,1656,L8,H,D
31.278795,-96.339645,026,038,2618,5630,2026-04-06,1656,L8,L,D
31.278804,-96.33933,026,038,2619,5630,2026-04-06,1656,L8,H,D
31.279074,-96.33934,026,038,2619,5629,2026-04-06,1656,L8,H,D
31.27909,-96.338711,026,038,2621,5629,2026-04-06,1656,L8,H,D
31.279098,-96.338396,026,038,2622,5629,2026-04-06,1656,L8,H,D
31.279107,-96.338081,026,038,2623,5629,2026-04-06,1656,L8,L,D
31.279336,-96.339664,026,038,2618,5628,2026-04-06,1656,L8,H,D
31.279344,-96.339349,026,038,2619,5628,2026-04-06,1656,L8,H,D
31.279369,-96.338406,026,038,2622,5628,2026-04-06,1656,L8,H,D
31.279377,-96.338091,026,038,2623,5628,2026-04-06,1656,L8,L,D
31.279598,-96.339988,026,038,2617,5627,2026-04-06,1656,L8,H,D
31.279606,-96.339674,026,038,2618,5627,2026-04-06,1656,L8,H,D
31.279614,-96.339359,026,038,2619,5627,2026-04-06,1656,L8,H,D
31.279622,-96.339044,026,038,2620,5627,2026-04-06,1656,L8,H,D
31.279639,-96.338415,026,038,2622,5627,2026-04-06,1656,L8,H,D
31.279655,-96.337786,026,038,2624,5627,2026-04-06,1656,L8,H,D
31.27986,-96.340312,026,038,2616,5626,2026-04-06,1656,L8,H,D
31.279868,-96.339998,026,038,2617,5626,2026-04-06,1656,L8,H,D
31.279885,-96.339368,026,038,2619,5626,2026-04-06,1656,L8,H,D
31.279893,-96.339054,026,038,2620,5626,2026-04-06,1656,L8,H,D
31.279917,-96.33811,026,038,2623,5626,2026-04-06,1656,L8,L,D
31.279925,-96.337795,026,038,2624,5626,2026-04-06,1656,L8,H,D
31.279934,-96.337481,026,038,2625,5626,2026-04-06,1656,L8,H,D
31.279942,-96.337166,026,038,2626,5626,2026-04-06,1656,L8,H,D
31.27995,-96.336851,026,038,2627,5626,2026-04-06,1656,L8,H,D
31.280122,-96.340637,026,038,2615,5625,2026-04-06,1656,L8,H,D
31.28013,-96.340322,026,038,2616,5625,2026-04-06,1656,L8,H,D
31.280147,-96.339693,026,038,2618,5625,2026-04-06,1656,L8,H,D
31.280155,-96.339378,026,038,2619,5625,2026-04-06,1656,L8,H,D
31.280163,-96.339063,026,038,2620,5625,2026-04-06,1656,L8,H,D
31.280188,-96.338119,026,038,2623,5625,2026-04-06,1656,L8,L,D
31.280196,-96.337805,026,038,2624,5625,2026-04-06,1656,L8,H,D
31.28022,-96.336861,026,038,2627,5625,2026-04-06,1656,L8,L,D
31.280392,-96.340646,026,038,2615,5624,2026-04-06,1656,L8,H,D
31.2804,-96.340331,026,038,2616,5624,2026-04-06,1656,L8,H,D
31.280417,-96.339702,026,038,2618,5624,2026-04-06,1656,L8,H,D
31.280425,-96.339388,026,038,2619,5624,2026-04-06,1656,L8,H,D
31.280662,-96.340656,026,038,2615,5623,2026-04-06,1656,L8,H,D
31.280671,-96.340341,026,038,2616,5623,2026-04-06,1656,L8,H,D
31.280941,-96.340351,026,038,2616,5622,2026-04-06,1656,L8,H,D
31.280949,-96.340036,026,038,2617,5622,2026-04-06,1656,L8,H,D
31.281219,-96.340045,026,038,2617,5621,2026-04-06,1656,L8,H,D
31.291811,-96.090009,026,038,3412,5605,2026-04-06,1656,L8,H,D
31.294177,-95.468498,026,038,5385,5646,2026-04-06,1656,L8,H,D
31.334343,-95.767412,026,038,4440,5475,2026-04-06,1656,L8,L,D
31.337704,-96.413572,026,038,2390,5405,2026-04-06,1656,L8,H,D
31.35013,-96.247616,026,038,2918,5375,2026-04-06,1656,L8,H,D
31.350138,-96.247301,026,038,2919,5375,2026-04-06,1656,L8,H,D
31.350392,-96.247941,026,038,2917,5374,2026-04-06,1656,L8,H,D
31.3504,-96.247626,026,038,2918,5374,2026-04-06,1656,L8,H,D
31.350408,-96.247311,026,038,2919,5374,2026-04-06,1656,L8,H,D
31.350671,-96.247635,026,038,2918,5373,2026-04-06,1656,L8,H,D
31.350679,-96.24732,026,038,2919,5373,2026-04-06,1656,L8,L,D
31.354101,-96.164542,026,038,3182,5368,2026-04-06,1656,L8,H,D
31.354905,-95.462202,026,038,5410,5422,2026-04-06,1656,L8,L,D
31.378975,-96.219289,026,038,3011,5271,2026-04-06,1656,L8,H,D
31.37907,-96.215509,026,038,3023,5271,2026-04-06,1656,L8,H,D
31.379078,-96.215194,026,038,3024,5271,2026-04-06,1656,L8,H,D
31.37934,-96.215518,026,038,3023,5270,2026-04-06,1656,L8,H,D
31.379348,-96.215203,026,038,3024,5270,2026-04-06,1656,L8,H,D
31.379802,-96.218687,026,038,3013,5268,2026-04-06,1656,L8,H,D
31.38062,-96.218399,026,038,3014,5265,2026-04-06,1656,L8,H,D
31.380891,-96.218409,026,038,3014,5264,2026-04-06,1656,L8,H,D
31.380898,-96.218094,026,038,3015,5264,2026-04-06,1656,L8,L,D
31.381311,-96.511299,026,038,2085,5234,2026-04-06,1656,L8,H,D
31.38132,-96.510984,026,038,2086,5234,2026-04-06,1656,L8,H,D
31.381329,-96.510669,026,038,2087,5234,2026-04-06,1656,L8,H,D
31.381581,-96.511309,026,038,2085,5233,2026-04-06,1656,L8,H,D
31.38159,-96.510994,026,038,2086,5233,2026-04-06,1656,L8,H,D
31.381599,-96.510679,026,038,2087,5233,2026-04-06,1656,L8,H,D
31.381852,-96.511319,026,038,2085,5232,2026-04-06,1656,L8,H,D
31.38186,-96.511004,026,038,2086,5232,2026-04-06,1656,L8,H,D
31.381869,-96.510689,026,038,2087,5232,2026-04-06,1656,L8,H,D
31.38213,-96.511014,026,038,2086,5231,2026-04-06,1656,L8,H,D
31.387281,-95.069408,026,038,6658,5328,2026-04-06,1656,L8,L,D
31.390793,-95.467239,026,038,5397,5289,2026-04-06,1656,L8,L,D
31.392852,-96.150707,026,038,3230,5226,2026-04-06,1656,L8,L,D
31.39286,-96.150392,026,038,3231,5226,2026-04-06,1656,L8,H,D
31.394196,-96.151067,026,038,3229,5221,2026-04-06,1656,L8,L,D
31.394767,-96.149825,026,038,3233,5219,2026-04-06,1656,L8,H,D
31.395037,-96.149834,026,038,3233,5218,2026-04-06,1656,L8,L,D
31.425641,-96.092816,026,038,3417,5110,2026-04-06,1656,L8,H,D
31.425911,-96.092825,026,038,3417,5109,2026-04-06,1656,L8,H,D
31.426174,-96.093149,026,038,3416,5108,2026-04-06,1656,L8,H,D
31.426181,-96.092834,026,038,3417,5108,2026-04-06,1656,L8,H,D
31.426429,-96.093788,026,038,3414,5107,2026-04-06,1656,L8,L,D
31.426436,-96.093473,026,038,3415,5107,2026-04-06,1656,L8,H,D
31.426444,-96.093158,026,038,3416,5107,2026-04-06,1656,L8,H,D
31.427202,-95.299064,026,038,5933,5166,2026-04-06,1656,L8,H,D
31.427472,-95.299071,026,038,5933,5165,2026-04-06,1656,L8,H,D
31.43075,-95.980045,026,038,3775,5101,2026-04-06,1656,L8,H,D
31.430757,-95.97973,026,038,3776,5101,2026-04-06,1656,L8,H,D
31.43102,-95.980053,026,038,3775,5100,2026-04-06,1656,L8,H,D
31.433093,-95.317511,026,038,5875,5143,2026-04-06,1656,L8,L,D
31.433098,-95.317195,026,038,5876,5143,2026-04-06,1656,L8,H,D
31.433915,-95.3169,026,038,5877,5140,2026-04-06,1656,L8,H,D
31.450662,-95.996137,026,038,3726,5026,2026-04-06,1656,L8,H,D
31.460702,-96.697877,026,038,1503,4921,2026-04-06,1656,L8,H,D
31.460963,-96.698203,026,038,1502,4920,2026-04-06,1656,L8,M,D
31.460972,-96.697887,026,038,1503,4920,2026-04-06,1656,L8,M,D
31.461792,-96.697604,026,038,1504,4917,2026-04-06,1656,L8,M,D
31.462071,-96.6973,026,038,1505,4916,2026-04-06,1656,L8,M,D
31.462341,-96.69731,026,038,1505,4915,2026-04-06,1656,L8,H,D
31.462611,-96.697321,026,038,1505,4914,2026-04-06,1656,L8,H,D
31.47626,-95.537985,026,038,5180,4968,2026-04-06,1656,L8,H,D
31.476531,-95.537992,026,038,5180,4967,2026-04-06,1656,L8,H,D
31.491251,-95.477136,026,038,5374,4917,2026-04-06,1656,L8,L,D
31.491257,-95.476821,026,038,5375,4917,2026-04-06,1656,L8,H,D
31.491528,-95.476828,026,038,5375,4916,2026-04-06,1656,L8,H,D
31.500303,-96.911829,026,038,830,4751,2026-04-06,1656,L8,H,D
31.500573,-96.911841,026,038,830,4750,2026-04-06,1656,L8,H,D
31.502759,-96.655347,026,038,1643,4770,2026-04-06,1656,L8,H,D
31.502768,-96.655031,026,038,1644,4770,2026-04-06,1656,L8,L,D
31.503029,-96.655357,026,038,1643,4769,2026-04-06,1656,L8,H,D
31.503038,-96.655042,026,038,1644,4769,2026-04-06,1656,L8,H,D
31.503236,-96.657575,026,038,1636,4768,2026-04-06,1656,L8,H,D
31.503245,-96.657259,026,038,1637,4768,2026-04-06,1656,L8,H,D
31.503443,-96.659792,026,038,1629,4767,2026-04-06,1656,L8,H,D
31.503506,-96.657585,026,038,1636,4767,2026-04-06,1656,L8,H,D
31.503515,-96.65727,026,038,1637,4767,2026-04-06,1656,L8,H,D
31.503686,-96.660748,026,038,1626,4766,2026-04-06,1656,L8,M,D
31.503713,-96.659803,026,038,1629,4766,2026-04-06,1656,L8,H,D
31.503722,-96.659487,026,038,1630,4766,2026-04-06,1656,L8,H,D
31.503911,-96.662335,026,038,1621,4765,2026-04-06,1656,L8,H,D
31.50392,-96.66202,026,038,1622,4765,2026-04-06,1656,L8,H,D
31.50419,-96.662031,026,038,1622,4764,2026-04-06,1656,L8,H,D
31.504688,-96.101417,026,038,3398,4817,2026-04-06,1656,L8,H,D
31.504695,-96.101101,026,038,3399,4817,2026-04-06,1656,L8,H,D
31.504703,-96.100786,026,038,3400,4817,2026-04-06,1656,L8,L,D
31.504966,-96.10111,026,038,3399,4816,2026-04-06,1656,L8,H,D
31.505055,-96.660171,026,038,1628,4761,2026-04-06,1656,L8,H,D
31.50555,-96.661768,026,038,1623,4759,2026-04-06,1656,L8,H,D
31.505811,-96.662094,026,038,1622,4758,2026-04-06,1656,L8,H,D
31.50582,-96.661779,026,038,1623,4758,2026-04-06,1656,L8,H,D
31.506171,-96.658952,026,038,1632,4757,2026-04-06,1656,L8,H,D
31.50618,-96.658636,026,038,1633,4757,2026-04-06,1656,L8,H,D
31.506441,-96.658962,026,038,1632,4756,2026-04-06,1656,L8,H,D
31.508848,-96.915342,026,038,820,4719,2026-04-06,1656,L8,L,D
31.509108,-96.915668,026,038,819,4718,2026-04-06,1656,L8,L,D
31.553363,-95.52459,026,038,5229,4684,2026-04-06,1656,L8,L,D
31.553369,-95.524274,026,038,5230,4684,2026-04-06,1656,L8,H,D
31.553633,-95.524597,026,038,5229,4683,2026-04-06,1656,L8,H,D
31.55364,-95.524281,026,038,5230,4683,2026-04-06,1656,L8,H,D
31.55379,-95.404222,026,038,5610,4691,2026-04-06,1656,L8,H,D
31.553904,-95.524604,026,038,5229,4682,2026-04-06,1656,L8,H,D
31.553972,-95.52113,026,038,5240,4682,2026-04-06,1656,L8,H,D
31.554061,-95.404229,026,038,5610,4690,2026-04-06,1656,L8,H,D
31.554174,-95.524611,026,038,5229,4681,2026-04-06,1656,L8,L,D
31.554243,-95.521138,026,038,5240,4681,2026-04-06,1656,L8,H,D
31.570357,-96.875595,026,038,954,4496,2026-04-06,1656,L8,H,D
31.570366,-96.875279,026,038,955,4496,2026-04-06,1656,L8,L,D
31.571407,-95.416999,026,038,5571,4625,2026-04-06,1656,L8,H,D
31.571547,-95.103178,026,038,6564,4645,2026-04-06,1656,L8,L,D
31.571745,-96.286242,026,038,2820,4552,2026-04-06,1656,L8,L,D
31.571753,-96.285926,026,038,2821,4552,2026-04-06,1656,L8,H,D
31.571762,-96.285611,026,038,2822,4552,2026-04-06,1656,L8,H,D
31.573064,-96.287552,026,038,2816,4547,2026-04-06,1656,L8,H,D
31.573072,-96.287236,026,038,2817,4547,2026-04-06,1656,L8,H,D
31.57335,-96.28693,026,038,2818,4546,2026-04-06,1656,L8,H,D
31.573621,-96.28694,026,038,2818,4545,2026-04-06,1656,L8,H,D
31.573629,-96.286624,026,038,2819,4545,2026-04-06,1656,L8,H,D
31.573891,-96.286949,026,038,2818,4544,2026-04-06,1656,L8,L,D
31.60341,-96.034208,026,038,3621,4458,2026-04-06,1656,L8,L,D
31.603666,-96.034848,026,038,3619,4457,2026-04-06,1656,L8,H,D
31.603681,-96.034217,026,038,3621,4457,2026-04-06,1656,L8,H,D
31.603688,-96.033901,026,038,3622,4457,2026-04-06,1656,L8,H,D
31.603958,-96.03391,026,038,3622,4456,2026-04-06,1656,L8,H,D
31.62658,-96.246761,026,038,2951,4353,2026-04-06,1656,L8,H,D
31.648293,-95.9544,026,038,3878,4299,2026-04-06,1656,L8,H,D
31.66428,-95.579147,026,038,5066,4270,2026-04-06,1656,L8,H,D
31.664292,-95.578514,026,038,5068,4270,2026-04-06,1656,L8,H,D
31.66455,-95.579154,026,038,5066,4269,2026-04-06,1656,L8,H,D
31.664563,-95.578522,026,038,5068,4269,2026-04-06,1656,L8,H,D
31.674705,-95.851801,026,038,4205,4210,2026-04-06,1656,L8,H,D
31.674712,-95.851485,026,038,4206,4210,2026-04-06,1656,L8,H,D
31.676899,-95.636756,026,038,4885,4219,2026-04-06,1656,L8,H,D
31.677169,-95.636764,026,038,4885,4218,2026-04-06,1656,L8,L,D
31.678779,-95.637442,026,038,4883,4212,2026-04-06,1656,L8,H,D
31.678785,-95.637126,026,038,4884,4212,2026-04-06,1656,L8,H,D
31.679346,-95.636193,026,038,4887,4210,2026-04-06,1656,L8,L,D
31.679609,-95.636517,026,038,4886,4209,2026-04-06,1656,L8,L,D
31.679616,-95.6362,026,038,4887,4209,2026-04-06,1656,L8,H,D
31.680747,-96.52886,026,038,2065,4125,2026-04-06,1656,L8,H,D
31.681017,-96.528871,026,038,2065,4124,2026-04-06,1656,L8,H,D
31.734634,-96.155267,026,038,3252,3962,2026-04-06,1656,L8,H,D
31.734642,-96.154951,026,038,3253,3962,2026-04-06,1656,L8,H,D
31.734905,-96.155276,026,038,3252,3961,2026-04-06,1656,L8,H,D
31.734913,-96.15496,026,038,3253,3961,2026-04-06,1656,L8,H,D
31.742831,-96.259359,026,038,2924,3922,2026-04-06,1656,L8,H,D
31.742839,-96.259043,026,038,2925,3922,2026-04-06,1656,L8,L,D
31.743109,-96.259053,026,038,2925,3921,2026-04-06,1656,L8,L,D
31.743746,-96.49992,026,038,2164,3895,2026-04-06,1656,L8,H,D
31.744016,-96.49993,026,038,2164,3894,2026-04-06,1656,L8,H,D
31.744025,-96.499614,026,038,2165,3894,2026-04-06,1656,L8,H,D
31.744287,-96.49994,026,038,2164,3893,2026-04-06,1656,L8,H,D
31.755019,-95.166851,026,038,6376,3963,2026-04-06,1656,L8,L,D
31.75529,-95.166858,026,038,6376,3962,2026-04-06,1656,L8,H,D
31.778778,-96.053224,026,038,3579,3808,2026-04-06,1656,L8,H,D
31.778786,-96.052908,026,038,3580,3808,2026-04-06,1656,L8,H,D
31.779048,-96.053233,026,038,3579,3807,2026-04-06,1656,L8,H,D
31.779056,-96.052917,026,038,3580,3807,2026-04-06,1656,L8,H,D
31.799898,-96.464038,026,038,2284,3691,2026-04-06,1656,L8,H,D
31.803557,-96.458791,026,038,2301,3678,2026-04-06,1656,L8,H,D
31.803827,-96.458801,026,038,2301,3677,2026-04-06,1656,L8,H,D
31.804097,-96.458811,026,038,2301,3676,2026-04-06,1656,L8,H,D
31.804106,-96.458495,026,038,2302,3676,2026-04-06,1656,L8,H,D
31.805195,-96.458219,026,038,2303,3672,2026-04-06,1656,L8,L,D
31.805204,-96.457903,026,038,2304,3672,2026-04-06,1656,L8,H,D
31.808412,-95.063852,026,038,6705,3772,2026-04-06,1656,L8,L,D
31.808682,-95.063858,026,038,6705,3771,2026-04-06,1656,L8,H,D
31.808687,-95.063541,026,038,6706,3771,2026-04-06,1656,L8,H,D
31.820821,-96.13729,026,038,3318,3645,2026-04-06,1656,L8,L,D
31.829153,-95.665477,026,038,4808,3654,2026-04-06,1656,L8,H,D
31.82916,-95.665161,026,038,4809,3654,2026-04-06,1656,L8,H,D
31.82943,-95.665169,026,038,4809,3653,2026-04-06,1656,L8,H,D
31.829544,-95.160034,026,038,6403,3688,2026-04-06,1656,L8,H,D
31.829549,-95.159718,026,038,6404,3688,2026-04-06,1656,L8,H,D
31.830555,-95.838209,026,038,4263,3635,2026-04-06,1656,L8,H,D
31.832749,-96.10316,026,038,3427,3604,2026-04-06,1656,L8,L,D
31.833019,-96.103169,026,038,3427,3603,2026-04-06,1656,L8,L,D
31.833289,-96.103178,026,038,3427,3602,2026-04-06,1656,L8,L,D
31.833297,-96.102861,026,038,3428,3602,2026-04-06,1656,L8,H,D
31.83356,-96.103187,026,038,3427,3601,2026-04-06,1656,L8,H,D
31.833567,-96.10287,026,038,3428,3601,2026-04-06,1656,L8,H,D
31.83383,-96.103196,026,038,3427,3600,2026-04-06,1656,L8,H,D
31.833838,-96.102879,026,038,3428,3600,2026-04-06,1656,L8,M,D
31.839428,-96.106552,026,038,3417,3579,2026-04-06,1656,L8,H,D
31.840501,-96.106905,026,038,3416,3575,2026-04-06,1656,L8,L,D
31.841042,-96.106923,026,038,3416,3573,2026-04-06,1656,L8,H,D
31.845218,-95.647558,026,038,4866,3596,2026-04-06,1656,L8,L,D
31.845489,-95.647566,026,038,4866,3595,2026-04-06,1656,L8,L,D
31.845502,-95.646932,026,038,4868,3595,2026-04-06,1656,L8,L,D
31.845766,-95.647257,026,038,4867,3594,2026-04-06,1656,L8,L,D
31.845772,-95.64694,026,038,4868,3594,2026-04-06,1656,L8,H,D
31.845779,-95.646623,026,038,4869,3594,2026-04-06,1656,L8,L,D
31.845963,-95.650749,026,038,4856,3593,2026-04-06,1656,L8,L,D
31.847969,-95.205793,026,038,6260,3617,2026-04-06,1656,L8,H,D
31.847974,-95.205476,026,038,6261,3617,2026-04-06,1656,L8,H,D
31.84798,-95.205159,026,038,6262,3617,2026-04-06,1656,L8,L,D
31.85462,-95.149207,026,038,6439,3596,2026-04-06,1656,L8,M,D
31.854891,-95.149213,026,038,6439,3595,2026-04-06,1656,L8,L,D
31.865858,-95.219535,026,038,6218,3550,2026-04-06,1656,L8,H,D
31.865864,-95.219218,026,038,6219,3550,2026-04-06,1656,L8,H,D
31.866134,-95.219224,026,038,6219,3549,2026-04-06,1656,L8,H,D
31.869043,-95.207563,026,038,6256,3539,2026-04-06,1656,L8,L,D
31.881551,-96.444908,026,038,2354,3391,2026-04-06,1656,L8,H,D
31.881821,-96.444918,026,038,2354,3390,2026-04-06,1656,L8,H,D
31.891092,-95.613991,026,038,4976,3429,2026-04-06,1656,L8,H,D
31.891363,-95.613999,026,038,4976,3428,2026-04-06,1656,L8,H,D
31.891369,-95.613682,026,038,4977,3428,2026-04-06,1656,L8,L,D
31.89164,-95.613689,026,038,4977,3427,2026-04-06,1656,L8,L,D
31.895735,-95.212957,026,038,6241,3440,2026-04-06,1656,L8,H,D
31.898258,-95.176545,026,038,6356,3433,2026-04-06,1656,L8,L,D
31.898529,-95.176551,026,038,6356,3432,2026-04-06,1656,L8,H,D
31.898799,-95.176557,026,038,6356,3431,2026-04-06,1656,L8,L,D
31.901564,-95.204533,026,038,6268,3419,2026-04-06,1656,L8,H,D
31.901834,-95.20454,026,038,6268,3418,2026-04-06,1656,L8,L,D
31.906601,-95.836737,026,038,4275,3354,2026-04-06,1656,L8,H,D
31.906609,-95.836421,026,038,4276,3354,2026-04-06,1656,L8,H,D
31.906637,-95.835153,026,038,4280,3354,2026-04-06,1656,L8,H,D
31.906644,-95.834836,026,038,4281,3354,2026-04-06,1656,L8,L,D
31.906872,-95.836746,026,038,4275,3353,2026-04-06,1656,L8,H,D
31.906879,-95.836429,026,038,4276,3353,2026-04-06,1656,L8,H,D
31.906914,-95.834844,026,038,4281,3353,2026-04-06,1656,L8,L,D
31.907178,-95.83517,026,038,4280,3352,2026-04-06,1656,L8,H,D
31.907185,-95.834853,026,038,4281,3352,2026-04-06,1656,L8,H,D
31.907192,-95.834536,026,038,4282,3352,2026-04-06,1656,L8,H,D
31.907412,-95.836762,026,038,4275,3351,2026-04-06,1656,L8,L,D
31.907441,-95.835495,026,038,4279,3351,2026-04-06,1656,L8,H,D
31.907448,-95.835178,026,038,4280,3351,2026-04-06,1656,L8,H,D
31.907455,-95.834861,026,038,4281,3351,2026-04-06,1656,L8,H,D
31.907462,-95.834544,026,038,4282,3351,2026-04-06,1656,L8,H,D
31.907676,-95.837088,026,038,4274,3350,2026-04-06,1656,L8,H,D
31.907683,-95.836771,026,038,4275,3350,2026-04-06,1656,L8,H,D
31.907711,-95.835503,026,038,4279,3350,2026-04-06,1656,L8,H,D
31.907718,-95.835186,026,038,4280,3350,2026-04-06,1656,L8,H,D
31.907725,-95.834869,026,038,4281,3350,2026-04-06,1656,L8,H,D
31.907906,-95.814579,026,038,4345,3351,2026-04-06,1656,L8,H,D
31.907913,-95.814262,026,038,4346,3351,2026-04-06,1656,L8,H,D
31.907974,-95.835828,026,038,4278,3349,2026-04-06,1656,L8,H,D
31.907981,-95.835511,026,038,4279,3349,2026-04-06,1656,L8,H,D
31.907988,-95.835194,026,038,4280,3349,2026-04-06,1656,L8,H,D
31.907996,-95.834878,026,038,4281,3349,2026-04-06,1656,L8,H,D
31.908238,-95.836153,026,038,4277,3348,2026-04-06,1656,L8,H,D
31.908245,-95.835837,026,038,4278,3348,2026-04-06,1656,L8,H,D
31.908252,-95.83552,026,038,4279,3348,2026-04-06,1656,L8,H,D
31.908259,-95.835203,026,038,4280,3348,2026-04-06,1656,L8,H,D
31.908266,-95.834886,026,038,4281,3348,2026-04-06,1656,L8,H,D
31.908273,-95.834569,026,038,4282,3348,2026-04-06,1656,L8,H,D
31.908494,-95.836796,026,038,4275,3347,2026-04-06,1656,L8,L,D
31.908508,-95.836162,026,038,4277,3347,2026-04-06,1656,L8,H,D
31.908515,-95.835845,026,038,4278,3347,2026-04-06,1656,L8,H,D
31.908529,-95.835211,026,038,4280,3347,2026-04-06,1656,L8,H,D
31.908536,-95.834894,026,038,4281,3347,2026-04-06,1656,L8,H,D
31.908543,-95.834577,026,038,4282,3347,2026-04-06,1656,L8,H,D
31.90855,-95.83426,026,038,4283,3347,2026-04-06,1656,L8,H,D
31.908799,-95.835219,026,038,4280,3346,2026-04-06,1656,L8,H,D
31.908807,-95.834902,026,038,4281,3346,2026-04-06,1656,L8,H,D
31.908814,-95.834586,026,038,4282,3346,2026-04-06,1656,L8,H,D
31.914702,-95.242278,026,038,6150,3368,2026-04-06,1656,L8,L,D
31.914708,-95.241961,026,038,6151,3368,2026-04-06,1656,L8,H,D
31.917773,-95.142744,026,038,6464,3363,2026-04-06,1656,L8,H,D
31.921588,-95.369653,026,038,5749,3334,2026-04-06,1656,L8,H,D
31.926692,-95.094727,026,038,6616,3333,2026-04-06,1656,L8,M,D
31.926709,-95.356143,026,038,5792,3316,2026-04-06,1656,L8,H,D
31.926715,-95.355826,026,038,5793,3316,2026-04-06,1656,L8,H,D
31.926721,-95.355509,026,038,5794,3316,2026-04-06,1656,L8,M,D
31.92698,-95.35615,026,038,5792,3315,2026-04-06,1656,L8,H,D
31.926986,-95.355833,026,038,5793,3315,2026-04-06,1656,L8,H,D
31.926992,-95.355515,026,038,5794,3315,2026-04-06,1656,L8,H,D
31.92725,-95.356157,026,038,5792,3314,2026-04-06,1656,L8,M,D
31.927256,-95.355839,026,038,5793,3314,2026-04-06,1656,L8,H,D
31.934839,-95.266245,026,038,6076,3292,2026-04-06,1656,L8,L,D
31.954294,-95.23721,026,038,6169,3222,2026-04-06,1656,L8,L,D
31.964902,-94.901978,026,038,7226,3203,2026-04-06,1656,L8,H,D
31.966221,-94.904227,026,038,7219,3198,2026-04-06,1656,L8,H,D
31.96624,-95.140695,026,038,6474,3184,2026-04-06,1656,L8,H,D
31.966511,-95.140702,026,038,6474,3183,2026-04-06,1656,L8,H,D
31.966516,-95.140384,026,038,6475,3183,2026-04-06,1656,L8,L,D
31.967337,-95.234035,026,038,6180,3174,2026-04-06,1656,L8,M,D
31.967343,-95.233718,026,038,6181,3174,2026-04-06,1656,L8,H,D
31.967602,-95.234359,026,038,6179,3173,2026-04-06,1656,L8,H,D
31.967607,-95.234042,026,038,6180,3173,2026-04-06,1656,L8,H,D
31.967613,-95.233724,026,038,6181,3173,2026-04-06,1656,L8,H,D
31.967878,-95.234048,026,038,6180,3172,2026-04-06,1656,L8,H,D
31.967883,-95.233731,026,038,6181,3172,2026-04-06,1656,L8,L,D
31.975827,-95.676059,026,038,4788,3111,2026-04-06,1656,L8,L,D
31.976098,-95.676066,026,038,4788,3110,2026-04-06,1656,L8,H,D
31.981583,-95.976146,026,038,3843,3065,2026-04-06,1656,L8,L,D
31.985105,-95.554124,026,038,5173,3086,2026-04-06,1656,L8,L,D
31.985157,-95.311607,026,038,5937,3103,2026-04-06,1656,L8,L,D
31.985428,-95.311614,026,038,5937,3102,2026-04-06,1656,L8,H,D
32.028554,-96.744349,026,038,1428,2816,2026-04-06,1656,L8,H,D
32.028809,-96.015141,026,038,3725,2887,2026-04-06,1656,L8,L,D
32.028817,-96.014824,026,038,3726,2887,2026-04-06,1656,L8,H,D
32.028843,-96.743725,026,038,1430,2815,2026-04-06,1656,L8,H,D
32.029087,-96.014832,026,038,3726,2886,2026-04-06,1656,L8,M,D
32.029113,-96.743736,026,038,1430,2814,2026-04-06,1656,L8,H,D
32.029392,-96.74343,026,038,1431,2813,2026-04-06,1656,L8,L,D
32.039737,-96.795595,026,038,1268,2769,2026-04-06,1656,L8,H,D
32.039902,-95.613132,026,038,4992,2879,2026-04-06,1656,L8,H,D
32.039909,-95.612815,026,038,4993,2879,2026-04-06,1656,L8,M,D
32.040007,-96.795607,026,038,1268,2768,2026-04-06,1656,L8,H,D
32.040173,-95.61314,026,038,4992,2878,2026-04-06,1656,L8,L,D
32.042018,-95.680207,026,038,4781,2866,2026-04-06,1656,L8,L,D
32.042025,-95.67989,026,038,4782,2866,2026-04-06,1656,L8,H,D
32.042288,-95.680215,026,038,4781,2865,2026-04-06,1656,L8,L,D
32.042295,-95.679897,026,038,4782,2865,2026-04-06,1656,L8,H,D
32.054388,-96.561244,026,038,2008,2740,2026-04-06,1656,L8,L,D
32.061295,-96.222657,026,038,3075,2748,2026-04-06,1656,L8,H,D
32.061303,-96.222339,026,038,3076,2748,2026-04-06,1656,L8,L,D
32.062219,-95.759896,026,038,4532,2785,2026-04-06,1656,L8,H,D
32.069001,-95.045854,026,038,6780,2810,2026-04-06,1656,L8,H,D
32.069006,-95.045536,026,038,6781,2810,2026-04-06,1656,L8,L,D
32.069271,-95.04586,026,038,6780,2809,2026-04-06,1656,L8,H,D
32.069276,-95.045542,026,038,6781,2809,2026-04-06,1656,L8,L,D
32.073618,-95.282374,026,038,6036,2778,2026-04-06,1656,L8,L,D
32.073888,-95.28238,026,038,6036,2777,2026-04-06,1656,L8,L,D
32.080879,-95.760139,026,038,4533,2716,2026-04-06,1656,L8,H,D
32.084994,-96.462057,026,038,2324,2637,2026-04-06,1656,L8,M,D
32.08897,-95.359982,026,038,5793,2716,2026-04-06,1656,L8,L,D
32.096053,-95.386225,026,038,5711,2688,2026-04-06,1656,L8,L,D
32.09633,-95.385915,026,038,5712,2687,2026-04-06,1656,L8,L,D
32.104137,-96.032233,026,038,3679,2607,2026-04-06,1656,L8,H,D
32.104407,-96.032242,026,038,3679,2606,2026-04-06,1656,L8,H,D
32.104415,-96.031925,026,038,3680,2606,2026-04-06,1656,L8,H,D
32.118696,-95.823895,026,038,4336,2571,2026-04-06,1656,L8,H,D
32.134096,-95.908295,026,038,4072,2507,2026-04-06,1656,L8,H,D
32.134103,-95.907978,026,038,4073,2507,2026-04-06,1656,L8,H,D
32.134366,-95.908304,026,038,4072,2506,2026-04-06,1656,L8,H,D
32.134374,-95.907986,026,038,4073,2506,2026-04-06,1656,L8,H,D
32.134804,-95.901006,026,038,4095,2505,2026-04-06,1656,L8,L,D
32.134812,-95.900688,026,038,4096,2505,2026-04-06,1656,L8,H,D
32.134819,-95.900371,026,038,4097,2505,2026-04-06,1656,L8,H,D
32.135082,-95.900697,026,038,4096,2504,2026-04-06,1656,L8,H,D
32.135089,-95.900379,026,038,4097,2504,2026-04-06,1656,L8,H,D
32.144982,-95.607542,026,038,5019,2491,2026-04-06,1656,L8,H,D
32.144989,-95.607224,026,038,5020,2491,2026-04-06,1656,L8,H,D
32.145252,-95.607549,026,038,5019,2490,2026-04-06,1656,L8,L,D
32.146506,-95.886116,026,038,4143,2463,2026-04-06,1656,L8,H,D
32.164931,-96.012306,026,038,3748,2384,2026-04-06,1656,L8,L,D
32.166082,-95.527677,026,038,5272,2419,2026-04-06,1656,L8,H,D
32.166088,-95.527359,026,038,5273,2419,2026-04-06,1656,L8,H,D
32.166352,-95.527685,026,038,5272,2418,2026-04-06,1656,L8,H,D
32.166358,-95.527367,026,038,5273,2418,2026-04-06,1656,L8,H,D
32.166575,-96.067691,026,038,3574,2373,2026-04-06,1656,L8,L,D
32.166629,-95.527374,026,038,5273,2417,2026-04-06,1656,L8,L,D
32.167223,-96.07439,026,038,3553,2370,2026-04-06,1656,L8,L,D
32.167486,-96.074717,026,038,3552,2369,2026-04-06,1656,L8,L,D
32.167494,-96.074399,026,038,3553,2369,2026-04-06,1656,L8,L,D
32.169358,-95.526177,026,038,5277,2407,2026-04-06,1656,L8,H,D
32.169628,-95.526185,026,038,5277,2406,2026-04-06,1656,L8,H,D
32.169635,-95.525867,026,038,5278,2406,2026-04-06,1656,L8,L,D
32.177079,-95.789438,026,038,4450,2358,2026-04-06,1656,L8,H,D
32.177086,-95.78912,026,038,4451,2358,2026-04-06,1656,L8,H,D
32.180479,-95.770139,026,038,4511,2347,2026-04-06,1656,L8,L,D
32.180486,-95.769822,026,038,4512,2347,2026-04-06,1656,L8,H,D
32.180756,-95.76983,026,038,4512,2346,2026-04-06,1656,L8,H,D
32.197162,-94.821831,026,038,7493,2349,2026-04-06,1656,L8,M,D
32.205988,-96.724259,026,038,1514,2162,2026-04-06,1656,L8,H,D
32.20723,-96.491494,026,038,2246,2182,2026-04-06,1656,L8,H,D
32.217709,-95.347709,026,038,5842,2241,2026-04-06,1656,L8,H,D
32.217714,-95.347391,026,038,5843,2241,2026-04-06,1656,L8,M,D
32.220163,-95.761478,026,038,4542,2201,2026-04-06,1656,L8,H,D
32.220433,-95.761487,026,038,4542,2200,2026-04-06,1656,L8,H,D
32.226772,-95.060841,026,038,6744,2226,2026-04-06,1656,L8,L,D
32.22683,-95.380726,026,038,5739,2205,2026-04-06,1656,L8,H,D
32.227101,-95.380733,026,038,5739,2204,2026-04-06,1656,L8,H,D
32.228564,-95.846066,026,038,4277,2163,2026-04-06,1656,L8,H,D
32.228834,-95.846074,026,038,4277,2162,2026-04-06,1656,L8,H,D
32.248555,-95.882976,026,038,4163,2086,2026-04-06,1656,L8,H,D
32.248562,-95.882658,026,038,4164,2086,2026-04-06,1656,L8,H,D
32.252382,-95.08307,026,038,6676,2130,2026-04-06,1656,L8,H,D
32.253676,-95.883774,026,038,4161,2067,2026-04-06,1656,L8,L,D
32.254843,-95.064977,026,038,6733,2122,2026-04-06,1656,L8,H,D
32.260369,-95.090895,026,038,6652,2100,2026-04-06,1656,L8,L,D
32.260937,-95.089316,026,038,6657,2098,2026-04-06,1656,L8,L,D
32.261822,-94.896046,026,038,7264,2106,2026-04-06,1656,L8,H,D
32.261827,-94.895727,026,038,7265,2106,2026-04-06,1656,L8,H,D
32.278588,-95.197049,026,038,6320,2026,2026-04-06,1656,L8,H,D
32.278859,-95.197055,026,038,6320,2025,2026-04-06,1656,L8,H,D
32.279318,-96.178775,026,038,3237,1946,2026-04-06,1656,L8,H,D
32.279326,-96.178457,026,038,3238,1946,2026-04-06,1656,L8,H,D
32.279588,-96.178785,026,038,3237,1945,2026-04-06,1656,L8,H,D
32.279596,-96.178467,026,038,3238,1945,2026-04-06,1656,L8,H,D
32.279858,-96.178794,026,038,3237,1944,2026-04-06,1656,L8,L,D
32.285284,-95.039868,026,038,6814,2011,2026-04-06,1656,L8,L,D
32.286906,-96.188911,026,038,3206,1917,2026-04-06,1656,L8,H,D
32.304648,-95.160723,026,038,6436,1932,2026-04-06,1656,L8,H,D
32.304653,-95.160405,026,038,6437,1932,2026-04-06,1656,L8,H,D
32.304918,-95.16073,026,038,6436,1931,2026-04-06,1656,L8,H,D
32.304924,-95.160411,026,038,6437,1931,2026-04-06,1656,L8,H,D
32.305167,-95.16201,026,038,6432,1930,2026-04-06,1656,L8,H,D
32.305437,-95.162016,026,038,6432,1929,2026-04-06,1656,L8,H,D
32.311353,-95.459392,026,038,5499,1887,2026-04-06,1656,L8,H,D
32.311618,-95.459718,026,038,5498,1886,2026-04-06,1656,L8,H,D
32.311624,-95.459399,026,038,5499,1886,2026-04-06,1656,L8,H,D
32.311888,-95.459725,026,038,5498,1885,2026-04-06,1656,L8,H,D
32.311894,-95.459407,026,038,5499,1885,2026-04-06,1656,L8,H,D
32.311948,-95.866828,026,038,4220,1853,2026-04-06,1656,L8,H,D
32.311955,-95.866509,026,038,4221,1853,2026-04-06,1656,L8,H,D
32.312158,-95.459732,026,038,5498,1884,2026-04-06,1656,L8,H,D
32.312165,-95.459414,026,038,5499,1884,2026-04-06,1656,L8,H,D
32.312429,-95.45974,026,038,5498,1883,2026-04-06,1656,L8,H,D
32.336411,-96.156242,026,038,3314,1737,2026-04-06,1656,L8,H,D
32.341037,-95.335274,026,038,5891,1786,2026-04-06,1656,L8,H,D
32.341313,-95.334963,026,038,5892,1785,2026-04-06,1656,L8,H,D
32.345801,-96.467824,026,038,2337,1672,2026-04-06,1656,L8,H,D
32.347996,-95.467076,026,038,5478,1751,2026-04-06,1656,L8,L,D
32.348804,-95.453394,026,038,5521,1749,2026-04-06,1656,L8,L,D
32.349074,-95.453401,026,038,5521,1748,2026-04-06,1656,L8,H,D
32.351546,-94.938717,026,038,7136,1772,2026-04-06,1656,L8,H,D
32.351551,-94.938398,026,038,7137,1772,2026-04-06,1656,L8,H,D
32.351556,-94.938079,026,038,7138,1772,2026-04-06,1656,L8,L,D
32.351811,-94.939041,026,038,7135,1771,2026-04-06,1656,L8,H,D
32.351816,-94.938722,026,038,7136,1771,2026-04-06,1656,L8,H,D
32.351821,-94.938404,026,038,7137,1771,2026-04-06,1656,L8,H,D
32.351826,-94.938085,026,038,7138,1771,2026-04-06,1656,L8,H,D
32.352082,-94.939047,026,038,7135,1770,2026-04-06,1656,L8,H,D
32.352092,-94.93841,026,038,7137,1770,2026-04-06,1656,L8,H,D
32.352097,-94.938091,026,038,7138,1770,2026-04-06,1656,L8,H,D
32.352352,-94.939053,026,038,7135,1769,2026-04-06,1656,L8,H,D
32.352357,-94.938734,026,038,7136,1769,2026-04-06,1656,L8,H,D
32.352362,-94.938415,026,038,7137,1769,2026-04-06,1656,L8,H,D
32.353581,-96.807073,026,038,1273,1607,2026-04-06,1656,L8,L,D
32.356047,-96.117094,026,038,3439,1668,2026-04-06,1656,L8,H,D
32.356055,-96.116775,026,038,3440,1668,2026-04-06,1656,L8,L,D
32.356317,-96.117103,026,038,3439,1667,2026-04-06,1656,L8,H,D
32.356325,-96.116785,026,038,3440,1667,2026-04-06,1656,L8,H,D
32.356333,-96.116466,026,038,3441,1667,2026-04-06,1656,L8,L,D
32.356341,-96.116148,026,038,3442,1667,2026-04-06,1656,L8,H,D
32.356349,-96.11583,026,038,3443,1667,2026-04-06,1656,L8,H,D
32.356611,-96.116157,026,038,3442,1666,2026-04-06,1656,L8,H,D
32.356619,-96.115839,026,038,3443,1666,2026-04-06,1656,L8,H,D
32.361658,-95.346642,026,038,5857,1709,2026-04-06,1656,L8,H,D
32.36621,-95.597302,026,038,5071,1674,2026-04-06,1656,L8,H,D
32.366217,-95.596984,026,038,5072,1674,2026-04-06,1656,L8,M,D
32.36648,-95.59731,026,038,5071,1673,2026-04-06,1656,L8,H,D
32.366487,-95.596992,026,038,5072,1673,2026-04-06,1656,L8,L,D
32.373415,-95.368943,026,038,5788,1664,2026-04-06,1656,L8,H,D
32.373421,-95.368624,026,038,5789,1664,2026-04-06,1656,L8,H,D
32.373685,-95.36895,026,038,5788,1663,2026-04-06,1656,L8,H,D
32.378569,-96.036591,026,038,3694,1592,2026-04-06,1656,L8,H,D
32.381729,-96.641601,026,038,1796,1521,2026-04-06,1656,L8,H,D
32.386441,-96.167226,026,038,3285,1551,2026-04-06,1656,L8,L,D
32.386449,-96.166907,026,038,3286,1551,2026-04-06,1656,L8,H,D
32.388842,-96.014302,026,038,3765,1556,2026-04-06,1656,L8,H,D
32.389112,-96.014311,026,038,3765,1555,2026-04-06,1656,L8,H,D
32.393943,-96.038381,026,038,3690,1535,2026-04-06,1656,L8,H,D
32.394213,-96.03839,026,038,3690,1534,2026-04-06,1656,L8,L,D
32.39486,-96.414239,026,038,2511,1496,2026-04-06,1656,L8,L,D
32.394869,-96.413921,026,038,2512,1496,2026-04-06,1656,L8,L,D
32.40043,-96.418274,026,038,2499,1475,2026-04-06,1656,L8,H,D
32.4028,-96.14038,026,038,3371,1493,2026-04-06,1656,L8,H,D
32.40307,-96.140389,026,038,3371,1492,2026-04-06,1656,L8,H,D
32.406518,-96.383119,026,038,2610,1456,2026-04-06,1656,L8,H,D
32.406526,-96.382801,026,038,2611,1456,2026-04-06,1656,L8,H,D
32.406788,-96.383129,026,038,2610,1455,2026-04-06,1656,L8,H,D
32.406796,-96.382811,026,038,2611,1455,2026-04-06,1656,L8,L,D
32.40944,-95.308332,026,038,5981,1535,2026-04-06,1656,L8,H,D
32.40971,-95.308339,026,038,5981,1534,2026-04-06,1656,L8,L,D
32.412006,-95.832043,026,038,4339,1486,2026-04-06,1656,L8,H,D
32.42022,-95.439698,026,038,5570,1486,2026-04-06,1656,L8,H,D
32.420226,-95.439379,026,038,5571,1486,2026-04-06,1656,L8,H,D
32.420529,-95.825931,026,038,4359,1455,2026-04-06,1656,L8,H,D
32.420536,-95.825613,026,038,4360,1455,2026-04-06,1656,L8,H,D
32.420799,-95.82594,026,038,4359,1454,2026-04-06,1656,L8,H,D
32.420807,-95.825621,026,038,4360,1454,2026-04-06,1656,L8,L,D
32.423699,-95.981659,026,038,3871,1430,2026-04-06,1656,L8,H,D
32.427718,-96.565337,026,038,2041,1359,2026-04-06,1656,L8,L,D
32.433219,-96.365622,026,038,2668,1359,2026-04-06,1656,L8,H,D
32.433228,-96.365303,026,038,2669,1359,2026-04-06,1656,L8,H,D
32.434495,-95.193167,026,038,6344,1450,2026-04-06,1656,L8,H,D
32.434765,-95.193173,026,038,6344,1449,2026-04-06,1656,L8,H,D
32.445125,-95.043781,026,038,6813,1420,2026-04-06,1656,L8,H,D
32.44573,-95.700711,026,038,4754,1372,2026-04-06,1656,L8,H,D
32.446,-95.700719,026,038,4754,1371,2026-04-06,1656,L8,H,D
32.450907,-95.951931,026,038,3967,1332,2026-04-06,1656,L8,L,D
32.451177,-95.95194,026,038,3967,1331,2026-04-06,1656,L8,H,D
32.457031,-96.674291,026,038,1703,1239,2026-04-06,1656,L8,H,D
32.482053,-95.646265,026,038,4928,1242,2026-04-06,1656,L8,L,D
32.482323,-95.646273,026,038,4928,1241,2026-04-06,1656,L8,H,D
32.488105,-95.536327,026,038,5273,1228,2026-04-06,1656,L8,L,D
32.492196,-95.690928,026,038,4789,1201,2026-04-06,1656,L8,H,D
32.492466,-95.690936,026,038,4789,1200,2026-04-06,1656,L8,H,D
32.500156,-95.698188,026,038,4767,1171,2026-04-06,1656,L8,L,D
32.500426,-95.698196,026,038,4767,1170,2026-04-06,1656,L8,L,D
32.500724,-95.696928,026,038,4771,1169,2026-04-06,1656,L8,H,D
32.500983,-95.473801,026,038,5470,1185,2026-04-06,1656,L8,H,D
32.500994,-95.696936,026,038,4771,1168,2026-04-06,1656,L8,H,D
32.501001,-95.696617,026,038,4772,1168,2026-04-06,1656,L8,H,D
32.501247,-95.474127,026,038,5469,1184,2026-04-06,1656,L8,H,D
32.501253,-95.473808,026,038,5470,1184,2026-04-06,1656,L8,H,D
32.503475,-96.347495,026,038,2733,1101,2026-04-06,1656,L8,L,D
32.503746,-96.347505,026,038,2733,1100,2026-04-06,1656,L8,L,D
32.504303,-96.346888,026,038,2735,1098,2026-04-06,1656,L8,H,D
32.50433,-95.509647,026,038,5358,1170,2026-04-06,1656,L8,H,D
32.504337,-95.509328,026,038,5359,1170,2026-04-06,1656,L8,H,D
32.504607,-95.509336,026,038,5359,1169,2026-04-06,1656,L8,H,D
32.517161,-95.378456,026,038,5770,1132,2026-04-06,1656,L8,H,D
32.517431,-95.378463,026,038,5770,1131,2026-04-06,1656,L8,L,D
32.518931,-95.840502,026,038,4323,1090,2026-04-06,1656,L8,L,D
32.51947,-96.446079,026,038,2426,1032,2026-04-06,1656,L8,L,D
32.51986,-96.361829,026,038,2690,1039,2026-04-06,1656,L8,H,D
32.519868,-96.36151,026,038,2691,1039,2026-04-06,1656,L8,H,D
32.519913,-95.68505,026,038,4810,1099,2026-04-06,1656,L8,L,D
32.528088,-96.316805,026,038,2832,1013,2026-04-06,1656,L8,H,D
32.529475,-95.852648,026,038,4286,1050,2026-04-06,1656,L8,H,D
32.533404,-95.543668,026,038,5254,1060,2026-04-06,1656,L8,L,D
32.547982,-96.670973,026,038,1725,903,2026-04-06,1656,L8,L,D
32.549018,-95.920332,026,038,4076,972,2026-04-06,1656,L8,L,D
32.559689,-95.796112,026,038,4466,943,2026-04-06,1656,L8,H,D
32.559959,-95.796121,026,038,4466,942,2026-04-06,1656,L8,L,D
32.562981,-96.739914,026,038,1511,840,2026-04-06,1656,L8,H,D
32.563251,-96.739925,026,038,1511,839,2026-04-06,1656,L8,H,D
32.567981,-95.82448,026,038,4378,910,2026-04-06,1656,L8,L,D
32.572567,-95.689494,026,038,4801,904,2026-04-06,1656,L8,H,D
32.591529,-95.738309,026,038,4650,830,2026-04-06,1656,L8,H,D
32.591792,-95.738637,026,038,4649,829,2026-04-06,1656,L8,H,D
32.591799,-95.738317,026,038,4650,829,2026-04-06,1656,L8,H,D
32.591806,-95.737998,026,038,4651,829,2026-04-06,1656,L8,H,D
32.591813,-95.737679,026,038,4652,829,2026-04-06,1656,L8,H,D
32.59182,-95.737359,026,038,4653,829,2026-04-06,1656,L8,L,D
32.592076,-95.738006,026,038,4651,828,2026-04-06,1656,L8,H,D
32.592083,-95.737687,026,038,4652,828,2026-04-06,1656,L8,H,D
32.59209,-95.737368,026,038,4653,828,2026-04-06,1656,L8,H,D
32.592347,-95.738015,026,038,4651,827,2026-04-06,1656,L8,H,D
32.592354,-95.737695,026,038,4652,827,2026-04-06,1656,L8,H,D
32.598257,-95.954521,026,038,3974,787,2026-04-06,1656,L8,H,D
32.598265,-95.954202,026,038,3975,787,2026-04-06,1656,L8,L,D
32.600787,-95.772464,026,038,4544,793,2026-04-06,1656,L8,M,D
32.601008,-95.774708,026,038,4537,792,2026-04-06,1656,L8,L,D
32.601058,-95.772472,026,038,4544,792,2026-04-06,1656,L8,H,D
32.605574,-96.186105,026,038,3250,739,2026-04-06,1656,L8,H,D
32.614767,-96.01099,026,038,3799,721,2026-04-06,1656,L8,H,D
32.615037,-96.010999,026,038,3799,720,2026-04-06,1656,L8,L,D
32.626575,-96.037274,026,038,3718,675,2026-04-06,1656,L8,L,D
32.626582,-96.036955,026,038,3719,675,2026-04-06,1656,L8,H,D
32.647413,-96.157221,026,038,3345,587,2026-04-06,1656,L8,H,D
32.647421,-96.156901,026,038,3346,587,2026-04-06,1656,L8,H,D
32.647684,-96.15723,026,038,3345,586,2026-04-06,1656,L8,L,D
32.647692,-96.156911,026,038,3346,586,2026-04-06,1656,L8,H,D
32.65965,-96.281059,026,038,2959,530,2026-04-06,1656,L8,H,D
32.706559,-96.675862,026,038,1730,316,2026-04-06,1656,L8,H,D
32.706829,-96.675873,026,038,1730,315,2026-04-06,1656,L8,H,D
26.744725,-97.639182,026,042,3048,1081,2026-04-06,1657,L8,L,D
26.955036,-98.140764,026,041,260,5639,2026-04-06,1657,L8,H,D
26.955036,-98.140764,026,042,1380,319,2026-04-06,1657,L8,L,D
26.955307,-98.140762,026,041,260,5638,2026-04-06,1657,L8,H,D
26.955307,-98.140762,026,042,1380,318,2026-04-06,1657,L8,H,D
26.95558,-98.141062,026,042,1379,317,2026-04-06,1657,L8,L,D
26.95558,-98.141062,026,041,259,5637,2026-04-06,1657,L8,L,D
26.955851,-98.14106,026,042,1379,316,2026-04-06,1657,L8,H,D
26.955851,-98.14106,026,041,259,5636,2026-04-06,1657,L8,L,D
26.95612,-98.140756,026,041,260,5635,2026-04-06,1657,L8,H,D
26.95612,-98.140756,026,042,1380,315,2026-04-06,1657,L8,L,D
26.956121,-98.141058,026,041,259,5635,2026-04-06,1657,L8,H,D
26.956121,-98.141058,026,042,1379,315,2026-04-06,1657,L8,H,D
27.814535,-97.423258,026,041,2594,2442,2026-04-06,1657,L8,H,D
27.814538,-97.423563,026,041,2593,2442,2026-04-06,1657,L8,H,D
48.196514,-102.851092,034,026,3740,6378,2026-04-06,1740,L9,H,D
48.196521,-102.851496,034,026,3739,6378,2026-04-06,1740,L9,H,D
48.196783,-102.851081,034,026,3740,6377,2026-04-06,1740,L9,H,D
48.196791,-102.851484,034,026,3739,6377,2026-04-06,1740,L9,H,D
48.236405,-103.954057,034,026,1006,6287,2026-04-06,1740,L9,H,D
48.236409,-103.954461,034,026,1005,6287,2026-04-06,1740,L9,M,D
48.236675,-103.954052,034,026,1006,6286,2026-04-06,1740,L9,H,D
48.236679,-103.954456,034,026,1005,6286,2026-04-06,1740,L9,M,D
48.236948,-103.95445,034,026,1005,6285,2026-04-06,1740,L9,M,D
48.313177,-103.480684,034,026,2172,5983,2026-04-06,1740,L9,H,D
48.343614,-102.528279,034,026,4522,5809,2026-04-06,1740,L9,M,D
48.343883,-102.528266,034,026,4522,5808,2026-04-06,1740,L9,H,D
48.343892,-102.528671,034,026,4521,5808,2026-04-06,1740,L9,H,D
48.532876,-102.555653,034,026,4432,5110,2026-04-06,1740,L9,H,D
48.532885,-102.556059,034,026,4431,5110,2026-04-06,1740,L9,H,D
48.533146,-102.55564,034,026,4432,5109,2026-04-06,1740,L9,H,D
48.573592,-103.359422,034,026,2451,5012,2026-04-06,1740,L9,H,D
48.573862,-103.359413,034,026,2451,5011,2026-04-06,1740,L9,H,D
48.573867,-103.359819,034,026,2450,5011,2026-04-06,1740,L9,H,D
48.578064,-103.370259,034,026,2424,4996,2026-04-06,1740,L9,H,D
48.57807,-103.370666,034,026,2423,4996,2026-04-06,1740,L9,H,D
48.578334,-103.370251,034,026,2424,4995,2026-04-06,1740,L9,H,D
48.57834,-103.370657,034,026,2423,4995,2026-04-06,1740,L9,H,D
48.589189,-102.721785,034,026,4017,4914,2026-04-06,1740,L9,H,D
48.589458,-102.721773,034,026,4017,4913,2026-04-06,1740,L9,H,D
48.631902,-103.232525,034,026,2758,4789,2026-04-06,1740,L9,H,D
48.632852,-103.370124,034,026,2420,4793,2026-04-06,1740,L9,H,D
48.632858,-103.370531,034,026,2419,4793,2026-04-06,1740,L9,H,D
48.632942,-102.345171,034,026,4937,4722,2026-04-06,1740,L9,H,D
48.633122,-103.370115,034,026,2420,4792,2026-04-06,1740,L9,H,D
48.633202,-102.34475,034,026,4938,4721,2026-04-06,1740,L9,H,D
48.633212,-102.345157,034,026,4937,4721,2026-04-06,1740,L9,H,D
48.633397,-103.370513,034,026,2419,4791,2026-04-06,1740,L9,H,D
48.634681,-103.309798,034,026,2568,4783,2026-04-06,1740,L9,H,D
48.634687,-103.310205,034,026,2567,4783,2026-04-06,1740,L9,H,D
48.634957,-103.310196,034,026,2567,4782,2026-04-06,1740,L9,H,D
48.635221,-103.30978,034,026,2568,4781,2026-04-06,1740,L9,H,D
48.635227,-103.310187,034,026,2567,4781,2026-04-06,1740,L9,H,D
48.635324,-103.354163,034,026,2459,4783,2026-04-06,1740,L9,H,D
48.635594,-103.354154,034,026,2459,4782,2026-04-06,1740,L9,H,D
48.6356,-103.354561,034,026,2458,4782,2026-04-06,1740,L9,H,D
48.661479,-103.894364,034,026,1131,4710,2026-04-06,1740,L9,H,D
48.661483,-103.894771,034,026,1130,4710,2026-04-06,1740,L9,H,D
48.664074,-103.422085,034,026,2290,4680,2026-04-06,1740,L9,H,D
48.664344,-103.422076,034,026,2290,4679,2026-04-06,1740,L9,H,D
48.674318,-102.796604,034,026,3824,4604,2026-04-06,1740,L9,H,D
48.67458,-102.796185,034,026,3825,4603,2026-04-06,1740,L9,H,D
48.674587,-102.796593,034,026,3824,4603,2026-04-06,1740,L9,H,D
48.676703,-103.39846,034,026,2347,4632,2026-04-06,1740,L9,H,D
48.67775,-103.931094,034,026,1040,4651,2026-04-06,1740,L9,H,D
48.72282,-103.094724,034,026,3088,4444,2026-04-06,1740,L9,H,D
48.722827,-103.095132,034,026,3087,4444,2026-04-06,1740,L9,H,D
48.723083,-103.094306,034,026,3089,4443,2026-04-06,1740,L9,H,D
48.72309,-103.094714,034,026,3088,4443,2026-04-06,1740,L9,H,D
48.723097,-103.095122,034,026,3087,4443,2026-04-06,1740,L9,H,D
48.749862,-103.130843,034,026,2997,4346,2026-04-06,1740,L9,H,D
48.762835,-103.199764,034,026,2827,4302,2026-04-06,1740,L9,H,D
48.7633,-102.806185,034,026,3791,4275,2026-04-06,1740,L9,H,D
48.763308,-102.806593,034,026,3790,4275,2026-04-06,1740,L9,H,D
48.764315,-103.278914,034,026,2633,4301,2026-04-06,1740,L9,H,D
48.764585,-103.278905,034,026,2633,4300,2026-04-06,1740,L9,H,D
48.764591,-103.279313,034,026,2632,4300,2026-04-06,1740,L9,H,D
48.764854,-103.278895,034,026,2633,4299,2026-04-06,1740,L9,H,D
48.76486,-103.279304,034,026,2632,4299,2026-04-06,1740,L9,H,D
49.015348,-101.879232,034,026,6023,3262,2026-04-06,1740,L9,H,D
49.016025,-102.480777,034,026,4557,3314,2026-04-06,1740,L9,H,D
49.016034,-102.481187,034,026,4556,3314,2026-04-06,1740,L9,H,D
49.038531,-103.815426,034,026,1303,3310,2026-04-06,1740,L9,H,D
49.039706,-101.851841,034,026,6086,3169,2026-04-06,1740,L9,M,D
49.039975,-101.851824,034,026,6086,3168,2026-04-06,1740,L9,H,D
49.039986,-101.852234,034,026,6085,3168,2026-04-06,1740,L9,H,D
49.040245,-101.851807,034,026,6086,3167,2026-04-06,1740,L9,H,D
49.040256,-101.852217,034,026,6085,3167,2026-04-06,1740,L9,M,D
49.076479,-101.975242,034,026,5780,3045,2026-04-06,1740,L9,H,D
49.157551,-101.978947,034,026,5759,2745,2026-04-06,1740,L9,H,D
49.157562,-101.979357,034,026,5758,2745,2026-04-06,1740,L9,M,D
49.221506,-102.328596,034,026,4901,2540,2026-04-06,1740,L9,L,D
49.259396,-102.087372,034,026,5481,2378,2026-04-06,1740,L9,H,D
49.327116,-102.736635,034,026,3899,2181,2026-04-06,1740,L9,H,D
49.327386,-102.736622,034,026,3899,2180,2026-04-06,1740,L9,H,D
49.337022,-102.774176,034,026,3807,2147,2026-04-06,1740,L9,H,D
49.33703,-102.774589,034,026,3806,2147,2026-04-06,1740,L9,H,D
49.337292,-102.774164,034,026,3807,2146,2026-04-06,1740,L9,H,D
49.337299,-102.774577,034,026,3806,2146,2026-04-06,1740,L9,H,D
49.353387,-102.727579,034,026,3918,2083,2026-04-06,1740,L9,H,D
49.353649,-102.727154,034,026,3919,2082,2026-04-06,1740,L9,H,D
49.353657,-102.727567,034,026,3918,2082,2026-04-06,1740,L9,H,D
49.38761,-101.696508,034,026,6408,1864,2026-04-06,1740,L9,M,D
49.38761,-101.696508,034,025,5168,7154,2026-04-06,1740,L9,M,D
49.444875,-102.840073,034,026,3636,1752,2026-04-06,1740,L9,H,D
49.445145,-102.840061,034,026,3636,1751,2026-04-06,1740,L9,H,D
49.479969,-102.855097,034,026,3596,1623,2026-04-06,1740,L9,H,D
49.543568,-101.960171,034,026,5747,1313,2026-04-06,1740,L9,H,D
49.543568,-101.960171,034,025,4507,6603,2026-04-06,1740,L9,H,D
49.543838,-101.960154,034,026,5747,1312,2026-04-06,1740,L9,H,D
49.543838,-101.960154,034,025,4507,6602,2026-04-06,1740,L9,H,D
49.560873,-103.148605,034,026,2880,1342,2026-04-06,1740,L9,H,D
49.560873,-103.148605,034,025,1640,6632,2026-04-06,1740,L9,H,D
49.73539,-102.98209,034,025,2024,5975,2026-04-06,1740,L9,H,D
49.73539,-102.98209,034,026,3264,685,2026-04-06,1740,L9,H,D
49.735397,-102.982506,034,026,3263,685,2026-04-06,1740,L9,L,D
49.735397,-102.982506,034,025,2023,5975,2026-04-06,1740,L9,L,D
49.735659,-102.982079,034,026,3264,684,2026-04-06,1740,L9,H,D
49.735659,-102.982079,034,025,2024,5974,2026-04-06,1740,L9,H,D
49.735666,-102.982495,034,025,2023,5974,2026-04-06,1740,L9,M,D
49.735666,-102.982495,034,026,3263,684,2026-04-06,1740,L9,H,D
49.735929,-102.982067,034,026,3264,683,2026-04-06,1740,L9,H,D
49.735929,-102.982067,034,025,2024,5973,2026-04-06,1740,L9,H,D
49.754461,-101.892841,034,025,4637,5815,2026-04-06,1740,L9,H,D
49.782707,-102.866762,034,026,3536,502,2026-04-06,1740,L9,H,D
49.782707,-102.866762,034,025,2296,5792,2026-04-06,1740,L9,H,D
49.782977,-102.86675,034,025,2296,5791,2026-04-06,1740,L9,H,D
49.782977,-102.86675,034,026,3536,501,2026-04-06,1740,L9,M,D
49.814474,-101.174874,034,025,6349,5513,2026-04-06,1740,L9,H,D
49.814743,-101.174852,034,025,6349,5512,2026-04-06,1740,L9,H,D
49.826837,-102.816431,034,025,2412,5625,2026-04-06,1740,L9,H,D
49.827106,-102.816419,034,025,2412,5624,2026-04-06,1740,L9,H,D
49.91585,-102.53198,034,025,3083,5274,2026-04-06,1740,L9,M,D
50.136042,-101.686355,034,025,5070,4380,2026-04-06,1740,L9,M,D
47.758576,-103.057352,034,027,4540,2744,2026-04-06,1741,L9,H,D
47.758583,-103.057752,034,027,4539,2744,2026-04-06,1741,L9,H,D
47.758852,-103.057742,034,027,4539,2743,2026-04-06,1741,L9,H,D
47.84277,-103.008498,034,027,4654,2429,2026-04-06,1741,L9,H,D
47.842777,-103.008899,034,027,4653,2429,2026-04-06,1741,L9,H,D
47.843039,-103.008488,034,027,4654,2428,2026-04-06,1741,L9,H,D
47.843046,-103.008888,034,027,4653,2428,2026-04-06,1741,L9,H,D
47.965307,-103.484887,034,027,3457,2002,2026-04-06,1741,L9,H,D
47.99183,-103.059065,034,027,4514,1880,2026-04-06,1741,L9,H,D
47.991837,-103.059467,034,027,4513,1880,2026-04-06,1741,L9,H,D
48.00828,-103.370597,034,027,3738,1837,2026-04-06,1741,L9,H,D
48.00855,-103.370588,034,027,3738,1836,2026-04-06,1741,L9,H,D
48.039952,-103.45533,034,027,3525,1724,2026-04-06,1741,L9,H,D
48.040222,-103.455322,034,027,3525,1723,2026-04-06,1741,L9,H,D
48.196514,-102.851092,034,027,5010,1108,2026-04-06,1741,L9,H,D
48.196521,-102.851496,034,027,5009,1108,2026-04-06,1741,L9,H,D
48.196783,-102.851081,034,027,5010,1107,2026-04-06,1741,L9,H,D
48.196791,-102.851484,034,027,5009,1107,2026-04-06,1741,L9,H,D
48.236405,-103.954057,034,027,2276,1017,2026-04-06,1741,L9,M,D
48.236409,-103.954461,034,027,2275,1017,2026-04-06,1741,L9,M,D
48.236675,-103.954052,034,027,2276,1016,2026-04-06,1741,L9,H,D
48.236679,-103.954456,034,027,2275,1016,2026-04-06,1741,L9,M,D
48.236948,-103.95445,034,027,2275,1015,2026-04-06,1741,L9,M,D
40.862872,-105.021418,034,031,4827,7246,2026-04-06,1742,L9,M,D
40.865034,-105.021775,034,031,4826,7238,2026-04-06,1742,L9,H,D
41.13164,-104.826352,034,031,5373,6251,2026-04-06,1742,L9,H,D
43.281941,-105.896717,034,030,1142,3550,2026-04-06,1742,L9,H,D
43.637383,-104.555608,034,030,4762,2244,2026-04-06,1742,L9,H,D
43.637653,-104.555606,034,030,4762,2243,2026-04-06,1742,L9,H,D
39.757486,-107.136998,034,032,115,6003,2026-04-06,1743,L9,M,D
39.757486,-107.136998,034,033,1455,733,2026-04-06,1743,L9,M,D
39.79742,-104.938735,034,032,6392,5928,2026-04-06,1743,L9,L,D
40.151206,-106.90804,034,032,800,4561,2026-04-06,1743,L9,H,D
40.219361,-104.971147,034,032,6299,4367,2026-04-06,1743,L9,L,D
40.219631,-104.971147,034,032,6299,4366,2026-04-06,1743,L9,H,D
40.219631,-104.970794,034,032,6300,4366,2026-04-06,1743,L9,H,D
40.220173,-104.974672,034,032,6289,4364,2026-04-06,1743,L9,M,D
40.220443,-104.974672,034,032,6289,4363,2026-04-06,1743,L9,H,D
40.862602,-105.021418,034,032,6157,1987,2026-04-06,1743,L9,L,D
40.862872,-105.021418,034,032,6157,1986,2026-04-06,1743,L9,M,D
40.865034,-105.021775,034,032,6156,1978,2026-04-06,1743,L9,H,D
34.56095,-106.779943,034,036,6184,4184,2026-04-06,1744,L9,L,D
34.560955,-106.779616,034,036,6185,4184,2026-04-06,1744,L9,L,D
37.27426,-105.897453,034,034,6255,4718,2026-04-06,1744,L9,L,D
26.527726,-109.090226,034,041,4960,7169,2026-04-06,1746,L9,H,D
26.527996,-109.090222,034,041,4960,7168,2026-04-06,1746,L9,H,D
26.73229,-109.268668,034,041,4357,6422,2026-04-06,1746,L9,L,D
26.732294,-109.26897,034,041,4356,6422,2026-04-06,1746,L9,M,D
26.767538,-109.674511,034,041,3010,6308,2026-04-06,1746,L9,H,D
26.767809,-109.674508,034,041,3010,6307,2026-04-06,1746,L9,H,D
26.826359,-109.801819,034,041,2586,6095,2026-04-06,1746,L9,H,D
26.826361,-109.802121,034,041,2585,6095,2026-04-06,1746,L9,H,D
27.299018,-108.946875,034,041,5390,4313,2026-04-06,1746,L9,H,D
27.299022,-108.947178,034,041,5389,4313,2026-04-06,1746,L9,H,D
27.39278,-110.356171,034,041,739,4017,2026-04-06,1746,L9,L,D
27.482809,-109.898943,034,041,2243,3674,2026-04-06,1746,L9,M,D
27.48308,-109.898941,034,041,2243,3673,2026-04-06,1746,L9,H,D
25.712384,-108.914815,034,042,6731,4841,2026-04-06,1747,L9,H,D
25.735592,-109.400888,034,042,5104,4778,2026-04-06,1747,L9,M,D
25.735595,-109.401187,034,042,5103,4778,2026-04-06,1747,L9,H,D
25.813503,-108.866676,034,042,6886,4465,2026-04-06,1747,L9,L,D
26.175546,-109.038682,034,042,6291,3137,2026-04-06,1747,L9,M,D
26.269407,-108.754495,034,042,7232,2775,2026-04-06,1747,L9,H,D
26.269411,-108.754795,034,042,7231,2775,2026-04-06,1747,L9,H,D
26.269416,-108.755096,034,042,7230,2775,2026-04-06,1747,L9,H,D
26.269677,-108.75449,034,042,7232,2774,2026-04-06,1747,L9,H,D
26.269682,-108.75479,034,042,7231,2774,2026-04-06,1747,L9,H,D
26.269687,-108.75509,034,042,7230,2774,2026-04-06,1747,L9,H,D
26.527726,-109.090226,034,042,6100,1839,2026-04-06,1747,L9,H,D
26.527996,-109.090222,034,042,6100,1838,2026-04-06,1747,L9,H,D
26.670562,-108.871156,034,042,6819,1300,2026-04-06,1747,L9,L,D
26.73229,-109.268668,034,042,5497,1092,2026-04-06,1747,L9,L,D
26.732294,-109.26897,034,042,5496,1092,2026-04-06,1747,L9,L,D
26.767538,-109.674511,034,042,4150,978,2026-04-06,1747,L9,H,D
26.767809,-109.674508,034,042,4150,977,2026-04-06,1747,L9,H,D
26.826359,-109.801819,034,042,3726,765,2026-04-06,1747,L9,H,D
26.826361,-109.802121,034,042,3725,765,2026-04-06,1747,L9,H,D
56.963806,-111.469275,042,020,3236,5332,2026-04-06,1827,L8,L,D
57.003924,-111.479658,042,020,3216,5183,2026-04-06,1827,L8,M,D
57.004193,-111.479661,042,020,3216,5182,2026-04-06,1827,L8,M,D
57.006638,-111.474754,042,020,3226,5173,2026-04-06,1827,L8,M,D
57.00798,-111.476252,042,020,3223,5168,2026-04-06,1827,L8,H,D
57.007981,-111.475759,042,020,3224,5168,2026-04-06,1827,L8,H,D
57.007983,-111.475265,042,020,3225,5168,2026-04-06,1827,L8,H,D
57.008249,-111.476256,042,020,3223,5167,2026-04-06,1827,L8,H,D
57.008253,-111.475268,042,020,3225,5167,2026-04-06,1827,L8,H,D
57.00852,-111.475765,042,020,3224,5166,2026-04-06,1827,L8,M,D
57.008522,-111.475272,042,020,3225,5166,2026-04-06,1827,L8,H,D
57.008788,-111.476263,042,020,3223,5165,2026-04-06,1827,L8,H,D
57.00879,-111.475769,042,020,3224,5165,2026-04-06,1827,L8,H,D
57.009059,-111.475772,042,020,3224,5164,2026-04-06,1827,L8,H,D
57.009061,-111.475278,042,020,3225,5164,2026-04-06,1827,L8,M,D
57.009329,-111.475776,042,020,3224,5163,2026-04-06,1827,L8,M,D
57.042035,-111.636383,042,020,2900,5039,2026-04-06,1827,L8,L,D
57.042037,-111.635889,042,020,2901,5039,2026-04-06,1827,L8,H,D
57.04204,-111.635394,042,020,2902,5039,2026-04-06,1827,L8,H,D
57.042304,-111.636388,042,020,2900,5038,2026-04-06,1827,L8,H,D
57.042309,-111.635399,042,020,2902,5038,2026-04-06,1827,L8,H,D
57.042574,-111.636392,042,020,2900,5037,2026-04-06,1827,L8,H,D
57.042576,-111.635898,042,020,2901,5037,2026-04-06,1827,L8,H,D
57.042579,-111.635404,042,020,2902,5037,2026-04-06,1827,L8,H,D
57.341386,-111.746721,042,020,2689,3926,2026-04-06,1827,L8,H,D
49.695259,-114.895556,042,025,3086,6098,2026-04-06,1829,L8,H,D
49.695528,-114.895544,042,025,3086,6097,2026-04-06,1829,L8,H,D
49.784512,-115.747325,042,025,1033,5813,2026-04-06,1829,L8,L,D
49.784782,-115.747318,042,025,1033,5812,2026-04-06,1829,L8,H,D
49.969263,-114.915843,042,025,3009,5084,2026-04-06,1829,L8,L,D
49.969533,-114.915831,042,025,3009,5083,2026-04-06,1829,L8,M,D
45.419935,-117.361272,042,028,945,6185,2026-04-06,1830,L8,H,D
45.419936,-117.360889,042,028,946,6185,2026-04-06,1830,L8,M,D
45.420206,-117.36089,042,028,946,6184,2026-04-06,1830,L8,L,D
45.526269,-117.453769,042,028,706,5790,2026-04-06,1830,L8,H,D
45.988345,-116.003789,042,028,4459,4066,2026-04-06,1830,L8,H,D
46.169344,-115.868782,042,028,4798,3391,2026-04-06,1830,L8,H,D
46.169614,-115.868776,042,028,4798,3390,2026-04-06,1830,L8,L,D
46.411702,-116.739708,042,028,2554,2513,2026-04-06,1830,L8,H,D
46.503515,-116.340844,042,028,3573,2167,2026-04-06,1830,L8,M,D
46.503783,-116.340449,042,028,3574,2166,2026-04-06,1830,L8,M,D
46.503785,-116.34084,042,028,3573,2166,2026-04-06,1830,L8,M,D
46.509175,-117.066542,042,028,1717,2153,2026-04-06,1830,L8,L,D
46.509175,-117.066151,042,028,1718,2153,2026-04-06,1830,L8,H,D
46.531453,-116.602608,042,028,2903,2068,2026-04-06,1830,L8,H,D
46.531454,-116.603,042,028,2902,2068,2026-04-06,1830,L8,H,D
46.531723,-116.602607,042,028,2903,2067,2026-04-06,1830,L8,H,D
46.531724,-116.602998,042,028,2902,2067,2026-04-06,1830,L8,L,D
46.533239,-116.447676,042,028,3299,2059,2026-04-06,1830,L8,L,D
46.627173,-116.970282,042,028,1963,1716,2026-04-06,1830,L8,H,D
46.627443,-116.970282,042,028,1963,1715,2026-04-06,1830,L8,H,D
46.721022,-116.843039,042,028,2287,1368,2026-04-06,1830,L8,L,D
46.725127,-117.109207,042,028,1609,1353,2026-04-06,1830,L8,M,D
47.07201,-116.32873,042,027,2286,5331,2026-04-06,1830,L8,M,D
47.107456,-116.391548,042,027,2126,5201,2026-04-06,1830,L8,L,D
47.107458,-116.391944,042,027,2125,5201,2026-04-06,1830,L8,L,D
47.201714,-116.513658,042,027,1815,4854,2026-04-06,1830,L8,H,D
47.214665,-114.997276,042,027,5642,4745,2026-04-06,1830,L8,M,D
47.325607,-116.396988,042,027,2106,4393,2026-04-06,1830,L8,H,D
47.489766,-114.937052,042,027,5767,3722,2026-04-06,1830,L8,H,D
47.531789,-116.931113,042,027,760,3635,2026-04-06,1830,L8,L,D
47.532059,-116.931112,042,027,760,3634,2026-04-06,1830,L8,M,D
47.543923,-116.384123,042,027,2132,3584,2026-04-06,1830,L8,L,D
47.569319,-116.745593,042,027,1225,3495,2026-04-06,1830,L8,M,D
47.569588,-116.745193,042,027,1226,3494,2026-04-06,1830,L8,H,D
47.569589,-116.745592,042,027,1225,3494,2026-04-06,1830,L8,H,D
47.606286,-115.36636,042,027,4680,3316,2026-04-06,1830,L8,M,D
47.606292,-115.366759,042,027,4679,3316,2026-04-06,1830,L8,L,D
47.630723,-116.812383,042,027,1057,3268,2026-04-06,1830,L8,M,D
47.630993,-116.812382,042,027,1057,3267,2026-04-06,1830,L8,H,D
47.630994,-116.812781,042,027,1056,3267,2026-04-06,1830,L8,L,D
47.631263,-116.812381,042,027,1057,3266,2026-04-06,1830,L8,H,D
47.631533,-116.81238,042,027,1057,3265,2026-04-06,1830,L8,H,D
47.680765,-116.894144,042,027,852,3083,2026-04-06,1830,L8,M,D
47.687684,-114.658199,042,027,6445,2969,2026-04-06,1830,L8,H,D
47.764321,-116.681789,042,027,1382,2772,2026-04-06,1830,L8,M,D
47.822406,-116.834137,042,027,1001,2558,2026-04-06,1830,L8,M,D
47.824791,-116.806073,042,027,1071,2549,2026-04-06,1830,L8,H,D
47.825061,-116.806072,042,027,1071,2548,2026-04-06,1830,L8,H,D
47.833019,-116.735889,042,027,1246,2518,2026-04-06,1830,L8,H,D
47.847861,-116.734209,042,027,1250,2463,2026-04-06,1830,L8,H,D
47.847862,-116.73461,042,027,1249,2463,2026-04-06,1830,L8,M,D
47.848131,-116.734208,042,027,1250,2462,2026-04-06,1830,L8,H,D
47.905755,-116.679719,042,027,1385,2248,2026-04-06,1830,L8,M,D
47.906024,-116.679316,042,027,1386,2247,2026-04-06,1830,L8,M,D
47.906025,-116.679717,042,027,1385,2247,2026-04-06,1830,L8,H,D
47.968038,-116.762934,042,027,1177,2018,2026-04-06,1830,L8,M,D
47.97566,-116.796263,042,027,1094,1990,2026-04-06,1830,L8,M,D
47.986198,-114.220502,042,027,7500,1827,2026-04-06,1830,L8,M,D
47.986198,-114.220502,042,026,6210,7107,2026-04-06,1830,L8,M,D
47.987104,-114.224474,042,027,7490,1824,2026-04-06,1830,L8,M,D
47.987104,-114.224474,042,026,6200,7104,2026-04-06,1830,L8,M,D
47.987114,-114.224876,042,026,6199,7104,2026-04-06,1830,L8,M,D
47.987114,-114.224876,042,027,7489,1824,2026-04-06,1830,L8,M,D
47.987381,-114.213602,042,026,6227,7102,2026-04-06,1830,L8,M,D
47.987381,-114.213602,042,027,7517,1822,2026-04-06,1830,L8,M,D
47.989871,-116.50067,042,027,1829,1934,2026-04-06,1830,L8,H,D
47.99014,-116.500668,042,027,1829,1933,2026-04-06,1830,L8,L,D
48.000702,-114.692325,042,027,6325,1812,2026-04-06,1830,L8,M,D
48.000702,-114.692325,042,026,5035,7092,2026-04-06,1830,L8,M,D
48.006659,-114.775326,042,027,6118,1796,2026-04-06,1830,L8,M,D
48.006659,-114.775326,042,026,4828,7076,2026-04-06,1830,L8,M,D
48.006684,-116.672659,042,027,1401,1874,2026-04-06,1830,L8,M,D
48.006928,-114.775314,042,027,6118,1795,2026-04-06,1830,L8,L,D
48.006928,-114.775314,042,026,4828,7075,2026-04-06,1830,L8,M,D
48.006954,-116.672657,042,027,1401,1873,2026-04-06,1830,L8,H,D
48.006955,-116.673059,042,027,1400,1873,2026-04-06,1830,L8,H,D
48.033448,-115.926782,042,027,3254,1758,2026-04-06,1830,L8,L,D
48.070256,-116.55426,042,027,1694,1637,2026-04-06,1830,L8,L,D
48.070524,-116.553855,042,027,1695,1636,2026-04-06,1830,L8,H,D
48.070526,-116.554258,042,027,1694,1636,2026-04-06,1830,L8,H,D
48.146712,-116.214812,042,027,2534,1347,2026-04-06,1830,L8,H,D
48.146712,-116.214812,042,026,1244,6627,2026-04-06,1830,L8,H,D
48.146982,-116.214808,042,026,1244,6626,2026-04-06,1830,L8,H,D
48.146982,-116.214808,042,027,2534,1346,2026-04-06,1830,L8,H,D
48.164379,-114.370264,042,026,5815,6460,2026-04-06,1830,L8,H,D
48.164389,-114.370667,042,026,5814,6460,2026-04-06,1830,L8,H,D
48.181662,-116.700201,042,027,1330,1226,2026-04-06,1830,L8,M,D
48.195185,-116.280279,042,027,2370,1169,2026-04-06,1830,L8,L,D
48.195185,-116.280279,042,026,1080,6449,2026-04-06,1830,L8,L,D
48.195187,-116.280682,042,026,1079,6449,2026-04-06,1830,L8,H,D
48.195187,-116.280682,042,027,2369,1169,2026-04-06,1830,L8,H,D
48.195455,-116.280275,042,026,1080,6448,2026-04-06,1830,L8,M,D
48.195455,-116.280275,042,027,2370,1168,2026-04-06,1830,L8,M,D
48.195457,-116.280678,042,027,2369,1168,2026-04-06,1830,L8,H,D
48.195457,-116.280678,042,026,1079,6448,2026-04-06,1830,L8,H,D
48.19573,-116.281078,042,026,1078,6447,2026-04-06,1830,L8,L,D
48.19573,-116.281078,042,027,2368,1167,2026-04-06,1830,L8,L,D
48.196002,-116.281478,042,027,2367,1166,2026-04-06,1830,L8,M,D
48.196002,-116.281478,042,026,1077,6446,2026-04-06,1830,L8,M,D
48.196783,-114.394445,042,026,5751,6342,2026-04-06,1830,L8,M,D
48.202694,-114.465618,042,026,5574,6326,2026-04-06,1830,L8,M,D
48.242079,-115.472285,042,027,4368,966,2026-04-06,1830,L8,M,D
48.242079,-115.472285,042,026,3078,6246,2026-04-06,1830,L8,M,D
48.243131,-115.470233,042,027,4373,962,2026-04-06,1830,L8,M,D
48.243131,-115.470233,042,026,3083,6242,2026-04-06,1830,L8,M,D
48.243137,-115.470637,042,027,4372,962,2026-04-06,1830,L8,M,D
48.243137,-115.470637,042,026,3082,6242,2026-04-06,1830,L8,M,D
48.247598,-115.481415,042,027,4345,946,2026-04-06,1830,L8,M,D
48.247598,-115.481415,042,026,3055,6226,2026-04-06,1830,L8,M,D
48.247868,-115.481407,042,027,4345,945,2026-04-06,1830,L8,M,D
48.247868,-115.481407,042,026,3055,6225,2026-04-06,1830,L8,M,D
48.268845,-114.417871,042,026,5684,6077,2026-04-06,1830,L8,L,D
48.268854,-114.418275,042,026,5683,6077,2026-04-06,1830,L8,H,D
48.269124,-114.418261,042,026,5683,6076,2026-04-06,1830,L8,M,D
48.297393,-114.439086,042,026,5628,5973,2026-04-06,1830,L8,H,D
48.300568,-114.317959,042,026,5927,5951,2026-04-06,1830,L8,H,D
48.317781,-115.544486,042,027,4184,689,2026-04-06,1830,L8,L,D
48.318331,-115.54528,042,027,4182,687,2026-04-06,1830,L8,M,D
48.318331,-115.54528,042,026,2892,5967,2026-04-06,1830,L8,M,D
48.348418,-116.409718,042,027,2045,604,2026-04-06,1830,L8,M,D
48.348418,-116.409718,042,026,755,5884,2026-04-06,1830,L8,M,D
48.374066,-114.344485,042,026,5852,5681,2026-04-06,1830,L8,M,D
48.381824,-114.053536,042,026,6569,5626,2026-04-06,1830,L8,M,D
48.389602,-115.830566,042,026,2183,5715,2026-04-06,1830,L8,L,D
48.389606,-115.830971,042,026,2182,5715,2026-04-06,1830,L8,H,D
48.389889,-115.83218,042,026,2179,5714,2026-04-06,1830,L8,L,D
48.433993,-114.309722,042,026,5930,5456,2026-04-06,1830,L8,H,D
48.437165,-115.891128,042,026,2031,5541,2026-04-06,1830,L8,H,D
48.440238,-114.393369,042,026,5723,5440,2026-04-06,1830,L8,L,D
48.796461,-114.331236,042,026,5830,4115,2026-04-06,1830,L8,L,D
48.924347,-115.105907,042,026,3922,3698,2026-04-06,1830,L8,H,D
48.924617,-115.105897,042,026,3922,3697,2026-04-06,1830,L8,H,D
48.924887,-115.105887,042,026,3922,3696,2026-04-06,1830,L8,M,D
48.925157,-115.105877,042,026,3922,3695,2026-04-06,1830,L8,L,D
48.975369,-115.074045,042,026,3995,3507,2026-04-06,1830,L8,M,D
48.975639,-115.074035,042,026,3995,3506,2026-04-06,1830,L8,H,D
48.975908,-115.074024,042,026,3995,3505,2026-04-06,1830,L8,H,D
48.975915,-115.074434,042,026,3994,3505,2026-04-06,1830,L8,H,D
48.976178,-115.074014,042,026,3995,3504,2026-04-06,1830,L8,H,D
48.976185,-115.074424,042,026,3994,3504,2026-04-06,1830,L8,H,D
48.976192,-115.074834,042,026,3993,3504,2026-04-06,1830,L8,M,D
48.976455,-115.074413,042,026,3994,3503,2026-04-06,1830,L8,H,D
48.976461,-115.074823,042,026,3993,3503,2026-04-06,1830,L8,H,D
48.976717,-115.073993,042,026,3995,3502,2026-04-06,1830,L8,H,D
48.976724,-115.074403,042,026,3994,3502,2026-04-06,1830,L8,H,D
48.976731,-115.074813,042,026,3993,3502,2026-04-06,1830,L8,H,D
48.976987,-115.073983,042,026,3995,3501,2026-04-06,1830,L8,H,D
48.976994,-115.074393,042,026,3994,3501,2026-04-06,1830,L8,H,D
48.977001,-115.074802,042,026,3993,3501,2026-04-06,1830,L8,H,D
48.977008,-115.075212,042,026,3992,3501,2026-04-06,1830,L8,H,D
48.977257,-115.073972,042,026,3995,3500,2026-04-06,1830,L8,M,D
48.977264,-115.074382,042,026,3994,3500,2026-04-06,1830,L8,H,D
48.977271,-115.074792,042,026,3993,3500,2026-04-06,1830,L8,H,D
49.201727,-115.238246,042,026,3575,2678,2026-04-06,1830,L8,H,D
49.25968,-115.854672,042,026,2075,2492,2026-04-06,1830,L8,M,D
49.36375,-115.262627,042,026,3502,2079,2026-04-06,1830,L8,H,D
49.363756,-115.26304,042,026,3501,2079,2026-04-06,1830,L8,H,D
49.364014,-115.262204,042,026,3503,2078,2026-04-06,1830,L8,M,D
49.36402,-115.262617,042,026,3502,2078,2026-04-06,1830,L8,H,D
49.364026,-115.26303,042,026,3501,2078,2026-04-06,1830,L8,H,D
49.364283,-115.262195,042,026,3503,2077,2026-04-06,1830,L8,H,D
49.36429,-115.262608,042,026,3502,2077,2026-04-06,1830,L8,L,D
49.364553,-115.262185,042,026,3503,2076,2026-04-06,1830,L8,M,D
49.392592,-115.260369,042,026,3505,1972,2026-04-06,1830,L8,L,D
49.489993,-115.813267,042,026,2162,1637,2026-04-06,1830,L8,L,D
49.695259,-114.895556,042,026,4356,828,2026-04-06,1830,L8,H,D
49.695528,-114.895544,042,026,4356,827,2026-04-06,1830,L8,H,D
49.784512,-115.747325,042,026,2303,543,2026-04-06,1830,L8,L,D
49.784782,-115.747318,042,026,2303,542,2026-04-06,1830,L8,H,D
43.69869,-116.286723,042,029,5123,7292,2026-04-06,1831,L8,H,D
43.704535,-116.685805,042,029,4051,7277,2026-04-06,1831,L8,H,D
43.704805,-116.685803,042,029,4051,7276,2026-04-06,1831,L8,H,D
43.820027,-116.953803,042,029,3331,6851,2026-04-06,1831,L8,L,D
43.820297,-116.953803,042,029,3331,6850,2026-04-06,1831,L8,H,D
43.890293,-116.657565,042,029,4124,6589,2026-04-06,1831,L8,L,D
43.910376,-116.193036,042,029,5367,6506,2026-04-06,1831,L8,H,D
43.927771,-116.733965,042,029,3919,6451,2026-04-06,1831,L8,H,D
43.928041,-116.733964,042,029,3919,6450,2026-04-06,1831,L8,L,D
43.9583,-117.362021,042,029,2239,6337,2026-04-06,1831,L8,H,D
43.958301,-117.361647,042,029,2240,6337,2026-04-06,1831,L8,H,D
44.005712,-117.190915,042,029,2697,6163,2026-04-06,1831,L8,H,D
44.005982,-117.190916,042,029,2697,6162,2026-04-06,1831,L8,H,D
44.055455,-117.297068,042,029,2414,5978,2026-04-06,1831,L8,M,D
44.705754,-116.407392,042,029,4772,3566,2026-04-06,1831,L8,M,D
44.705756,-116.407771,042,029,4771,3566,2026-04-06,1831,L8,M,D
44.706024,-116.40739,042,029,4772,3565,2026-04-06,1831,L8,M,D
44.706026,-116.407768,042,029,4771,3565,2026-04-06,1831,L8,M,D
44.706292,-116.407008,042,029,4773,3564,2026-04-06,1831,L8,H,D
44.706294,-116.407387,042,029,4772,3564,2026-04-06,1831,L8,H,D
44.70656,-116.406627,042,029,4774,3563,2026-04-06,1831,L8,M,D
44.706562,-116.407005,042,029,4773,3563,2026-04-06,1831,L8,M,D
44.708497,-116.818277,042,029,3687,3561,2026-04-06,1831,L8,H,D
44.708767,-116.818276,042,029,3687,3560,2026-04-06,1831,L8,H,D
44.708768,-116.818655,042,029,3686,3560,2026-04-06,1831,L8,L,D
44.709037,-116.818275,042,029,3687,3559,2026-04-06,1831,L8,M,D
44.709038,-116.818654,042,029,3686,3559,2026-04-06,1831,L8,M,D
44.751338,-117.820221,042,029,1043,3392,2026-04-06,1831,L8,H,D
45.419935,-117.361272,042,029,2265,925,2026-04-06,1831,L8,H,D
45.419936,-117.360889,042,029,2266,925,2026-04-06,1831,L8,M,D
45.420206,-117.36089,042,029,2266,924,2026-04-06,1831,L8,L,D
45.526269,-117.453769,042,029,2026,530,2026-04-06,1831,L8,H,D
38.963022,-118.841125,042,033,3280,3721,2026-04-06,1832,L8,H,D
38.963292,-118.841132,042,033,3280,3720,2026-04-06,1832,L8,H,D
38.963298,-118.840786,042,033,3281,3720,2026-04-06,1832,L8,L,D
39.040383,-119.168248,042,033,2342,3414,2026-04-06,1832,L8,M,D
35.005978,-118.829308,042,035,5783,7836,2026-04-06,1833,L8,H,D
35.005983,-118.828979,042,035,5784,7836,2026-04-06,1833,L8,H,D
35.253752,-119.094676,042,035,4995,6904,2026-04-06,1833,L8,H,D
35.253758,-119.094347,042,035,4996,6904,2026-04-06,1833,L8,H,D
35.330741,-119.004255,042,035,5275,6625,2026-04-06,1833,L8,H,D
35.346749,-118.757735,042,035,6023,6580,2026-04-06,1833,L8,L,D
35.347015,-118.758071,042,035,6022,6579,2026-04-06,1833,L8,M,D
35.34702,-118.757741,042,035,6023,6579,2026-04-06,1833,L8,H,D
35.358501,-120.530554,042,035,653,6393,2026-04-06,1833,L8,L,D
35.422522,-119.273484,042,035,4467,6268,2026-04-06,1833,L8,H,D
35.422792,-119.273491,042,035,4467,6267,2026-04-06,1833,L8,H,D
35.423062,-119.273499,042,035,4467,6266,2026-04-06,1833,L8,L,D
35.539925,-120.61159,042,035,432,5713,2026-04-06,1833,L8,H,D
35.540195,-120.611602,042,035,432,5712,2026-04-06,1833,L8,L,D
35.573757,-120.601198,042,035,468,5589,2026-04-06,1833,L8,L,D
35.618705,-120.625727,042,035,400,5420,2026-04-06,1833,L8,L,D
35.618964,-120.62607,042,035,399,5419,2026-04-06,1833,L8,H,D
35.618974,-120.625739,042,035,400,5419,2026-04-06,1833,L8,H,D
35.618984,-120.625409,042,035,401,5419,2026-04-06,1833,L8,H,D
35.701474,-120.596998,042,035,498,5117,2026-04-06,1833,L8,H,D
35.701484,-120.596667,042,035,499,5117,2026-04-06,1833,L8,H,D
35.701494,-120.596336,042,035,500,5117,2026-04-06,1833,L8,H,D
35.701504,-120.596005,042,035,501,5117,2026-04-06,1833,L8,H,D
35.701744,-120.59701,042,035,498,5116,2026-04-06,1833,L8,H,D
35.701754,-120.596679,042,035,499,5116,2026-04-06,1833,L8,H,D
35.701764,-120.596348,042,035,500,5116,2026-04-06,1833,L8,H,D
35.701774,-120.596017,042,035,501,5116,2026-04-06,1833,L8,H,D
35.702014,-120.597022,042,035,498,5115,2026-04-06,1833,L8,H,D
35.702024,-120.596691,042,035,499,5115,2026-04-06,1833,L8,H,D
35.702034,-120.59636,042,035,500,5115,2026-04-06,1833,L8,H,D
35.702044,-120.596029,042,035,501,5115,2026-04-06,1833,L8,H,D
35.702284,-120.597034,042,035,498,5114,2026-04-06,1833,L8,H,D
35.702294,-120.596703,042,035,499,5114,2026-04-06,1833,L8,H,D
35.702304,-120.596373,042,035,500,5114,2026-04-06,1833,L8,H,D
35.702314,-120.596042,042,035,501,5114,2026-04-06,1833,L8,H,D
35.702324,-120.595711,042,035,502,5114,2026-04-06,1833,L8,H,D
35.702574,-120.596385,042,035,500,5113,2026-04-06,1833,L8,H,D
35.702584,-120.596054,042,035,501,5113,2026-04-06,1833,L8,H,D
35.702594,-120.595723,042,035,502,5113,2026-04-06,1833,L8,H,D
35.702834,-120.596728,042,035,499,5112,2026-04-06,1833,L8,L,D
35.702844,-120.596397,042,035,500,5112,2026-04-06,1833,L8,H,D
35.702854,-120.596066,042,035,501,5112,2026-04-06,1833,L8,H,D
35.702864,-120.595735,042,035,502,5112,2026-04-06,1833,L8,L,D
35.714416,-120.616142,042,035,442,5067,2026-04-06,1833,L8,H,D
35.715927,-118.812235,042,035,5883,5212,2026-04-06,1833,L8,M,D
35.734892,-120.636298,042,035,384,4989,2026-04-06,1833,L8,H,D
35.735013,-120.632325,042,035,396,4989,2026-04-06,1833,L8,H,D
35.735023,-120.631994,042,035,397,4989,2026-04-06,1833,L8,H,D
35.735432,-120.636323,042,035,384,4987,2026-04-06,1833,L8,H,D
35.735702,-120.636335,042,035,384,4986,2026-04-06,1833,L8,H,D
35.735712,-120.636004,042,035,385,4986,2026-04-06,1833,L8,H,D
35.735722,-120.635673,042,035,386,4986,2026-04-06,1833,L8,H,D
35.735992,-120.635685,042,035,386,4985,2026-04-06,1833,L8,H,D
35.736032,-120.634361,042,035,390,4985,2026-04-06,1833,L8,L,D
35.736042,-120.63403,042,035,391,4985,2026-04-06,1833,L8,H,D
35.736052,-120.633699,042,035,392,4985,2026-04-06,1833,L8,H,D
35.736062,-120.633367,042,035,393,4985,2026-04-06,1833,L8,H,D
35.736072,-120.633036,042,035,394,4985,2026-04-06,1833,L8,H,D
35.736082,-120.632705,042,035,395,4985,2026-04-06,1833,L8,H,D
35.736092,-120.632374,042,035,396,4985,2026-04-06,1833,L8,H,D
35.736282,-120.635035,042,035,388,4984,2026-04-06,1833,L8,H,D
35.736292,-120.634704,042,035,389,4984,2026-04-06,1833,L8,H,D
35.736302,-120.634373,042,035,390,4984,2026-04-06,1833,L8,H,D
35.736322,-120.633711,042,035,392,4984,2026-04-06,1833,L8,H,D
35.736332,-120.63338,042,035,393,4984,2026-04-06,1833,L8,H,D
35.736342,-120.633049,042,035,394,4984,2026-04-06,1833,L8,H,D
35.736352,-120.632718,042,035,395,4984,2026-04-06,1833,L8,H,D
35.736362,-120.632386,042,035,396,4984,2026-04-06,1833,L8,H,D
35.736372,-120.632055,042,035,397,4984,2026-04-06,1833,L8,H,D
35.736562,-120.634716,042,035,389,4983,2026-04-06,1833,L8,H,D
35.736572,-120.634385,042,035,390,4983,2026-04-06,1833,L8,H,D
35.736842,-120.634398,042,035,390,4982,2026-04-06,1833,L8,L,D
35.737132,-120.633748,042,035,392,4981,2026-04-06,1833,L8,L,D
35.737432,-120.632767,042,035,395,4980,2026-04-06,1833,L8,H,D
35.737442,-120.632436,042,035,396,4980,2026-04-06,1833,L8,L,D
35.738492,-120.633478,042,035,393,4976,2026-04-06,1833,L8,L,D
35.738502,-120.633147,042,035,394,4976,2026-04-06,1833,L8,H,D
35.738772,-120.633159,042,035,394,4975,2026-04-06,1833,L8,L,D
35.963149,-120.007956,042,035,2305,4209,2026-04-06,1833,L8,H,D
36.242527,-118.678431,042,035,6320,3272,2026-04-06,1833,L8,M,D
36.242793,-118.67877,042,035,6319,3271,2026-04-06,1833,L8,L,D
36.242798,-118.678437,042,035,6320,3271,2026-04-06,1833,L8,H,D
36.242802,-118.678103,042,035,6321,3271,2026-04-06,1833,L8,M,D
36.243068,-118.678442,042,035,6320,3270,2026-04-06,1833,L8,H,D
36.243073,-118.678109,042,035,6321,3270,2026-04-06,1833,L8,H,D
36.243338,-118.678448,042,035,6320,3269,2026-04-06,1833,L8,M,D
36.243879,-118.67846,042,035,6320,3267,2026-04-06,1833,L8,M,D
36.243884,-118.678126,042,035,6321,3267,2026-04-06,1833,L8,M,D
36.244145,-118.678799,042,035,6319,3266,2026-04-06,1833,L8,H,D
36.244149,-118.678466,042,035,6320,3266,2026-04-06,1833,L8,H,D
36.244415,-118.678805,042,035,6319,3265,2026-04-06,1833,L8,M,D
36.24442,-118.678471,042,035,6320,3265,2026-04-06,1833,L8,H,D
36.244424,-118.678138,042,035,6321,3265,2026-04-06,1833,L8,H,D
36.414658,-119.51684,042,035,3825,2581,2026-04-06,1833,L8,H,D
36.414665,-119.516506,042,035,3826,2581,2026-04-06,1833,L8,H,D
36.414672,-119.516172,042,035,3827,2581,2026-04-06,1833,L8,H,D
36.414679,-119.515837,042,035,3828,2581,2026-04-06,1833,L8,H,D
36.414935,-119.516515,042,035,3826,2580,2026-04-06,1833,L8,H,D
36.414942,-119.51618,042,035,3827,2580,2026-04-06,1833,L8,H,D
36.414949,-119.515846,042,035,3828,2580,2026-04-06,1833,L8,H,D
36.422291,-119.448836,042,035,4029,2558,2026-04-06,1833,L8,H,D
36.422562,-119.448845,042,035,4029,2557,2026-04-06,1833,L8,H,D
36.591336,-119.446123,042,035,4053,1933,2026-04-06,1833,L8,H,D
36.598098,-119.446001,042,035,4054,1908,2026-04-06,1833,L8,H,D
36.611601,-120.065832,042,035,2207,1805,2026-04-06,1833,L8,M,D
36.611862,-120.066178,042,035,2206,1804,2026-04-06,1833,L8,H,D
36.611871,-120.065843,042,035,2207,1804,2026-04-06,1833,L8,H,D
36.663883,-120.134347,042,035,2009,1605,2026-04-06,1833,L8,H,D
36.663892,-120.134011,042,035,2010,1605,2026-04-06,1833,L8,L,D
36.664153,-120.134358,042,035,2009,1604,2026-04-06,1833,L8,H,D
36.703268,-119.892203,042,035,2735,1482,2026-04-06,1833,L8,L,D
36.704921,-119.391628,042,034,2846,6777,2026-04-06,1833,L8,H,D
36.704921,-119.391628,042,035,4226,1517,2026-04-06,1833,L8,H,D
36.708096,-119.76882,042,035,3103,1475,2026-04-06,1833,L8,H,D
36.708096,-119.76882,042,034,1723,6735,2026-04-06,1833,L8,H,D
36.738282,-120.059448,042,035,2241,1337,2026-04-06,1833,L8,L,D
36.738552,-120.059458,042,035,2241,1336,2026-04-06,1833,L8,L,D
37.093126,-119.420655,042,034,2796,5339,2026-04-06,1833,L8,H,D
37.093396,-119.420663,042,034,2796,5338,2026-04-06,1833,L8,L,D
37.262666,-119.694641,042,034,2002,4690,2026-04-06,1833,L8,L,D
37.28365,-119.639226,042,034,2168,4617,2026-04-06,1833,L8,H,D
37.333447,-119.76691,042,034,1796,4422,2026-04-06,1833,L8,H,D
37.333455,-119.766572,042,034,1797,4422,2026-04-06,1833,L8,L,D
37.333718,-119.76692,042,034,1796,4421,2026-04-06,1833,L8,M,D
34.149193,-119.215042,042,036,5920,5720,2026-04-06,1834,L8,H,D
34.157451,-119.222091,042,036,5899,5689,2026-04-06,1834,L8,H,D
34.233339,-119.213662,042,036,5931,5409,2026-04-06,1834,L8,H,D
34.481829,-120.131707,042,036,3140,4416,2026-04-06,1834,L8,H,D
34.87701,-120.260154,042,036,2794,2942,2026-04-06,1834,L8,H,D
35.005978,-118.829308,042,036,7163,2576,2026-04-06,1834,L8,H,D
35.005983,-118.828979,042,036,7164,2576,2026-04-06,1834,L8,H,D
35.253752,-119.094676,042,036,6375,1644,2026-04-06,1834,L8,H,D
35.253758,-119.094347,042,036,6376,1644,2026-04-06,1834,L8,H,D
35.287518,-120.707152,042,036,1488,1376,2026-04-06,1834,L8,H,D
35.330741,-119.004255,042,036,6655,1365,2026-04-06,1834,L8,H,D
35.358501,-120.530554,042,036,2033,1133,2026-04-06,1834,L8,L,D
35.539925,-120.61159,042,036,1812,453,2026-04-06,1834,L8,H,D
35.540195,-120.611602,042,036,1812,452,2026-04-06,1834,L8,L,D
35.573757,-120.601198,042,036,1848,329,2026-04-06,1834,L8,L,D
35.618705,-120.625727,042,036,1780,160,2026-04-06,1834,L8,L,D
35.618964,-120.62607,042,036,1779,159,2026-04-06,1834,L8,H,D
35.618974,-120.625739,042,036,1780,159,2026-04-06,1834,L8,H,D
35.618984,-120.625409,042,036,1781,159,2026-04-06,1834,L8,H,D
35.619244,-120.625752,042,036,1780,158,2026-04-06,1834,L8,L,D